customer_id,tenure_months,monthly_spend,monthly_usage_gb,call_minutes,message_count,days_since_last_payment,complaints_count,is_churned,tenure_bucket,usage_per_spend,payment_recency_bucket,plan_premium,plan_standard
CUS0003581,27.0,96.87,2.13,434,288,11,1,0,"(24, 48]",0.021988231650665838,"(7, 30]",True,False
CUS0006294,15.0,19.61,13.41,26,183,44,0,0,"(12, 24]",0.6838347781744009,"(30, 60]",False,False
CUS0000966,57.0,10.3,4.52,115,235,9,0,0,"(48, 72]",0.43883495145631063,"(7, 30]",False,False
CUS0001903,43.0,74.98,4.43,557,150,46,1,0,"(24, 48]",0.059082421979194444,"(30, 60]",True,False
CUS0007646,45.0,25.34,3.47,564,39,10,2,0,"(24, 48]",0.13693764798737176,"(7, 30]",False,False
CUS0001515,21.0,15.83,9.73,801,124,39,1,0,"(12, 24]",0.6146557169930512,"(30, 60]",False,False
CUS0005184,51.0,55.52662624177525,8.57,196,239,36,0,1,"(48, 72]",0.15434036929750278,"(30, 60]",True,False
CUS0006291,53.0,16.5,17.01,946,145,4,2,0,"(48, 72]",1.030909090909091,"(-1, 7]",False,False
CUS0002158,16.0,63.18,12.53,577,198,16,1,0,"(12, 24]",0.1983222538778094,"(7, 30]",False,True
CUS0002578,72.0,54.32,9.02,944,202,2,1,0,"(48, 72]",0.16605301914580264,"(-1, 7]",False,True
CUS0006440,40.0,25.31,9.4,434,277,12,1,0,"(24, 48]",0.37139470564994076,"(7, 30]",False,False
CUS0001859,15.0,83.63,19.96,679,24,43,1,0,"(12, 24]",0.23867033361234008,"(30, 60]",True,False
CUS0003022,38.0,112.78,19.69,633,286,28,1,0,"(24, 48]",0.1745876928533428,"(7, 30]",True,False
CUS0002028,13.0,118.26,13.31,171,145,10,1,0,"(12, 24]",0.11254862168104177,"(7, 30]",True,False
CUS0003293,42.0,56.54,7.38,541,222,51,4,1,"(24, 48]",0.13052706048815,"(30, 60]",False,True
CUS0005763,30.0,18.38,2.54,825,52,22,0,0,"(24, 48]",0.1381936887921654,"(7, 30]",False,False
CUS0002423,53.0,32.6,7.09,286,80,29,2,1,"(48, 72]",0.2174846625766871,"(7, 30]",False,True
CUS0002771,5.0,44.44,6.76,384,67,38,4,1,"(0, 6]",0.15211521152115212,"(30, 60]",False,True
CUS0000817,31.0,55.52662624177525,4.46,508,14,18,2,1,"(24, 48]",0.08032182579543318,"(7, 30]",True,False
CUS0002832,13.0,65.91,3.99,775,25,10,0,0,"(12, 24]",0.060537096040054625,"(7, 30]",False,True
CUS0001259,32.0,18.39,10.44,333,155,8,0,0,"(24, 48]",0.567699836867863,"(7, 30]",False,False
CUS0000603,39.0,28.45,0.0,349,262,0,1,0,"(24, 48]",0.0,"(-1, 7]",False,False
CUS0000467,42.0,27.83,8.218195789745577,191,243,52,0,0,"(24, 48]",0.2952998846477031,"(30, 60]",False,False
CUS0003324,1.0,31.8,2.67,945,44,2,0,0,"(0, 6]",0.08396226415094339,"(-1, 7]",False,True
CUS0007349,23.0,11.38,16.66,973,210,38,5,1,"(12, 24]",1.4639718804920914,"(30, 60]",False,False
CUS0007087,6.0,22.75,8.218195789745577,603,170,7,1,0,"(0, 6]",0.361239375373432,"(-1, 7]",False,False
CUS0001571,24.0,116.72,12.61,476,150,30,5,0,"(12, 24]",0.10803632625085675,"(7, 30]",True,False
CUS0003128,4.0,49.17,13.69,690,25,23,7,1,"(0, 6]",0.27842180191173477,"(7, 30]",False,True
CUS0000676,43.0,19.36,12.25,703,206,10,0,0,"(24, 48]",0.6327479338842975,"(7, 30]",False,False
CUS0001124,71.0,26.36,9.54,365,250,27,0,0,"(48, 72]",0.3619119878603945,"(7, 30]",False,False
CUS0005948,26.0,43.63885951963101,0.0,822,85,33,6,1,"(24, 48]",0.0,"(30, 60]",True,False
CUS0007149,13.0,69.25,12.86,114,38,17,2,1,"(12, 24]",0.18570397111913356,"(7, 30]",False,True
CUS0005495,19.0,80.57,14.88,496,75,43,0,0,"(12, 24]",0.18468412560506395,"(30, 60]",True,False
CUS0007998,70.0,13.68,0.0,558,37,19,5,1,"(48, 72]",0.0,"(7, 30]",False,False
CUS0002160,5.0,12.19,0.0,753,273,86,0,0,"(0, 6]",0.0,,False,False
CUS0003124,45.0,26.01,8.02,613,255,27,0,1,"(24, 48]",0.3083429450211457,"(7, 30]",False,False
CUS0007783,19.0,23.04,2.9,462,208,21,1,0,"(12, 24]",0.12586805555555555,"(7, 30]",False,False
CUS0007112,32.0,15.1,4.52,299,223,7,0,0,"(24, 48]",0.2993377483443708,"(-1, 7]",False,False
CUS0007092,57.0,15.23,2.02,604,99,9,1,0,"(48, 72]",0.13263296126066973,"(7, 30]",False,False
CUS0004489,45.0,55.52662624177525,7.49,888,248,25,5,0,"(24, 48]",0.13489024107798084,"(7, 30]",False,False
CUS0001619,23.0,47.11,6.12,549,107,15,5,1,"(12, 24]",0.1299087242623647,"(7, 30]",False,True
CUS0003844,23.0,11.27,3.17,402,297,35,5,0,"(12, 24]",0.28127772848269744,"(30, 60]",False,False
CUS0001682,30.0,13.78,5.23,456,105,58,2,1,"(24, 48]",0.37953555878084183,"(30, 60]",False,False
CUS0005715,61.0,18.79,2.1,855,152,58,0,0,"(48, 72]",0.11176157530601384,"(30, 60]",False,False
CUS0004861,52.0,34.83,1.38,724,283,5,1,0,"(48, 72]",0.03962101636520241,"(-1, 7]",False,True
CUS0001377,9.0,66.21,2.86,210,140,29,1,0,"(6, 12]",0.043195891859235766,"(7, 30]",False,True
CUS0001066,58.0,109.61,6.36,9,216,6,0,0,"(48, 72]",0.058023902928564915,"(-1, 7]",True,False
CUS0007946,60.0,25.69,8.08,893,78,28,2,0,"(48, 72]",0.3145192681977423,"(7, 30]",False,False
CUS0005536,47.0,19.17,0.0,92,40,17,0,0,"(24, 48]",0.0,"(7, 30]",False,False
CUS0002940,32.0,29.32,8.74,701,207,33,0,0,"(24, 48]",0.2980900409276944,"(30, 60]",False,False
CUS0004450,50.0,67.24,0.0,469,197,38,0,0,"(48, 72]",0.0,"(30, 60]",False,True
CUS0003048,72.0,65.7,1.87,185,191,54,2,0,"(48, 72]",0.028462709284627092,"(30, 60]",False,True
CUS0004171,64.0,38.05,2.42,780,47,3,2,0,"(48, 72]",0.06360052562417871,"(-1, 7]",False,True
CUS0004605,29.0,28.21,7.45,848,161,21,0,0,"(24, 48]",0.2640907479617157,"(7, 30]",False,False
CUS0007587,57.0,74.65,0.59,949,206,17,0,0,"(48, 72]",0.007903549899531145,"(7, 30]",True,False
CUS0007769,26.0,13.73,8.44,720,267,35,0,1,"(24, 48]",0.6147123088128186,"(30, 60]",False,False
CUS0004385,22.0,41.13,18.39,895,130,10,1,0,"(12, 24]",0.4471188913202042,"(7, 30]",False,True
CUS0007333,54.0,18.05,14.25,6,79,14,3,0,"(48, 72]",0.7894736842105263,"(7, 30]",False,False
CUS0005061,29.0,28.22,15.17,636,131,40,1,0,"(24, 48]",0.53756201275691,"(30, 60]",False,False
CUS0002565,63.0,15.72,9.31,762,40,52,1,0,"(48, 72]",0.5922391857506362,"(30, 60]",False,False
CUS0002908,64.0,44.66,7.16,713,100,31,2,0,"(48, 72]",0.16032243618450517,"(30, 60]",False,True
CUS0006629,40.0,42.7,0.0,743,62,41,0,1,"(24, 48]",0.0,"(30, 60]",False,True
CUS0006787,25.0,24.78,0.0,782,248,26,2,1,"(24, 48]",0.0,"(7, 30]",False,False
CUS0002724,52.0,21.13,4.73,837,294,5,0,0,"(48, 72]",0.22385234264079512,"(-1, 7]",False,False
CUS0007002,67.0,28.47,5.96,993,111,67,0,0,"(48, 72]",0.20934316824727783,,False,False
CUS0002755,2.0,65.16,11.34,665,120,7,7,1,"(0, 6]",0.17403314917127072,"(-1, 7]",False,True
CUS0007196,7.0,15.37,0.0,264,237,29,0,0,"(6, 12]",0.0,"(7, 30]",False,False
CUS0002344,55.0,20.98,21.36,834,292,21,1,0,"(48, 72]",1.0181124880838894,"(7, 30]",False,False
CUS0000983,13.0,22.68,12.2,503,216,17,0,1,"(12, 24]",0.5379188712522046,"(7, 30]",False,False
CUS0003666,48.0,21.19,7.36,984,217,18,2,0,"(24, 48]",0.3473336479471449,"(7, 30]",False,False
CUS0006160,35.0,11.0,9.55,637,22,61,1,1,"(24, 48]",0.8681818181818183,,False,False
CUS0005042,9.0,35.5,6.08,543,20,33,3,0,"(6, 12]",0.1712676056338028,"(30, 60]",False,True
CUS0003882,68.0,26.85,11.64,217,36,13,0,0,"(48, 72]",0.4335195530726257,"(7, 30]",False,False
CUS0005854,18.0,35.57,9.64,944,290,14,0,0,"(12, 24]",0.2710149001967951,"(7, 30]",False,True
CUS0002782,3.0,16.84,2.21,451,16,25,3,0,"(0, 6]",0.13123515439429928,"(7, 30]",False,False
CUS0000673,19.0,19.89,1.13,945,73,17,1,0,"(12, 24]",0.05681246857717445,"(7, 30]",False,False
CUS0005697,37.0,20.13,2.44,256,119,22,0,0,"(24, 48]",0.12121212121212122,"(7, 30]",False,False
CUS0005228,36.56668337929305,25.01,13.99,14,180,23,0,1,"(24, 48]",0.5593762495001999,"(7, 30]",False,False
CUS0000420,22.0,23.72,5.9,844,147,16,2,0,"(12, 24]",0.24873524451939294,"(7, 30]",False,False
CUS0002186,60.0,13.63,3.83,637,64,8,3,1,"(48, 72]",0.280997798972854,"(7, 30]",False,False
CUS0000324,4.0,14.28,16.88,434,20,17,1,0,"(0, 6]",1.1820728291316527,"(7, 30]",False,False
CUS0001339,44.0,40.75,7.1,238,125,36,2,1,"(24, 48]",0.17423312883435582,"(30, 60]",False,True
CUS0002103,68.0,118.7,9.29,851,100,39,0,0,"(48, 72]",0.07826453243470934,"(30, 60]",True,False
CUS0007277,68.0,25.53,9.17,360,132,37,0,0,"(48, 72]",0.35918527222875046,"(30, 60]",False,False
CUS0000840,12.0,15.47,3.73,753,206,37,0,1,"(6, 12]",0.24111182934712344,"(30, 60]",False,False
CUS0001842,33.0,50.62,1.36,719,193,11,5,0,"(24, 48]",0.02686685104701699,"(7, 30]",False,True
CUS0007938,32.0,29.88,4.65,24,288,27,1,0,"(24, 48]",0.15562248995983938,"(7, 30]",False,False
CUS0003571,60.0,24.51,17.37,463,111,28,2,0,"(48, 72]",0.7086903304773562,"(7, 30]",False,False
CUS0000691,45.0,29.44,12.04,331,119,11,7,1,"(24, 48]",0.4089673913043478,"(7, 30]",False,False
CUS0003287,57.0,82.5,6.21,592,280,55,0,1,"(48, 72]",0.07527272727272727,"(30, 60]",True,False
CUS0007579,48.0,20.16,12.24,106,97,20,3,0,"(24, 48]",0.6071428571428571,"(7, 30]",False,False
CUS0002164,68.0,12.09,14.06,74,98,35,0,0,"(48, 72]",1.162944582299421,"(30, 60]",False,False
CUS0007022,36.0,53.87,8.75,119,34,53,2,0,"(24, 48]",0.1624280675700761,"(30, 60]",False,True
CUS0000448,33.0,54.55,7.03,125,45,17,3,1,"(24, 48]",0.12887259395050413,"(7, 30]",False,True
CUS0003152,20.0,32.97,3.33,851,214,50,0,0,"(12, 24]",0.10100090991810738,"(30, 60]",False,True
CUS0007981,70.0,12.43,10.06,410,123,32,1,0,"(48, 72]",0.8093322606596943,"(30, 60]",False,False
CUS0001040,2.0,29.52,6.51,992,44,32,0,0,"(0, 6]",0.22052845528455284,"(30, 60]",False,False
CUS0005381,58.0,25.75,8.218195789745577,29,101,20,1,0,"(48, 72]",0.3191532345532263,"(7, 30]",False,False
CUS0004523,49.0,90.44,5.01,767,252,66,1,0,"(48, 72]",0.055395842547545336,,True,False
CUS0000503,29.0,83.72,7.59,595,21,10,1,0,"(24, 48]",0.09065934065934066,"(7, 30]",True,False
CUS0006871,9.0,71.29,12.28,414,221,68,0,0,"(6, 12]",0.17225417309580585,,True,False
CUS0006655,13.0,12.36,8.51,726,142,32,1,0,"(12, 24]",0.6885113268608415,"(30, 60]",False,False
CUS0005544,72.0,83.77,1.92,325,123,70,2,0,"(48, 72]",0.022919899725438703,,True,False
CUS0003658,23.0,19.59,4.94,942,62,8,1,0,"(12, 24]",0.2521694742215416,"(7, 30]",False,False
CUS0004909,18.0,101.84,8.218195789745577,401,248,34,0,0,"(12, 24]",0.08069713069270991,"(30, 60]",True,False
CUS0007528,52.0,69.54,0.39,136,296,20,2,0,"(48, 72]",0.005608283002588438,"(7, 30]",False,True
CUS0002462,41.0,89.53,5.19,855,89,15,0,0,"(24, 48]",0.05796939573327377,"(7, 30]",True,False
CUS0000387,37.0,55.52662624177525,0.0,533,273,8,1,0,"(24, 48]",0.0,"(7, 30]",False,False
CUS0007193,25.0,17.27,10.78,997,107,5,5,0,"(24, 48]",0.6242038216560509,"(-1, 7]",False,False
CUS0002187,45.0,11.11,0.0,728,14,2,1,0,"(24, 48]",0.0,"(-1, 7]",False,False
CUS0001286,60.0,21.56,0.0,305,89,31,3,1,"(48, 72]",0.0,"(30, 60]",False,False
CUS0002478,38.0,11.31,0.71,319,62,10,1,0,"(24, 48]",0.0627763041556145,"(7, 30]",False,False
CUS0001378,31.0,10.59,15.42,111,184,0,0,0,"(24, 48]",1.4560906515580736,"(-1, 7]",False,False
CUS0007492,70.0,29.87,8.78,167,84,4,0,0,"(48, 72]",0.2939404084365584,"(-1, 7]",False,False
CUS0004118,8.0,66.77,8.66,430,260,26,0,1,"(6, 12]",0.12969896660176727,"(7, 30]",True,False
CUS0007392,5.0,33.69,5.09,709,62,1,1,0,"(0, 6]",0.1510834075393292,"(-1, 7]",False,True
CUS0005906,4.0,79.99,15.97,120,93,50,0,0,"(0, 6]",0.19964995624453058,"(30, 60]",True,False
CUS0003928,36.0,27.14,4.72,8,253,40,3,0,"(24, 48]",0.17391304347826086,"(30, 60]",False,False
CUS0002934,40.0,18.92,17.97,933,242,18,0,0,"(24, 48]",0.9497885835095136,"(7, 30]",False,False
CUS0002449,34.0,22.07,0.0,44,199,40,4,1,"(24, 48]",0.0,"(30, 60]",False,False
CUS0000255,16.0,16.14,5.71,552,265,21,2,0,"(12, 24]",0.3537794299876084,"(7, 30]",False,False
CUS0000087,22.0,12.38,12.98,228,113,35,5,0,"(12, 24]",1.048465266558966,"(30, 60]",False,False
CUS0005804,64.0,27.12,3.73,474,246,13,0,1,"(48, 72]",0.13753687315634217,"(7, 30]",False,False
CUS0005414,24.0,14.49,5.25,18,55,15,0,0,"(12, 24]",0.36231884057971014,"(7, 30]",False,False
CUS0004130,26.0,23.01,0.0,20,294,58,0,0,"(24, 48]",0.0,"(30, 60]",False,False
CUS0003660,38.0,118.34,15.7,909,242,40,1,0,"(24, 48]",0.1326685820517154,"(30, 60]",True,False
CUS0007382,35.0,10.3,10.95,880,293,6,5,0,"(24, 48]",1.0631067961165046,"(-1, 7]",False,False
CUS0002619,6.0,20.37,2.75,434,177,5,0,0,"(0, 6]",0.13500245459008345,"(-1, 7]",False,False
CUS0007720,41.0,82.69,10.53,641,233,38,3,1,"(24, 48]",0.12734308864433425,"(30, 60]",True,False
CUS0002739,61.0,14.12,3.07,299,98,17,3,0,"(48, 72]",0.21742209631728046,"(7, 30]",False,False
CUS0006088,49.0,45.73,6.29,282,273,8,0,0,"(48, 72]",0.137546468401487,"(7, 30]",False,True
CUS0003536,62.0,63.36,14.2,401,294,18,1,0,"(48, 72]",0.2241161616161616,"(7, 30]",False,True
CUS0002808,1.0,26.64,5.85,386,227,40,1,1,"(0, 6]",0.21959459459459457,"(30, 60]",False,False
CUS0005211,72.0,12.32,8.218195789745577,291,143,28,0,0,"(48, 72]",0.6670613465702578,"(7, 30]",False,False
CUS0007353,29.0,44.19,7.0,796,295,35,1,0,"(24, 48]",0.15840687938447615,"(30, 60]",False,True
CUS0000274,7.0,26.66,6.29,869,21,25,0,1,"(6, 12]",0.23593398349587397,"(7, 30]",False,False
CUS0001767,57.0,22.08,16.91,268,268,6,0,0,"(48, 72]",0.7658514492753624,"(-1, 7]",False,False
CUS0007905,5.0,20.43,4.69,17,198,42,1,0,"(0, 6]",0.2295643661282428,"(30, 60]",False,False
CUS0000853,17.0,13.4,2.18,715,53,1,0,0,"(12, 24]",0.16268656716417912,"(-1, 7]",False,False
CUS0003678,14.0,55.52662624177525,3.5,440,187,22,1,1,"(12, 24]",0.0630328229336359,"(7, 30]",False,False
CUS0004951,63.0,14.84,0.0,288,154,17,0,1,"(48, 72]",0.0,"(7, 30]",False,False
CUS0003025,3.0,99.33,10.22,713,110,16,2,1,"(0, 6]",0.1028893587033122,"(7, 30]",True,False
CUS0006062,14.0,45.5,0.61,177,74,4,3,0,"(12, 24]",0.013406593406593406,"(-1, 7]",False,True
CUS0007218,59.0,39.07,5.03,481,294,12,1,0,"(48, 72]",0.12874328128999232,"(7, 30]",False,True
CUS0003206,28.0,36.18,12.34,919,217,15,3,0,"(24, 48]",0.3410724156992814,"(7, 30]",False,True
CUS0000973,57.0,69.1,7.12,241,139,30,1,0,"(48, 72]",0.10303907380607816,"(7, 30]",True,False
CUS0004387,60.0,30.46,5.47,525,87,39,1,0,"(48, 72]",0.17957977675640183,"(30, 60]",False,True
CUS0001721,24.0,29.71,11.0,700,264,45,1,0,"(12, 24]",0.3702457085156513,"(30, 60]",False,False
CUS0003735,53.0,89.97,9.86,727,122,31,2,0,"(48, 72]",0.10959208625097254,"(30, 60]",True,False
CUS0006869,68.0,18.35,16.74,4,292,10,0,0,"(48, 72]",0.9122615803814712,"(7, 30]",False,False
CUS0006893,25.0,34.1,2.49,343,181,34,0,0,"(24, 48]",0.07302052785923754,"(30, 60]",False,True
CUS0002121,51.0,61.23,2.51,929,195,26,2,0,"(48, 72]",0.04099297729870978,"(7, 30]",False,True
CUS0006816,52.0,29.73,6.4,88,168,24,0,0,"(48, 72]",0.21527077026572486,"(7, 30]",False,False
CUS0002904,23.0,15.71,4.9,375,187,46,0,0,"(12, 24]",0.3119032463399109,"(30, 60]",False,False
CUS0002802,13.0,51.5,10.25,268,169,18,8,1,"(12, 24]",0.19902912621359223,"(7, 30]",False,True
CUS0006387,33.0,21.45,10.47,294,25,65,0,0,"(24, 48]",0.48811188811188816,,False,False
CUS0000834,10.0,19.81,10.68,721,156,75,4,0,"(6, 12]",0.5391216557294296,,False,False
CUS0000309,54.0,31.12,8.218195789745577,461,108,45,1,0,"(48, 72]",0.2640808415728013,"(30, 60]",False,True
CUS0003586,4.0,11.15,24.43,730,245,8,0,0,"(0, 6]",2.191031390134529,"(7, 30]",False,False
CUS0001871,12.0,57.79,4.67,194,292,36,0,1,"(6, 12]",0.0808098286900848,"(30, 60]",False,True
CUS0003825,7.0,23.03,0.0,793,293,14,3,1,"(6, 12]",0.0,"(7, 30]",False,False
CUS0005908,12.0,46.4,0.0,5,285,30,0,1,"(6, 12]",0.0,"(7, 30]",False,True
CUS0003548,67.0,43.63885951963101,4.36,619,190,40,0,0,"(48, 72]",0.09991095202748475,"(30, 60]",False,False
CUS0001896,20.0,36.02,3.22,790,110,17,0,0,"(12, 24]",0.08939478067740145,"(7, 30]",False,True
CUS0007113,69.0,84.59,8.218195789745577,36,49,64,1,0,"(48, 72]",0.09715327804404275,,True,False
CUS0005875,20.0,55.52662624177525,9.35,985,142,21,0,0,"(12, 24]",0.16838768412271304,"(7, 30]",True,False
CUS0000860,31.0,74.87,8.218195789745577,560,223,65,1,0,"(24, 48]",0.10976620528576969,,True,False
CUS0001797,64.0,44.59,13.72,10,151,12,3,0,"(48, 72]",0.3076923076923077,"(7, 30]",False,True
CUS0006898,67.0,97.54,1.94,199,9,4,2,0,"(48, 72]",0.01988927619438179,"(-1, 7]",True,False
CUS0002063,36.0,99.24,0.0,231,294,8,0,0,"(24, 48]",0.0,"(7, 30]",True,False
CUS0005811,25.0,27.33,12.71,299,112,11,4,0,"(24, 48]",0.46505671423344314,"(7, 30]",False,False
CUS0003326,38.0,20.41,8.218195789745577,462,277,19,1,1,"(24, 48]",0.40265535471560887,"(7, 30]",False,False
CUS0006341,4.0,10.97,5.99,78,219,12,0,0,"(0, 6]",0.5460346399270738,"(7, 30]",False,False
CUS0005564,69.0,17.32,1.23,72,286,23,2,0,"(48, 72]",0.0710161662817552,"(7, 30]",False,False
CUS0001554,38.0,60.93,0.0,738,144,29,0,0,"(24, 48]",0.0,"(7, 30]",False,True
CUS0007340,24.0,55.52662624177525,7.7,941,184,32,1,1,"(12, 24]",0.138672210453999,"(30, 60]",True,False
CUS0000489,62.0,56.73,3.66,221,184,15,2,0,"(48, 72]",0.06451612903225808,"(7, 30]",False,True
CUS0004151,42.0,20.73,6.12,572,119,40,1,0,"(24, 48]",0.2952243125904486,"(30, 60]",False,False
CUS0002909,10.0,113.01,9.87,197,33,22,4,0,"(6, 12]",0.08733740376957791,"(7, 30]",True,False
CUS0005374,37.0,119.35,13.34,260,123,24,0,0,"(24, 48]",0.11177209886887307,"(7, 30]",True,False
CUS0003913,18.0,16.63,5.54,518,99,8,5,0,"(12, 24]",0.33313289236319904,"(7, 30]",False,False
CUS0003601,69.0,35.48,6.54,850,95,27,0,0,"(48, 72]",0.18432919954904173,"(7, 30]",False,True
CUS0006562,11.0,59.67,0.0,538,14,6,0,1,"(6, 12]",0.0,"(-1, 7]",False,True
CUS0004404,47.0,43.73,7.73,255,180,3,0,0,"(24, 48]",0.1767665218385548,"(-1, 7]",False,True
CUS0006034,48.0,19.21,5.35,308,266,81,1,0,"(24, 48]",0.27850078084331076,,False,False
CUS0002747,66.0,64.83,13.92,225,7,39,2,1,"(48, 72]",0.2147154095326238,"(30, 60]",False,True
CUS0003005,33.0,50.83,7.72,219,173,11,3,0,"(24, 48]",0.15187881172535905,"(7, 30]",False,True
CUS0004788,7.0,41.14,9.62,899,124,46,4,1,"(6, 12]",0.23383568303354396,"(30, 60]",False,True
CUS0007883,61.0,30.75,11.18,639,82,2,0,0,"(48, 72]",0.36357723577235773,"(-1, 7]",False,True
CUS0000685,10.0,89.79,0.8,883,107,35,6,0,"(6, 12]",0.00890967813787727,"(30, 60]",True,False
CUS0006089,71.0,94.61,0.0,592,216,63,0,0,"(48, 72]",0.0,,True,False
CUS0000304,41.0,18.98,13.39,200,23,4,0,0,"(24, 48]",0.7054794520547946,"(-1, 7]",False,False
CUS0003322,6.0,99.67,14.57,272,218,9,2,0,"(0, 6]",0.14618240192635698,"(7, 30]",True,False
CUS0004521,59.0,25.91,12.32,223,149,60,6,0,"(48, 72]",0.4754920879969124,"(30, 60]",False,False
CUS0006216,16.0,56.28,2.97,75,134,4,0,1,"(12, 24]",0.052771855010660985,"(-1, 7]",False,True
CUS0000534,22.0,55.52662624177525,8.81,257,102,59,2,0,"(12, 24]",0.1586626200129521,"(30, 60]",False,True
CUS0001935,33.0,55.52662624177525,8.218195789745577,425,60,0,0,0,"(24, 48]",0.14800459429971002,"(-1, 7]",False,False
CUS0000790,63.0,72.09,3.09,793,230,13,0,0,"(48, 72]",0.04286308780690803,"(7, 30]",True,False
CUS0000418,8.0,36.85,7.89,629,205,17,3,0,"(6, 12]",0.21411126187245588,"(7, 30]",False,True
CUS0006293,53.0,23.85,12.26,273,178,2,3,0,"(48, 72]",0.5140461215932913,"(-1, 7]",False,False
CUS0003746,64.0,23.6,16.96,324,264,6,3,0,"(48, 72]",0.7186440677966102,"(-1, 7]",False,False
CUS0002027,53.0,11.07,10.48,229,147,25,0,0,"(48, 72]",0.9467028003613369,"(7, 30]",False,False
CUS0002430,58.0,39.12,10.69,696,197,53,0,1,"(48, 72]",0.27326175869120656,"(30, 60]",False,True
CUS0006589,50.0,19.99,8.218195789745577,487,6,5,2,0,"(48, 72]",0.4111153471608593,"(-1, 7]",False,False
CUS0000317,59.0,27.13,7.46,758,99,0,1,0,"(48, 72]",0.2749723553262072,"(-1, 7]",False,False
CUS0000078,52.0,108.54,3.15,653,259,28,2,0,"(48, 72]",0.029021558872305137,"(7, 30]",True,False
CUS0004470,53.0,40.39,14.2,379,151,67,4,1,"(48, 72]",0.351572171329537,,False,True
CUS0001307,40.0,11.38,0.0,404,112,14,2,0,"(24, 48]",0.0,"(7, 30]",False,False
CUS0000224,42.0,93.88,10.74,373,212,23,0,0,"(24, 48]",0.1144013634426928,"(7, 30]",True,False
CUS0002640,16.0,24.98,10.91,881,289,23,1,0,"(12, 24]",0.43674939951961567,"(7, 30]",False,False
CUS0007855,17.0,15.13,8.218195789745577,797,223,11,6,1,"(12, 24]",0.5431722266851009,"(7, 30]",False,False
CUS0000901,21.0,24.19,7.7,608,252,4,0,0,"(12, 24]",0.31831335262505167,"(-1, 7]",False,False
CUS0001928,12.0,55.52662624177525,8.99,187,57,21,0,0,"(6, 12]",0.1619043080495391,"(7, 30]",False,True
CUS0002575,44.0,53.8,3.6,733,50,37,2,0,"(24, 48]",0.06691449814126395,"(30, 60]",False,True
CUS0001973,47.0,26.35,10.1,23,176,3,1,0,"(24, 48]",0.3833017077798861,"(-1, 7]",False,False
CUS0005890,21.0,20.04,7.63,869,24,0,2,0,"(12, 24]",0.38073852295409183,"(-1, 7]",False,False
CUS0003878,34.0,101.61,8.41,66,64,49,2,1,"(24, 48]",0.08276744414919791,"(30, 60]",True,False
CUS0000782,59.0,35.73,20.33,347,207,33,0,0,"(48, 72]",0.5689896445563952,"(30, 60]",False,True
CUS0002321,49.0,20.35,4.36,853,200,31,3,1,"(48, 72]",0.21425061425061426,"(30, 60]",False,False
CUS0006976,37.0,41.31,7.19,804,271,12,2,0,"(24, 48]",0.17404986686032436,"(7, 30]",False,True
CUS0001861,6.0,29.55,7.04,494,239,1,3,0,"(0, 6]",0.23824027072758036,"(-1, 7]",False,False
CUS0007948,30.0,14.12,6.74,769,10,11,0,0,"(24, 48]",0.47733711048158645,"(7, 30]",False,False
CUS0003270,8.0,10.34,4.95,382,185,20,0,0,"(6, 12]",0.4787234042553192,"(7, 30]",False,False
CUS0004696,64.0,15.54,14.2,179,177,2,0,0,"(48, 72]",0.9137709137709138,"(-1, 7]",False,False
CUS0002490,17.0,25.02,15.67,637,53,1,1,0,"(12, 24]",0.626298960831335,"(-1, 7]",False,False
CUS0001627,70.0,49.11,14.3,650,118,3,0,0,"(48, 72]",0.29118305844023623,"(-1, 7]",False,True
CUS0002617,49.0,45.02,3.26,507,96,7,1,0,"(48, 72]",0.07241226121723678,"(-1, 7]",False,True
CUS0006993,57.0,15.9,0.0,111,144,3,1,0,"(48, 72]",0.0,"(-1, 7]",False,False
CUS0005437,51.0,12.85,9.81,755,113,43,1,0,"(48, 72]",0.7634241245136187,"(30, 60]",False,False
CUS0003207,59.0,26.18,9.87,727,67,36,1,0,"(48, 72]",0.37700534759358284,"(30, 60]",False,False
CUS0003918,58.0,65.9,4.72,345,124,25,0,0,"(48, 72]",0.0716236722306525,"(7, 30]",False,True
CUS0005254,32.0,29.21,8.03,987,0,21,0,0,"(24, 48]",0.2749058541595344,"(7, 30]",False,False
CUS0007251,34.0,62.93,15.69,241,270,33,1,0,"(24, 48]",0.2493246464325441,"(30, 60]",False,True
CUS0000461,71.0,103.15,1.92,398,258,0,1,0,"(48, 72]",0.01861366941347552,"(-1, 7]",True,False
CUS0007061,32.0,46.35,10.84,152,182,69,1,0,"(24, 48]",0.23387270765911541,,False,True
CUS0007107,30.0,68.23,16.23,84,54,14,4,1,"(24, 48]",0.2378719038546094,"(7, 30]",True,False
CUS0000505,32.0,82.35,12.6,471,115,20,2,0,"(24, 48]",0.15300546448087432,"(7, 30]",True,False
CUS0001423,58.0,48.05,0.0,80,36,5,7,1,"(48, 72]",0.0,"(-1, 7]",False,True
CUS0002709,36.0,61.7,8.218195789745577,90,196,40,0,0,"(24, 48]",0.13319604197318602,"(30, 60]",False,True
CUS0003066,60.0,50.11,8.218195789745577,541,197,5,3,0,"(48, 72]",0.1640031089552101,"(-1, 7]",False,True
CUS0001448,19.0,66.37,12.44,194,143,2,3,0,"(12, 24]",0.1874340816634021,"(-1, 7]",False,True
CUS0006003,54.0,64.67,11.94,109,124,8,2,0,"(48, 72]",0.18462965826503788,"(7, 30]",False,True
CUS0000641,22.0,43.71,10.73,917,164,5,0,0,"(12, 24]",0.2454815831617479,"(-1, 7]",False,True
CUS0001969,62.0,11.68,0.0,898,190,14,0,0,"(48, 72]",0.0,"(7, 30]",False,False
CUS0004914,5.0,21.5,8.35,992,256,13,0,0,"(0, 6]",0.3883720930232558,"(7, 30]",False,False
CUS0002443,24.0,29.01,8.218195789745577,948,36,42,1,0,"(12, 24]",0.28328837606844454,"(30, 60]",False,False
CUS0002611,28.0,26.34,9.97,102,282,36,2,1,"(24, 48]",0.37851176917236146,"(30, 60]",False,False
CUS0005296,43.0,12.03,8.1,803,122,10,8,1,"(24, 48]",0.6733167082294265,"(7, 30]",False,False
CUS0000250,49.0,92.52,8.38,502,107,26,0,0,"(48, 72]",0.09057501080847385,"(7, 30]",True,False
CUS0002905,31.0,24.91,10.14,973,93,10,2,1,"(24, 48]",0.407065435568045,"(7, 30]",False,False
CUS0004290,31.0,50.0,21.83,793,183,37,1,0,"(24, 48]",0.4366,"(30, 60]",False,True
CUS0000509,64.0,15.72,7.72,846,200,3,0,0,"(48, 72]",0.49109414758269715,"(-1, 7]",False,False
CUS0006262,43.0,61.81,14.29,142,46,7,3,0,"(24, 48]",0.23119236369519494,"(-1, 7]",False,True
CUS0005030,7.0,24.61,0.0,453,244,35,5,0,"(6, 12]",0.0,"(30, 60]",False,False
CUS0003068,47.0,55.52662624177525,9.24,956,242,13,0,0,"(24, 48]",0.16640665254479878,"(7, 30]",False,False
CUS0001900,11.0,18.8,8.218195789745577,932,251,24,0,1,"(6, 12]",0.43713807392263704,"(7, 30]",False,False
CUS0007001,22.0,13.4,0.0,403,219,10,0,0,"(12, 24]",0.0,"(7, 30]",False,False
CUS0006280,57.0,20.27,17.01,780,258,45,3,0,"(48, 72]",0.8391711889491861,"(30, 60]",False,False
CUS0004973,43.0,93.84,1.65,823,118,63,0,0,"(24, 48]",0.017583120204603578,,True,False
CUS0003387,2.0,25.97,8.218195789745577,871,34,61,0,1,"(0, 6]",0.3164495875912814,,False,False
CUS0004149,39.0,78.37,17.19,602,239,60,4,0,"(24, 48]",0.21934413678703585,"(30, 60]",True,False
CUS0001714,17.0,29.37,15.41,344,137,28,0,0,"(12, 24]",0.5246850527749404,"(7, 30]",False,False
CUS0005761,36.0,16.49,5.22,163,116,7,0,0,"(24, 48]",0.31655548817465134,"(-1, 7]",False,False
CUS0007863,62.0,18.74,16.06,605,181,16,0,0,"(48, 72]",0.8569903948772679,"(7, 30]",False,False
CUS0006881,70.0,11.09,11.09,496,276,13,2,1,"(48, 72]",1.0,"(7, 30]",False,False
CUS0007864,63.0,13.21,8.59,726,82,40,0,0,"(48, 72]",0.6502649507948524,"(30, 60]",False,False
CUS0000415,47.0,34.62,7.1,220,200,62,1,0,"(24, 48]",0.2050837666088966,,False,True
CUS0003507,41.0,34.72,9.47,930,62,2,4,0,"(24, 48]",0.2727534562211982,"(-1, 7]",False,True
CUS0004677,53.0,57.27,12.89,116,72,7,7,0,"(48, 72]",0.2250742098830103,"(-1, 7]",False,True
CUS0005721,5.0,24.25,17.54,988,269,20,1,0,"(0, 6]",0.723298969072165,"(7, 30]",False,False
CUS0000185,44.0,117.99,15.34,795,54,22,1,0,"(24, 48]",0.13001101788287142,"(7, 30]",True,False
CUS0007301,65.0,68.52,10.39,210,134,10,0,0,"(48, 72]",0.15163455925277294,"(7, 30]",True,False
CUS0002987,15.0,18.41,9.3,916,219,14,0,0,"(12, 24]",0.5051602390005432,"(7, 30]",False,False
CUS0004872,34.0,96.69,8.36,880,287,55,0,0,"(24, 48]",0.08646188850967007,"(30, 60]",True,False
CUS0000979,59.0,109.98,5.41,435,216,5,4,0,"(48, 72]",0.049190761956719405,"(-1, 7]",True,False
CUS0002783,70.0,118.75,18.98,979,156,78,1,0,"(48, 72]",0.15983157894736844,,True,False
CUS0005086,48.0,28.19,11.71,794,116,60,0,0,"(24, 48]",0.41539553032990423,"(30, 60]",False,False
CUS0000440,12.0,55.52662624177525,8.33,553,154,6,0,0,"(6, 12]",0.15001811858205344,"(-1, 7]",False,True
CUS0001369,23.0,11.28,16.82,588,1,12,0,0,"(12, 24]",1.4911347517730498,"(7, 30]",False,False
CUS0000221,5.0,62.89,9.54,901,282,26,1,0,"(0, 6]",0.15169343297821591,"(7, 30]",False,True
CUS0005775,26.0,12.78,3.23,816,172,11,2,0,"(24, 48]",0.25273865414710484,"(7, 30]",False,False
CUS0000925,23.0,108.46,1.25,480,18,2,0,0,"(12, 24]",0.011524986170016597,"(-1, 7]",True,False
CUS0001502,18.0,44.36,8.218195789745577,605,62,7,1,0,"(12, 24]",0.1852614019329481,"(-1, 7]",False,True
CUS0002472,21.0,24.5,1.44,943,247,11,0,0,"(12, 24]",0.05877551020408163,"(7, 30]",False,False
CUS0002308,60.0,69.39,0.0,412,1,25,3,0,"(48, 72]",0.0,"(7, 30]",False,True
CUS0007435,47.0,42.89,8.218195789745577,439,65,69,0,0,"(24, 48]",0.191610999994068,,False,True
CUS0002982,33.0,40.03,5.13,817,279,29,0,0,"(24, 48]",0.12815388458656007,"(7, 30]",False,True
CUS0005649,23.0,25.8,7.37,267,212,6,2,0,"(12, 24]",0.28565891472868216,"(-1, 7]",False,False
CUS0005163,19.0,107.54,6.83,509,186,14,1,0,"(12, 24]",0.06351125162730147,"(7, 30]",True,False
CUS0001847,70.0,37.5,10.22,533,267,32,0,0,"(48, 72]",0.27253333333333335,"(30, 60]",False,True
CUS0000956,30.0,53.52,1.17,92,196,8,2,0,"(24, 48]",0.0218609865470852,"(7, 30]",False,True
CUS0004316,25.0,13.82,12.18,424,228,44,1,0,"(24, 48]",0.8813314037626627,"(30, 60]",False,False
CUS0007073,34.0,13.59,4.13,842,17,36,2,0,"(24, 48]",0.3038999264164827,"(30, 60]",False,False
CUS0000576,30.0,22.61,4.97,24,282,13,1,0,"(24, 48]",0.2198142414860681,"(7, 30]",False,False
CUS0003643,31.0,60.67,6.38,702,98,27,2,1,"(24, 48]",0.10515905719465964,"(7, 30]",False,True
CUS0004191,64.0,11.19,13.04,512,287,42,0,0,"(48, 72]",1.16532618409294,"(30, 60]",False,False
CUS0003199,42.0,37.23,6.63,389,14,24,1,0,"(24, 48]",0.17808219178082194,"(7, 30]",False,True
CUS0004722,61.0,46.74,9.62,213,44,17,0,1,"(48, 72]",0.20581942661531877,"(7, 30]",False,True
CUS0003092,16.0,12.23,4.62,315,300,14,1,0,"(12, 24]",0.37775960752248566,"(7, 30]",False,False
CUS0005547,27.0,22.72,6.9,917,30,12,4,0,"(24, 48]",0.30369718309859156,"(7, 30]",False,False
CUS0006154,30.0,14.76,11.67,836,288,2,2,1,"(24, 48]",0.790650406504065,"(-1, 7]",False,False
CUS0004255,4.0,23.91,4.04,855,39,35,2,0,"(0, 6]",0.16896695943120033,"(30, 60]",False,False
CUS0007328,16.0,40.21,17.93,935,222,26,1,0,"(12, 24]",0.4459089778662024,"(7, 30]",False,True
CUS0002450,51.0,10.75,11.26,170,258,2,0,0,"(48, 72]",1.0474418604651163,"(-1, 7]",False,False
CUS0004180,16.0,12.86,5.58,885,120,11,1,0,"(12, 24]",0.4339035769828927,"(7, 30]",False,False
CUS0000427,32.0,34.21,8.218195789745577,291,195,32,2,0,"(24, 48]",0.24022788043687743,"(30, 60]",False,True
CUS0005801,11.0,104.19,13.23,328,136,5,3,1,"(6, 12]",0.12697955657932625,"(-1, 7]",True,False
CUS0000633,19.0,106.68,0.16,476,285,18,0,0,"(12, 24]",0.0014998125234345705,"(7, 30]",True,False
CUS0000937,2.0,55.52662624177525,0.0,224,254,30,0,0,"(0, 6]",0.0,"(7, 30]",False,False
CUS0004756,3.0,116.67,7.08,674,152,15,0,1,"(0, 6]",0.06068398045770121,"(7, 30]",True,False
CUS0003343,31.0,22.31,6.48,709,267,48,0,1,"(24, 48]",0.29045271178843574,"(30, 60]",False,False
CUS0000867,2.0,17.05,8.218195789745577,32,207,75,2,0,"(0, 6]",0.482005618166896,,False,False
CUS0002026,59.0,69.75,16.79,724,81,42,2,0,"(48, 72]",0.2407168458781362,"(30, 60]",False,True
CUS0001978,64.0,16.49,14.68,329,246,25,0,0,"(48, 72]",0.8902365069739236,"(7, 30]",False,False
CUS0000049,57.0,67.99,3.55,639,207,20,0,0,"(48, 72]",0.05221356081776732,"(7, 30]",False,True
CUS0000072,15.0,51.38,16.62,901,137,49,0,0,"(12, 24]",0.3234721681588167,"(30, 60]",False,True
CUS0002622,22.0,62.96,11.43,152,52,24,6,1,"(12, 24]",0.1815438373570521,"(7, 30]",False,True
CUS0004553,63.0,11.61,11.39,94,184,56,1,1,"(48, 72]",0.9810508182601206,"(30, 60]",False,False
CUS0001082,40.0,12.26,5.62,157,277,1,0,0,"(24, 48]",0.45840130505709625,"(-1, 7]",False,False
CUS0006916,13.0,114.79,9.85,714,170,34,0,0,"(12, 24]",0.08580886836832476,"(30, 60]",True,False
CUS0001262,19.0,82.23,9.69,245,63,36,0,0,"(12, 24]",0.11784020430499817,"(30, 60]",True,False
CUS0001572,10.0,40.68,9.79,142,74,30,0,0,"(6, 12]",0.24065880039331364,"(7, 30]",False,True
CUS0002131,43.0,78.3,14.61,687,86,20,0,0,"(24, 48]",0.18659003831417625,"(7, 30]",True,False
CUS0004230,17.0,61.6,14.21,22,116,9,0,0,"(12, 24]",0.23068181818181818,"(7, 30]",False,True
CUS0000477,66.0,53.32,12.35,887,270,28,2,0,"(48, 72]",0.23162040510127532,"(7, 30]",False,True
CUS0004744,37.0,18.19,14.16,292,59,43,1,0,"(24, 48]",0.7784496976360638,"(30, 60]",False,False
CUS0006605,47.0,13.74,0.0,751,153,4,2,0,"(24, 48]",0.0,"(-1, 7]",False,False
CUS0003289,58.0,27.47,11.84,711,7,58,0,0,"(48, 72]",0.4310156534401165,"(30, 60]",False,False
CUS0006476,41.0,113.22,7.34,553,54,20,7,1,"(24, 48]",0.06482953541777071,"(7, 30]",True,False
CUS0007756,23.0,112.45,8.57,388,27,36,3,0,"(12, 24]",0.07621164962205425,"(30, 60]",True,False
CUS0002209,5.0,13.74,17.66,410,217,44,1,0,"(0, 6]",1.2852983988355167,"(30, 60]",False,False
CUS0003914,34.0,87.8,7.67,424,170,4,0,0,"(24, 48]",0.08735763097949886,"(-1, 7]",True,False
CUS0001402,40.0,63.64,7.43,932,103,3,1,0,"(24, 48]",0.11675047140163419,"(-1, 7]",False,True
CUS0000343,59.0,29.44,8.94,424,258,32,0,1,"(48, 72]",0.3036684782608695,"(30, 60]",False,False
CUS0004831,71.0,99.85,8.18,491,230,45,1,0,"(48, 72]",0.08192288432648974,"(30, 60]",True,False
CUS0005134,38.0,104.37,7.9,1,276,28,4,0,"(24, 48]",0.07569224873047811,"(7, 30]",True,False
CUS0004238,14.0,28.34,7.35,559,97,45,2,1,"(12, 24]",0.25935074100211714,"(30, 60]",False,False
CUS0003000,46.0,24.39,8.218195789745577,656,292,11,0,0,"(24, 48]",0.33694939687353737,"(7, 30]",False,False
CUS0001317,3.0,56.22,6.41,850,151,63,1,1,"(0, 6]",0.11401636428317326,,False,True
CUS0002568,10.0,56.71,12.67,668,76,20,0,0,"(6, 12]",0.22341738670428496,"(7, 30]",False,True
CUS0004100,51.0,70.42,8.218195789745577,890,99,61,2,0,"(48, 72]",0.11670258150732145,,True,False
CUS0005630,54.0,27.68,8.24,686,67,29,0,0,"(48, 72]",0.2976878612716763,"(7, 30]",False,False
CUS0004853,45.0,35.07,14.28,445,36,35,0,0,"(24, 48]",0.40718562874251496,"(30, 60]",False,True
CUS0000749,34.0,42.16,10.65,38,81,29,0,0,"(24, 48]",0.2526091081593928,"(7, 30]",False,True
CUS0000765,49.0,10.97,20.46,496,80,44,0,0,"(48, 72]",1.8650865998176847,"(30, 60]",False,False
CUS0007977,70.0,20.54,0.0,654,147,24,0,0,"(48, 72]",0.0,"(7, 30]",False,False
CUS0006383,20.0,99.06,10.94,884,253,12,0,0,"(12, 24]",0.11043811831213406,"(7, 30]",True,False
CUS0000429,33.0,17.36,19.47,262,67,41,3,0,"(24, 48]",1.1215437788018432,"(30, 60]",False,False
CUS0005477,13.0,23.74,1.99,389,208,26,1,1,"(12, 24]",0.08382476832350463,"(7, 30]",False,False
CUS0007647,63.0,32.35,3.53,405,171,56,1,1,"(48, 72]",0.10911901081916536,"(30, 60]",False,True
CUS0006519,26.0,11.83,5.86,507,46,9,0,0,"(24, 48]",0.49535080304311074,"(7, 30]",False,False
CUS0007335,17.0,10.25,3.49,48,221,53,2,0,"(12, 24]",0.3404878048780488,"(30, 60]",False,False
CUS0001606,66.0,21.01,10.67,653,288,12,3,0,"(48, 72]",0.5078534031413612,"(7, 30]",False,False
CUS0005191,51.0,17.96,7.55,455,168,44,2,0,"(48, 72]",0.4203786191536748,"(30, 60]",False,False
CUS0003076,17.0,58.52,1.65,886,238,0,0,0,"(12, 24]",0.02819548872180451,"(-1, 7]",False,True
CUS0001480,65.0,54.84,24.31,691,193,46,1,0,"(48, 72]",0.44328956965718447,"(30, 60]",False,True
CUS0002332,10.0,114.42,13.08,906,241,55,0,0,"(6, 12]",0.11431567907708443,"(30, 60]",True,False
CUS0005723,19.0,61.68,9.45,908,133,23,0,0,"(12, 24]",0.1532101167315175,"(7, 30]",False,True
CUS0000235,2.0,71.53,12.06,713,47,22,0,0,"(0, 6]",0.16860058716622398,"(7, 30]",True,False
CUS0005023,43.0,60.54,11.22,792,231,25,1,0,"(24, 48]",0.18533201189296333,"(7, 30]",False,True
CUS0002204,24.0,49.49,9.01,475,189,33,0,0,"(12, 24]",0.1820569812083249,"(30, 60]",False,True
CUS0006023,49.0,53.51,7.02,39,85,1,3,0,"(48, 72]",0.13119043169501027,"(-1, 7]",False,True
CUS0005729,26.0,69.59,7.72,120,111,32,1,0,"(24, 48]",0.11093547923552234,"(30, 60]",True,False
CUS0001567,68.0,20.99,6.39,213,27,56,2,0,"(48, 72]",0.3044306812767985,"(30, 60]",False,False
CUS0000339,48.0,22.97,0.0,389,203,26,0,0,"(24, 48]",0.0,"(7, 30]",False,False
CUS0002503,22.0,54.69,8.99,348,67,3,2,0,"(12, 24]",0.16438105686597185,"(-1, 7]",False,True
CUS0007916,12.0,86.05,11.57,151,56,10,4,0,"(6, 12]",0.13445671121441025,"(7, 30]",True,False
CUS0004193,64.0,47.35,5.64,514,54,86,0,0,"(48, 72]",0.11911298838437169,,False,True
CUS0007663,34.0,21.24,13.35,723,147,68,3,1,"(24, 48]",0.6285310734463277,,False,False
CUS0005196,54.0,92.72,0.0,31,61,13,3,0,"(48, 72]",0.0,"(7, 30]",True,False
CUS0002096,30.0,115.58,11.45,27,157,6,2,0,"(24, 48]",0.09906558228067139,"(-1, 7]",True,False
CUS0002001,31.0,95.84,5.11,141,25,1,0,0,"(24, 48]",0.053318030050083474,"(-1, 7]",True,False
CUS0001764,67.0,11.29,7.85,49,85,11,0,0,"(48, 72]",0.6953055801594331,"(7, 30]",False,False
CUS0002299,35.0,67.19,11.96,601,194,33,8,0,"(24, 48]",0.17800267897008484,"(30, 60]",False,True
CUS0004929,61.0,51.74,8.218195789745577,919,34,20,0,0,"(48, 72]",0.1588364087697251,"(7, 30]",False,True
CUS0001804,64.0,74.13,7.38,618,212,10,2,0,"(48, 72]",0.09955483609874545,"(7, 30]",True,False
CUS0001995,2.0,10.04,7.3,976,250,22,2,1,"(0, 6]",0.7270916334661355,"(7, 30]",False,False
CUS0007455,2.0,62.62,0.0,693,63,5,0,0,"(0, 6]",0.0,"(-1, 7]",False,True
CUS0007887,42.0,11.91,16.63,468,127,39,1,0,"(24, 48]",1.396305625524769,"(30, 60]",False,False
CUS0007584,50.0,27.09,6.84,278,287,48,1,0,"(48, 72]",0.25249169435215946,"(30, 60]",False,False
CUS0006732,41.0,62.14,4.09,962,100,18,0,0,"(24, 48]",0.06581911812037335,"(7, 30]",True,False
CUS0004516,37.0,119.59,11.19,567,95,37,0,0,"(24, 48]",0.09356969646291495,"(30, 60]",True,False
CUS0003520,32.0,19.47,5.06,943,187,12,0,0,"(24, 48]",0.2598870056497175,"(7, 30]",False,False
CUS0005265,56.0,10.07,17.13,974,42,28,0,0,"(48, 72]",1.7010923535253226,"(7, 30]",False,False
CUS0005973,44.0,12.32,8.218195789745577,771,77,5,2,0,"(24, 48]",0.6670613465702578,"(-1, 7]",False,False
CUS0002562,20.0,73.81,4.28,205,212,8,1,1,"(12, 24]",0.05798672266630538,"(7, 30]",True,False
CUS0000756,19.0,49.52,10.38,690,252,25,2,0,"(12, 24]",0.20961227786752828,"(7, 30]",False,True
CUS0001332,67.0,19.28,3.63,860,6,10,1,0,"(48, 72]",0.18827800829875518,"(7, 30]",False,False
CUS0007324,27.0,20.18,3.26,318,237,42,0,0,"(24, 48]",0.16154608523290387,"(30, 60]",False,False
CUS0001097,40.0,92.38,10.1,830,37,30,0,0,"(24, 48]",0.10933102403117557,"(7, 30]",True,False
CUS0007084,31.0,55.52662624177525,8.41,391,253,29,0,0,"(24, 48]",0.15145886882053655,"(7, 30]",False,False
CUS0004561,11.0,108.14,2.05,219,121,12,3,0,"(6, 12]",0.018956907712224892,"(7, 30]",True,False
CUS0004601,28.0,20.64,8.5,882,37,64,3,0,"(24, 48]",0.4118217054263566,,False,False
CUS0000010,61.0,50.15,17.7,281,18,25,0,0,"(48, 72]",0.35294117647058826,"(7, 30]",False,True
CUS0003493,43.0,119.63,10.66,55,182,16,1,0,"(24, 48]",0.08910808325670819,"(7, 30]",True,False
CUS0005874,36.0,66.97,8.218195789745577,968,104,39,4,0,"(24, 48]",0.12271458548223947,"(30, 60]",False,True
CUS0007850,26.0,47.77,0.0,540,74,33,0,0,"(24, 48]",0.0,"(30, 60]",False,True
CUS0000917,16.0,55.52662624177525,8.55,39,18,37,0,0,"(12, 24]",0.153980181737882,"(30, 60]",False,False
CUS0003821,56.0,22.69,7.68,102,102,32,0,0,"(48, 72]",0.3384750991626267,"(30, 60]",False,False
CUS0003363,40.0,41.88,1.77,181,15,71,4,1,"(24, 48]",0.042263610315186245,,False,True
CUS0001465,13.0,67.42,7.85,636,84,22,1,0,"(12, 24]",0.11643429249480865,"(7, 30]",False,True
CUS0000515,57.0,10.68,0.0,995,240,49,1,0,"(48, 72]",0.0,"(30, 60]",False,False
CUS0007755,33.0,56.14,6.13,476,44,22,0,0,"(24, 48]",0.10919130744567153,"(7, 30]",False,True
CUS0001147,70.0,15.32,14.66,987,37,35,0,1,"(48, 72]",0.9569190600522193,"(30, 60]",False,False
CUS0002055,58.0,33.34,3.34,790,153,11,1,0,"(48, 72]",0.10017996400719854,"(7, 30]",False,True
CUS0007926,44.0,53.15,20.18,340,219,38,1,0,"(24, 48]",0.37968015051740356,"(30, 60]",False,True
CUS0007326,28.0,77.02,11.02,113,285,27,0,0,"(24, 48]",0.14307971955336277,"(7, 30]",True,False
CUS0003986,19.0,11.26,9.24,937,50,42,0,0,"(12, 24]",0.8206039076376554,"(30, 60]",False,False
CUS0001470,35.0,101.73,4.16,983,228,43,1,0,"(24, 48]",0.04089255873390347,"(30, 60]",True,False
CUS0006582,53.0,51.68,5.42,262,194,4,2,0,"(48, 72]",0.10487616099071208,"(-1, 7]",False,True
CUS0005538,70.0,26.92,18.57,908,275,1,2,1,"(48, 72]",0.6898216939078752,"(-1, 7]",False,False
CUS0007559,40.0,27.81,0.0,456,54,45,4,1,"(24, 48]",0.0,"(30, 60]",False,False
CUS0002014,7.0,24.27,1.37,127,18,2,0,0,"(6, 12]",0.05644829007004533,"(-1, 7]",False,False
CUS0006225,45.0,29.27,12.45,944,39,7,0,0,"(24, 48]",0.4253501879057055,"(-1, 7]",False,False
CUS0001404,54.0,26.57,7.12,6,100,55,0,0,"(48, 72]",0.26797139631162964,"(30, 60]",False,False
CUS0006789,29.0,58.05,4.56,982,2,17,1,0,"(24, 48]",0.07855297157622738,"(7, 30]",False,True
CUS0004989,56.0,43.63885951963101,13.55,299,257,30,0,0,"(48, 72]",0.31050307338816935,"(7, 30]",False,False
CUS0003144,54.0,16.97,8.93,433,22,23,6,0,"(48, 72]",0.5262227460223925,"(7, 30]",False,False
CUS0007639,28.0,34.43,5.63,439,64,1,0,0,"(24, 48]",0.16352018588440315,"(-1, 7]",False,True
CUS0004239,41.0,18.76,15.77,161,57,7,1,0,"(24, 48]",0.8406183368869935,"(-1, 7]",False,False
CUS0000059,64.0,60.51,22.04,492,186,13,0,0,"(48, 72]",0.36423731614609156,"(7, 30]",False,True
CUS0000946,12.0,103.43,8.6,577,219,26,1,0,"(6, 12]",0.08314802281736439,"(7, 30]",True,False
CUS0000392,44.0,63.57,0.0,330,83,1,6,1,"(24, 48]",0.0,"(-1, 7]",False,True
CUS0005517,72.0,79.94,9.18,606,235,6,0,0,"(48, 72]",0.1148361270953215,"(-1, 7]",True,False
CUS0006017,41.0,20.3,8.86,364,235,10,8,1,"(24, 48]",0.4364532019704433,"(7, 30]",False,False
CUS0002657,8.0,93.87,6.02,605,290,12,0,1,"(6, 12]",0.06413124533929902,"(7, 30]",True,False
CUS0002113,36.0,96.18,6.68,154,64,40,0,0,"(24, 48]",0.06945310875441879,"(30, 60]",True,False
CUS0003568,63.0,16.49,12.58,904,63,4,0,0,"(48, 72]",0.7628865979381444,"(-1, 7]",False,False
CUS0001311,34.0,23.62,0.0,314,275,11,2,0,"(24, 48]",0.0,"(7, 30]",False,False
CUS0000527,5.0,65.91,9.24,989,83,63,4,1,"(0, 6]",0.1401911697769686,,False,True
CUS0003408,26.0,79.06,2.15,47,178,33,1,0,"(24, 48]",0.027194535795598277,"(30, 60]",True,False
CUS0006068,15.0,55.52662624177525,2.85,44,9,34,1,0,"(12, 24]",0.051326727245960664,"(30, 60]",False,False
CUS0007815,54.0,17.1,10.95,567,271,21,0,0,"(48, 72]",0.6403508771929823,"(7, 30]",False,False
CUS0003846,8.0,48.01,9.2,378,223,28,1,0,"(6, 12]",0.19162674442824412,"(7, 30]",False,True
CUS0001409,36.0,61.15,16.93,862,128,35,4,0,"(24, 48]",0.2768601798855274,"(30, 60]",False,True
CUS0006941,14.0,10.55,10.31,39,153,23,2,0,"(12, 24]",0.9772511848341232,"(7, 30]",False,False
CUS0006924,24.0,55.52662624177525,12.54,138,154,22,0,0,"(12, 24]",0.2258375998822269,"(7, 30]",False,False
CUS0000887,46.0,23.98,7.33,733,146,10,0,0,"(24, 48]",0.3056713928273561,"(7, 30]",False,False
CUS0004484,65.0,50.56,19.46,968,171,43,1,0,"(48, 72]",0.3848892405063291,"(30, 60]",False,True
CUS0002034,12.0,64.18,11.48,136,100,42,3,1,"(6, 12]",0.1788719227173574,"(30, 60]",False,True
CUS0003557,15.0,55.52662624177525,13.43,818,141,8,0,0,"(12, 24]",0.2418659462853515,"(7, 30]",False,False
CUS0006763,68.0,55.97,2.54,751,83,35,0,0,"(48, 72]",0.045381454350544935,"(30, 60]",False,True
CUS0001282,29.0,78.49,0.0,789,269,16,0,0,"(24, 48]",0.0,"(7, 30]",True,False
CUS0006398,4.0,22.87,10.02,705,261,52,4,0,"(0, 6]",0.4381285526891123,"(30, 60]",False,False
CUS0005473,25.0,16.71,12.05,268,14,79,2,0,"(24, 48]",0.7211250748055057,,False,False
CUS0007895,22.0,18.04,21.13,465,204,8,0,0,"(12, 24]",1.1712860310421287,"(7, 30]",False,False
CUS0004686,68.0,17.63,1.45,728,49,36,1,0,"(48, 72]",0.0822461712989223,"(30, 60]",False,False
CUS0004015,20.0,99.27,14.05,169,229,30,6,1,"(12, 24]",0.1415331923038179,"(7, 30]",True,False
CUS0006229,56.0,55.52662624177525,11.42,768,196,32,4,0,"(48, 72]",0.20566709654346343,"(30, 60]",False,True
CUS0000496,67.0,85.9,4.54,9,50,30,1,0,"(48, 72]",0.05285215366705471,"(7, 30]",True,False
CUS0005597,64.0,57.44,13.48,660,175,6,0,0,"(48, 72]",0.23467966573816157,"(-1, 7]",False,True
CUS0004024,10.0,13.62,4.9,885,229,12,0,1,"(6, 12]",0.35976505139500736,"(7, 30]",False,False
CUS0000638,55.0,14.57,8.218195789745577,689,104,9,0,0,"(48, 72]",0.5640491276421123,"(7, 30]",False,False
CUS0000126,62.0,16.44,16.05,316,164,29,0,0,"(48, 72]",0.9762773722627737,"(7, 30]",False,False
CUS0005173,37.0,13.57,2.33,149,24,2,0,0,"(24, 48]",0.17170228445099484,"(-1, 7]",False,False
CUS0006931,55.0,52.03,8.17,847,56,0,3,0,"(48, 72]",0.15702479338842976,"(-1, 7]",False,True
CUS0003218,35.0,45.87,6.75,976,28,2,1,0,"(24, 48]",0.1471550032701112,"(-1, 7]",False,True
CUS0001865,2.0,32.85,1.36,75,110,39,4,1,"(0, 6]",0.041400304414003046,"(30, 60]",False,True
CUS0005338,26.0,58.14,1.31,969,171,33,1,0,"(24, 48]",0.022531819745442036,"(30, 60]",False,True
CUS0006128,54.0,22.72,0.0,939,43,12,0,0,"(48, 72]",0.0,"(7, 30]",False,False
CUS0005825,57.0,113.11,8.218195789745577,533,56,16,0,0,"(48, 72]",0.07265666863889644,"(7, 30]",True,False
CUS0002315,43.0,25.39,7.65,351,207,44,1,1,"(24, 48]",0.3012997243009059,"(30, 60]",False,False
CUS0005281,26.0,46.85,12.51,141,60,17,5,1,"(24, 48]",0.2670224119530416,"(7, 30]",False,True
CUS0000307,11.0,119.46,0.98,104,236,6,0,0,"(6, 12]",0.008203582789218148,"(-1, 7]",True,False
CUS0003462,55.0,17.45,8.72,298,283,23,0,0,"(48, 72]",0.49971346704871067,"(7, 30]",False,False
CUS0005028,38.0,28.17,20.07,719,284,57,0,0,"(24, 48]",0.7124600638977635,"(30, 60]",False,False
CUS0006623,20.0,16.19,15.86,781,161,54,4,1,"(12, 24]",0.9796170475602223,"(30, 60]",False,False
CUS0006757,1.0,70.95,0.0,144,42,8,0,0,"(0, 6]",0.0,"(7, 30]",True,False
CUS0001075,45.0,92.89,18.17,712,18,9,2,0,"(24, 48]",0.19560770804176986,"(7, 30]",True,False
CUS0006052,7.0,61.32,1.6,266,126,9,0,0,"(6, 12]",0.026092628832354862,"(7, 30]",True,False
CUS0003522,67.0,22.98,0.0,672,41,17,1,0,"(48, 72]",0.0,"(7, 30]",False,False
CUS0005631,71.0,47.97,15.7,618,87,1,2,0,"(48, 72]",0.32728788826349803,"(-1, 7]",False,True
CUS0001290,2.0,46.78,10.83,424,63,5,2,0,"(0, 6]",0.23150919196237707,"(-1, 7]",False,True
CUS0001310,24.0,28.86,14.15,270,62,6,1,0,"(12, 24]",0.4902979902979903,"(-1, 7]",False,False
CUS0003403,28.0,11.78,13.61,484,12,24,1,0,"(24, 48]",1.1553480475382003,"(7, 30]",False,False
CUS0001152,29.0,19.32,9.28,762,62,58,2,0,"(24, 48]",0.48033126293995854,"(30, 60]",False,False
CUS0000626,38.0,26.97,0.0,297,161,54,0,1,"(24, 48]",0.0,"(30, 60]",False,False
CUS0004439,50.0,35.55,0.0,26,295,6,4,0,"(48, 72]",0.0,"(-1, 7]",False,True
CUS0001927,62.0,13.37,13.8,366,261,28,1,0,"(48, 72]",1.0321615557217652,"(7, 30]",False,False
CUS0001664,37.0,119.51,12.78,104,107,36,2,0,"(24, 48]",0.10693665802024935,"(30, 60]",True,False
CUS0001095,32.0,49.17,8.87,376,61,19,3,0,"(24, 48]",0.18039454952206627,"(7, 30]",False,True
CUS0003782,27.0,57.26,2.7,832,182,6,1,0,"(24, 48]",0.04715333566189312,"(-1, 7]",False,True
CUS0003351,32.0,28.74,13.72,145,158,32,0,0,"(24, 48]",0.477383437717467,"(30, 60]",False,False
CUS0001754,50.0,27.43,19.04,84,264,50,0,0,"(48, 72]",0.6941305140357272,"(30, 60]",False,False
CUS0003898,1.0,67.61,2.29,599,174,71,2,1,"(0, 6]",0.03387072918207366,,False,True
CUS0005014,26.0,68.64,3.13,935,261,22,0,0,"(24, 48]",0.0456002331002331,"(7, 30]",False,True
CUS0000885,30.0,11.65,8.79,55,130,2,4,1,"(24, 48]",0.7545064377682402,"(-1, 7]",False,False
CUS0002785,22.0,20.9,8.89,932,36,10,2,0,"(12, 24]",0.4253588516746412,"(7, 30]",False,False
CUS0005796,7.0,15.49,9.62,848,24,66,1,1,"(6, 12]",0.6210458360232407,,False,False
CUS0003085,63.0,57.49,0.0,104,19,12,0,0,"(48, 72]",0.0,"(7, 30]",False,True
CUS0005425,17.0,12.27,8.218195789745577,291,213,51,0,1,"(12, 24]",0.6697796079662247,"(30, 60]",False,False
CUS0000583,69.0,16.92,8.218195789745577,86,90,27,5,0,"(48, 72]",0.48570897102515226,"(7, 30]",False,False
CUS0000905,42.0,104.19,5.52,377,183,19,4,0,"(24, 48]",0.052980132450331126,"(7, 30]",True,False
CUS0004473,48.0,43.01,2.63,796,290,20,3,0,"(24, 48]",0.06114857009997675,"(7, 30]",False,True
CUS0001752,21.0,50.61,2.23,652,247,38,0,0,"(12, 24]",0.044062438253309626,"(30, 60]",False,True
CUS0003696,54.0,15.19,8.82,904,6,17,1,0,"(48, 72]",0.5806451612903226,"(7, 30]",False,False
CUS0001177,53.0,27.42,8.218195789745577,943,58,39,2,0,"(48, 72]",0.29971538255819025,"(30, 60]",False,False
CUS0003596,13.0,24.99,14.2,261,174,5,1,1,"(12, 24]",0.5682272909163666,"(-1, 7]",False,False
CUS0005122,40.0,99.44,8.05,523,173,4,0,0,"(24, 48]",0.08095333869670154,"(-1, 7]",True,False
CUS0001380,32.0,58.09,17.05,118,273,31,3,1,"(24, 48]",0.2935100705801343,"(30, 60]",False,True
CUS0004747,47.0,99.6,10.2,683,219,5,1,0,"(24, 48]",0.10240963855421686,"(-1, 7]",True,False
CUS0004967,16.0,48.51,4.05,601,124,2,3,0,"(12, 24]",0.08348794063079777,"(-1, 7]",False,True
CUS0000739,16.0,25.25,8.98,992,64,18,1,0,"(12, 24]",0.3556435643564357,"(7, 30]",False,False
CUS0003087,46.0,26.25,13.63,228,30,12,2,0,"(24, 48]",0.5192380952380953,"(7, 30]",False,False
CUS0005160,4.0,10.85,10.04,895,0,14,0,0,"(0, 6]",0.9253456221198156,"(7, 30]",False,False
CUS0007558,4.0,12.75,1.56,661,245,12,2,1,"(0, 6]",0.1223529411764706,"(7, 30]",False,False
CUS0002080,18.0,107.24,11.1,49,122,49,6,1,"(12, 24]",0.10350615441999254,"(30, 60]",True,False
CUS0001638,53.0,60.82,13.79,457,45,13,3,0,"(48, 72]",0.22673462676751066,"(7, 30]",True,False
CUS0000849,46.0,30.88,6.26,877,182,25,4,0,"(24, 48]",0.202720207253886,"(7, 30]",False,True
CUS0007080,62.0,21.52,10.84,523,157,39,0,1,"(48, 72]",0.5037174721189591,"(30, 60]",False,False
CUS0005436,39.0,19.93,0.94,17,61,68,5,1,"(24, 48]",0.047165077772202704,,False,False
CUS0001850,52.0,26.17,3.59,550,14,28,0,0,"(48, 72]",0.13717997707298432,"(7, 30]",False,False
CUS0006475,18.0,39.49,21.62,465,233,0,1,0,"(12, 24]",0.5474803747784249,"(-1, 7]",False,True
CUS0007408,31.0,24.23,23.34,834,181,24,2,0,"(24, 48]",0.963268675196038,"(7, 30]",False,False
CUS0005326,60.0,115.66,6.29,122,151,7,2,0,"(48, 72]",0.054383537956078164,"(-1, 7]",True,False
CUS0004834,34.0,55.52662624177525,11.23,91,174,47,4,0,"(24, 48]",0.20224531472706606,"(30, 60]",False,False
CUS0002595,45.0,15.39,11.64,650,102,15,2,0,"(24, 48]",0.7563352826510721,"(7, 30]",False,False
CUS0003424,63.0,23.14,2.99,13,120,9,0,0,"(48, 72]",0.12921348314606743,"(7, 30]",False,False
CUS0005439,72.0,51.63,14.24,334,18,4,0,0,"(48, 72]",0.2758086383885338,"(-1, 7]",False,True
CUS0005300,27.0,16.2,5.8,830,172,9,0,0,"(24, 48]",0.35802469135802467,"(7, 30]",False,False
CUS0003566,65.0,14.77,10.03,351,186,25,0,0,"(48, 72]",0.6790792146242383,"(7, 30]",False,False
CUS0004098,38.0,76.25,13.57,954,254,24,0,0,"(24, 48]",0.1779672131147541,"(7, 30]",True,False
CUS0005580,50.0,46.52,12.34,200,16,17,0,0,"(48, 72]",0.26526225279449694,"(7, 30]",False,True
CUS0002090,1.0,73.22,4.01,732,210,30,0,0,"(0, 6]",0.05476645725211691,"(7, 30]",True,False
CUS0004113,59.0,57.78,0.37,77,175,14,1,0,"(48, 72]",0.006403599861543786,"(7, 30]",False,True
CUS0000352,8.0,53.86,9.04,186,117,15,2,1,"(6, 12]",0.16784255477163013,"(7, 30]",False,True
CUS0007589,42.0,15.39,4.95,121,93,46,5,0,"(24, 48]",0.3216374269005848,"(30, 60]",False,False
CUS0004966,56.0,16.97,10.12,313,161,18,1,0,"(48, 72]",0.5963464938126105,"(7, 30]",False,False
CUS0006583,69.0,64.62,4.9,478,248,23,0,0,"(48, 72]",0.07582791705354379,"(7, 30]",False,True
CUS0000106,12.0,46.18,10.45,335,232,23,1,0,"(6, 12]",0.22628843655262018,"(7, 30]",False,True
CUS0001028,11.0,66.52,2.04,878,210,41,0,0,"(6, 12]",0.030667468430547205,"(30, 60]",True,False
CUS0005112,40.0,73.09,7.58,971,185,55,1,0,"(24, 48]",0.10370775755917362,"(30, 60]",True,False
CUS0001959,21.0,61.16,1.06,842,102,37,1,0,"(12, 24]",0.01733158927403532,"(30, 60]",False,True
CUS0002734,9.0,20.11,6.83,402,76,0,0,1,"(6, 12]",0.33963202386872204,"(-1, 7]",False,False
CUS0005920,29.0,28.35,0.0,879,62,10,4,0,"(24, 48]",0.0,"(7, 30]",False,False
CUS0003593,72.0,112.94,19.22,659,276,44,4,0,"(48, 72]",0.1701788560297503,"(30, 60]",True,False
CUS0001140,20.0,62.58,4.36,131,208,20,1,0,"(12, 24]",0.06967082134867371,"(7, 30]",False,True
CUS0001081,61.0,35.88,4.97,322,7,18,0,0,"(48, 72]",0.13851727982162762,"(7, 30]",False,True
CUS0006885,55.0,60.72,12.59,555,76,8,2,0,"(48, 72]",0.20734519104084323,"(7, 30]",False,True
CUS0001134,32.0,19.13,9.0,412,91,11,5,0,"(24, 48]",0.4704652378463147,"(7, 30]",False,False
CUS0006396,71.0,101.86,5.17,273,36,50,0,0,"(48, 72]",0.05075593952483801,"(30, 60]",True,False
CUS0006384,42.0,58.17,0.56,634,217,11,0,0,"(24, 48]",0.009626955475330927,"(7, 30]",False,True
CUS0005168,35.0,11.42,7.06,398,116,16,1,0,"(24, 48]",0.6182136602451839,"(7, 30]",False,False
CUS0005270,31.0,38.69,17.59,144,138,10,0,0,"(24, 48]",0.45463944171620574,"(7, 30]",False,True
CUS0004311,9.0,61.24,0.08,96,210,24,0,0,"(6, 12]",0.0013063357282821686,"(7, 30]",False,True
CUS0003433,4.0,20.42,7.78,993,86,15,0,0,"(0, 6]",0.3809990205680705,"(7, 30]",False,False
CUS0007758,20.0,57.29,5.48,993,168,3,0,0,"(12, 24]",0.09565369174375983,"(-1, 7]",False,True
CUS0005814,3.0,26.42,16.63,984,266,1,2,1,"(0, 6]",0.629447388342165,"(-1, 7]",False,False
CUS0006533,31.0,37.69,10.94,772,97,43,6,1,"(24, 48]",0.29026266914300874,"(30, 60]",False,True
CUS0004828,61.0,67.57,6.55,352,154,40,0,0,"(48, 72]",0.09693651028562972,"(30, 60]",False,True
CUS0002031,24.0,62.07,11.86,839,272,25,2,0,"(12, 24]",0.1910745932012244,"(7, 30]",False,True
CUS0000713,41.0,12.85,8.218195789745577,544,121,53,1,0,"(24, 48]",0.6395483104860371,"(30, 60]",False,False
CUS0000365,68.0,102.83,7.8,448,44,26,1,0,"(48, 72]",0.07585335018963338,"(7, 30]",True,False
CUS0000146,67.0,60.4,0.54,557,19,49,6,0,"(48, 72]",0.008940397350993378,"(30, 60]",True,False
CUS0002076,72.0,11.71,0.0,501,171,22,1,0,"(48, 72]",0.0,"(7, 30]",False,False
CUS0007419,72.0,58.75,5.24,617,183,28,2,0,"(48, 72]",0.08919148936170213,"(7, 30]",False,True
CUS0004743,43.0,43.63885951963101,12.56,238,47,44,1,0,"(24, 48]",0.2878168709782588,"(30, 60]",False,False
CUS0001922,17.0,27.53,9.69,613,119,34,0,0,"(12, 24]",0.35197965855430435,"(30, 60]",False,False
CUS0007164,50.0,55.52662624177525,10.25,947,216,8,3,0,"(48, 72]",0.184596124305648,"(7, 30]",False,True
CUS0005611,63.0,76.48,10.17,468,51,45,1,0,"(48, 72]",0.13297594142259414,"(30, 60]",True,False
CUS0002891,24.0,10.47,0.63,233,288,71,1,1,"(12, 24]",0.06017191977077364,,False,False
CUS0007940,6.0,40.35,9.84,44,160,41,2,0,"(0, 6]",0.24386617100371746,"(30, 60]",False,True
CUS0004280,9.0,21.08,3.02,431,113,21,6,1,"(6, 12]",0.14326375711574954,"(7, 30]",False,False
CUS0000734,2.0,91.46,0.0,445,38,6,0,0,"(0, 6]",0.0,"(-1, 7]",True,False
CUS0001543,20.0,13.36,2.49,330,122,21,3,0,"(12, 24]",0.18637724550898205,"(7, 30]",False,False
CUS0007845,68.0,44.28,8.79,928,195,0,2,0,"(48, 72]",0.19850948509485092,"(-1, 7]",False,True
CUS0003745,15.0,44.34,4.73,655,189,34,0,0,"(12, 24]",0.10667568786648625,"(30, 60]",False,True
CUS0003740,41.0,39.89,18.53,412,59,16,5,1,"(24, 48]",0.46452745048884436,"(7, 30]",False,True
CUS0002117,57.0,62.69,3.35,666,241,10,1,0,"(48, 72]",0.053437549848460685,"(7, 30]",False,True
CUS0002074,31.0,18.17,4.08,784,215,7,1,0,"(24, 48]",0.22454595487066592,"(-1, 7]",False,False
CUS0003317,17.0,42.13,0.18,735,284,7,1,0,"(12, 24]",0.0042724899121765955,"(-1, 7]",False,True
CUS0001688,71.0,21.14,13.15,209,42,7,2,0,"(48, 72]",0.6220435193945127,"(-1, 7]",False,False
CUS0000112,45.0,24.38,5.7,774,245,9,0,1,"(24, 48]",0.23379819524200166,"(7, 30]",False,False
CUS0005172,24.0,28.43,10.68,757,31,11,0,0,"(12, 24]",0.37565951459725644,"(7, 30]",False,False
CUS0001265,9.0,55.52662624177525,5.4,798,119,36,1,1,"(6, 12]",0.09725064109760968,"(30, 60]",True,False
CUS0003006,16.0,25.5,13.67,402,141,30,1,0,"(12, 24]",0.5360784313725491,"(7, 30]",False,False
CUS0004378,63.0,17.02,5.0,470,57,21,1,0,"(48, 72]",0.2937720329024677,"(7, 30]",False,False
CUS0002051,54.0,106.54,14.59,354,285,42,1,0,"(48, 72]",0.13694387084663037,"(30, 60]",True,False
CUS0004168,38.0,10.16,7.6,856,61,19,0,0,"(24, 48]",0.7480314960629921,"(7, 30]",False,False
CUS0001084,71.0,37.1,10.65,877,275,9,0,0,"(48, 72]",0.28706199460916443,"(7, 30]",False,True
CUS0002139,27.0,10.08,8.86,598,107,8,0,0,"(24, 48]",0.878968253968254,"(7, 30]",False,False
CUS0001694,39.0,60.29,8.218195789745577,341,64,10,0,0,"(24, 48]",0.13631109288017212,"(7, 30]",False,True
CUS0004557,28.0,17.64,8.91,36,227,42,0,0,"(24, 48]",0.5051020408163265,"(30, 60]",False,False
CUS0004340,68.0,14.15,7.18,717,34,27,3,0,"(48, 72]",0.5074204946996466,"(7, 30]",False,False
CUS0003368,60.0,58.58,3.57,67,259,13,1,0,"(48, 72]",0.06094230112666439,"(7, 30]",False,True
CUS0000863,66.0,58.15,1.02,777,218,22,4,0,"(48, 72]",0.017540842648323302,"(7, 30]",False,True
CUS0003641,54.0,53.17,6.93,194,129,11,1,0,"(48, 72]",0.13033665600902763,"(7, 30]",False,True
CUS0001301,68.0,25.37,12.14,297,177,26,0,0,"(48, 72]",0.47851793456838787,"(7, 30]",False,False
CUS0005556,44.0,13.07,5.53,22,136,62,1,0,"(24, 48]",0.423106350420811,,False,False
CUS0007555,8.0,76.53,11.08,378,168,36,1,0,"(6, 12]",0.14477982490526592,"(30, 60]",True,False
CUS0000377,29.0,17.58,8.92,811,101,55,1,0,"(24, 48]",0.5073947667804324,"(30, 60]",False,False
CUS0001215,45.0,68.4,7.3,332,163,71,2,0,"(24, 48]",0.1067251461988304,,False,True
CUS0003210,28.0,27.03,8.01,815,201,25,3,0,"(24, 48]",0.29633740288568255,"(7, 30]",False,False
CUS0003588,7.0,12.14,0.0,634,173,25,0,1,"(6, 12]",0.0,"(7, 30]",False,False
CUS0007573,25.0,43.63885951963101,8.56,500,142,47,5,1,"(24, 48]",0.19615544709983246,"(30, 60]",False,True
CUS0000009,25.0,16.79,10.83,724,207,70,0,1,"(24, 48]",0.6450268016676594,,False,False
CUS0003227,8.0,54.05,2.28,323,247,42,0,0,"(6, 12]",0.042183163737280295,"(30, 60]",False,True
CUS0003457,56.0,115.86,9.24,317,13,3,2,0,"(48, 72]",0.0797514241325738,"(-1, 7]",True,False
CUS0003776,64.0,21.61,8.218195789745577,757,57,18,1,0,"(48, 72]",0.3802959643565746,"(7, 30]",False,False
CUS0007244,23.0,27.0,3.65,227,62,27,0,0,"(12, 24]",0.13518518518518519,"(7, 30]",False,False
CUS0002960,36.0,56.23,0.94,326,142,19,0,0,"(24, 48]",0.016717054952872134,"(7, 30]",False,True
CUS0003828,6.0,69.76,12.99,931,75,18,1,0,"(0, 6]",0.18620986238532108,"(7, 30]",True,False
CUS0002150,69.0,11.24,0.0,296,97,61,4,1,"(48, 72]",0.0,,False,False
CUS0002559,15.0,28.32,11.92,983,150,38,2,1,"(12, 24]",0.4209039548022599,"(30, 60]",False,False
CUS0001632,33.0,18.78,0.0,455,130,18,1,0,"(24, 48]",0.0,"(7, 30]",False,False
CUS0005774,20.0,12.83,8.28,155,168,42,0,0,"(12, 24]",0.6453624318004676,"(30, 60]",False,False
CUS0005674,23.0,55.52662624177525,11.84,963,112,51,1,0,"(12, 24]",0.21323103529549975,"(30, 60]",False,False
CUS0006541,29.0,21.19,7.57,675,226,12,4,0,"(24, 48]",0.3572439830108542,"(7, 30]",False,False
CUS0000318,67.0,18.88,10.64,342,91,17,0,0,"(48, 72]",0.5635593220338984,"(7, 30]",False,False
CUS0004684,63.0,13.45,12.0,351,81,13,0,0,"(48, 72]",0.892193308550186,"(7, 30]",False,False
CUS0006994,40.0,19.78,13.78,213,192,48,4,1,"(24, 48]",0.6966632962588473,"(30, 60]",False,False
CUS0006918,71.0,50.89,7.66,939,220,45,2,0,"(48, 72]",0.15052073098840638,"(30, 60]",False,True
CUS0004793,4.0,43.63885951963101,1.41,666,267,14,5,1,"(0, 6]",0.03231065191714529,"(7, 30]",False,True
CUS0000125,40.0,19.43,9.0,352,297,14,1,0,"(24, 48]",0.46320123520329387,"(7, 30]",False,False
CUS0007894,49.0,30.34,11.76,437,67,23,0,1,"(48, 72]",0.38760711931443637,"(7, 30]",False,True
CUS0002193,30.0,23.74,5.71,560,267,15,0,0,"(24, 48]",0.24052232518955352,"(7, 30]",False,False
CUS0005212,62.0,62.69,1.83,348,40,38,1,0,"(48, 72]",0.02919125857393524,"(30, 60]",True,False
CUS0007919,59.0,102.41,4.92,208,235,32,0,0,"(48, 72]",0.04804218338052925,"(30, 60]",True,False
CUS0001021,34.0,71.18,10.52,175,126,31,3,0,"(24, 48]",0.14779432424838435,"(30, 60]",True,False
CUS0006554,49.0,12.23,6.58,137,134,13,1,0,"(48, 72]",0.5380212591986917,"(7, 30]",False,False
CUS0003459,8.0,24.19,12.79,495,172,12,6,0,"(6, 12]",0.5287308805291442,"(7, 30]",False,False
CUS0005411,43.0,40.86,8.218195789745577,902,13,15,3,0,"(24, 48]",0.20113058712054765,"(7, 30]",False,True
CUS0006687,50.0,33.32,9.06,471,1,40,0,0,"(48, 72]",0.27190876350540216,"(30, 60]",False,True
CUS0002615,14.0,49.78,2.33,489,263,16,3,0,"(12, 24]",0.04680594616311772,"(7, 30]",False,True
CUS0000137,38.0,83.75,7.71,35,45,77,0,0,"(24, 48]",0.09205970149253731,,True,False
CUS0000744,20.0,34.18,3.21,973,57,61,1,1,"(12, 24]",0.09391456992393213,,False,True
CUS0003957,42.0,66.46,9.87,69,5,10,5,1,"(24, 48]",0.1485103821847728,"(7, 30]",False,True
CUS0003901,7.0,58.51,0.0,577,72,16,1,1,"(6, 12]",0.0,"(7, 30]",False,True
CUS0004924,3.0,41.99,0.0,520,70,5,0,0,"(0, 6]",0.0,"(-1, 7]",False,True
CUS0006326,31.0,114.9,5.9,934,190,0,0,0,"(24, 48]",0.05134899912967798,"(-1, 7]",True,False
CUS0005603,31.0,27.88,6.67,281,117,12,1,0,"(24, 48]",0.23923959827833574,"(7, 30]",False,False
CUS0007379,15.0,12.94,3.35,968,125,19,0,0,"(12, 24]",0.258887171561051,"(7, 30]",False,False
CUS0007586,24.0,27.85,10.06,35,155,40,1,0,"(12, 24]",0.36122082585278276,"(30, 60]",False,False
CUS0003417,57.0,22.54,13.77,460,83,12,0,0,"(48, 72]",0.6109139307897072,"(7, 30]",False,False
CUS0005812,33.0,30.49,9.22,402,137,1,3,0,"(24, 48]",0.3023942276156117,"(-1, 7]",False,True
CUS0005379,54.0,58.33,6.37,603,177,13,2,0,"(48, 72]",0.10920624035659181,"(7, 30]",False,True
CUS0000216,41.0,115.71,2.67,408,193,22,1,0,"(24, 48]",0.023074928701063004,"(7, 30]",True,False
CUS0003412,34.0,116.41,17.82,463,217,5,5,0,"(24, 48]",0.15307963233399194,"(-1, 7]",True,False
CUS0003265,49.0,40.57,7.95,676,69,46,0,0,"(48, 72]",0.1959576041409909,"(30, 60]",False,True
CUS0006453,13.0,50.35,0.63,648,103,10,5,1,"(12, 24]",0.012512413108242304,"(7, 30]",False,True
CUS0007263,14.0,40.81,8.99,600,213,60,1,1,"(12, 24]",0.22028914481744669,"(30, 60]",False,True
CUS0005084,60.0,17.23,6.12,144,285,37,1,0,"(48, 72]",0.355194428322693,"(30, 60]",False,False
CUS0005372,44.0,15.77,6.85,806,8,16,1,0,"(24, 48]",0.4343690551680406,"(7, 30]",False,False
CUS0004745,61.0,21.87,5.21,968,185,28,0,0,"(48, 72]",0.23822588020118884,"(7, 30]",False,False
CUS0000861,15.0,27.42,5.36,168,273,32,1,0,"(12, 24]",0.19547775346462437,"(30, 60]",False,False
CUS0000992,23.0,33.52,7.94,470,70,20,0,0,"(12, 24]",0.23687350835322193,"(7, 30]",False,True
CUS0007687,32.0,37.73,14.37,328,0,47,0,0,"(24, 48]",0.3808640339252584,"(30, 60]",False,True
CUS0000655,62.0,26.18,6.87,921,150,5,0,0,"(48, 72]",0.2624140565317036,"(-1, 7]",False,False
CUS0004189,46.0,77.28,16.15,898,139,19,0,1,"(24, 48]",0.20898033126293994,"(7, 30]",True,False
CUS0004465,69.0,35.27,17.29,652,192,14,1,0,"(48, 72]",0.49021831584916353,"(7, 30]",False,True
CUS0004706,3.0,13.31,15.71,194,50,28,2,0,"(0, 6]",1.1803155522163786,"(7, 30]",False,False
CUS0000615,24.0,11.62,9.08,932,104,20,2,0,"(12, 24]",0.7814113597246128,"(7, 30]",False,False
CUS0007547,42.0,19.44,4.99,833,143,31,1,0,"(24, 48]",0.2566872427983539,"(30, 60]",False,False
CUS0002230,5.0,13.66,4.73,171,291,21,0,0,"(0, 6]",0.3462664714494876,"(7, 30]",False,False
CUS0001924,22.0,17.93,2.31,581,201,33,0,0,"(12, 24]",0.12883435582822086,"(30, 60]",False,False
CUS0002806,45.0,47.82,2.86,225,86,19,1,0,"(24, 48]",0.059807611877875366,"(7, 30]",False,True
CUS0007285,16.0,20.21,0.0,404,275,26,0,0,"(12, 24]",0.0,"(7, 30]",False,False
CUS0006224,24.0,60.62,16.57,421,27,24,0,0,"(12, 24]",0.2733421313097988,"(7, 30]",True,False
CUS0000972,32.0,66.14,6.41,998,158,9,0,1,"(24, 48]",0.09691563350468703,"(7, 30]",False,True
CUS0007723,38.0,107.6,3.81,184,225,43,5,0,"(24, 48]",0.03540892193308551,"(30, 60]",True,False
CUS0001374,6.0,67.73,2.32,753,15,10,1,1,"(0, 6]",0.034253654215266494,"(7, 30]",True,False
CUS0005712,63.0,29.49,13.57,50,37,52,3,1,"(48, 72]",0.4601559850796881,"(30, 60]",False,False
CUS0002800,72.0,42.85,0.0,996,69,36,1,0,"(48, 72]",0.0,"(30, 60]",False,True
CUS0002761,70.0,86.26,10.58,394,54,22,2,0,"(48, 72]",0.12265244609320658,"(7, 30]",True,False
CUS0005118,72.0,37.67,4.21,313,235,81,2,0,"(48, 72]",0.11176002123705867,,False,True
CUS0003572,21.0,13.46,0.11,541,63,24,0,0,"(12, 24]",0.008172362555720653,"(7, 30]",False,False
CUS0003410,41.0,24.73,15.65,313,126,9,1,0,"(24, 48]",0.632834613829357,"(7, 30]",False,False
CUS0002135,36.56668337929305,95.86,5.51,292,267,3,0,0,"(24, 48]",0.057479657834341745,"(-1, 7]",True,False
CUS0000589,11.0,59.29,2.06,219,244,2,3,0,"(6, 12]",0.03474447630291786,"(-1, 7]",False,True
CUS0001848,44.0,32.27,14.82,45,114,16,0,1,"(24, 48]",0.45925007747133556,"(7, 30]",False,True
CUS0002412,62.0,31.32,7.02,876,238,7,3,0,"(48, 72]",0.22413793103448273,"(-1, 7]",False,True
CUS0004911,10.0,23.16,8.74,649,109,57,3,1,"(6, 12]",0.37737478411053543,"(30, 60]",False,False
CUS0003924,5.0,21.37,7.81,23,180,41,0,1,"(0, 6]",0.3654656059897052,"(30, 60]",False,False
CUS0007737,65.0,23.62,1.95,943,238,22,3,0,"(48, 72]",0.08255715495342929,"(7, 30]",False,False
CUS0005576,17.0,46.82,0.0,554,260,53,0,0,"(12, 24]",0.0,"(30, 60]",False,True
CUS0000706,37.0,55.52662624177525,17.97,253,291,63,2,0,"(24, 48]",0.32362852231926775,,True,False
CUS0001456,60.0,117.7,14.96,279,258,12,1,0,"(48, 72]",0.12710280373831775,"(7, 30]",True,False
CUS0006199,20.0,21.92,0.88,960,196,16,0,1,"(12, 24]",0.040145985401459854,"(7, 30]",False,False
CUS0001531,26.0,12.06,17.75,790,136,21,1,0,"(24, 48]",1.4718076285240465,"(7, 30]",False,False
CUS0006317,56.0,19.51,5.59,566,140,33,4,1,"(48, 72]",0.28651973347001536,"(30, 60]",False,False
CUS0006343,69.0,68.14,8.91,986,106,6,1,0,"(48, 72]",0.1307601995890813,"(-1, 7]",True,False
CUS0005126,48.0,23.63,6.64,931,263,5,0,0,"(24, 48]",0.2809987304274228,"(-1, 7]",False,False
CUS0007019,54.0,26.45,6.09,507,281,23,0,0,"(48, 72]",0.23024574669187145,"(7, 30]",False,False
CUS0007473,30.0,20.94,2.25,181,147,21,1,0,"(24, 48]",0.10744985673352435,"(7, 30]",False,False
CUS0003841,35.0,21.41,13.63,403,264,47,0,0,"(24, 48]",0.6366184026156002,"(30, 60]",False,False
CUS0000488,18.0,91.6,7.65,269,189,17,1,0,"(12, 24]",0.08351528384279477,"(7, 30]",True,False
CUS0000164,32.0,48.81,6.25,82,195,39,0,0,"(24, 48]",0.1280475312435976,"(30, 60]",False,True
CUS0001379,54.0,82.8,0.0,669,211,47,0,0,"(48, 72]",0.0,"(30, 60]",True,False
CUS0001815,19.0,21.59,6.99,606,263,79,4,1,"(12, 24]",0.3237610004631774,,False,False
CUS0006946,50.0,13.28,4.17,276,118,30,1,0,"(48, 72]",0.31400602409638556,"(7, 30]",False,False
CUS0006308,3.0,64.8,8.16,498,296,2,0,0,"(0, 6]",0.12592592592592594,"(-1, 7]",True,False
CUS0005870,26.0,68.12,15.27,557,68,5,0,0,"(24, 48]",0.22416324133881382,"(-1, 7]",False,True
CUS0001941,51.0,15.62,15.55,32,115,10,0,0,"(48, 72]",0.9955185659411012,"(7, 30]",False,False
CUS0004284,13.0,19.13,12.62,144,275,45,0,0,"(12, 24]",0.6596968112911658,"(30, 60]",False,False
CUS0004309,17.0,10.8,9.23,598,239,27,0,1,"(12, 24]",0.8546296296296296,"(7, 30]",False,False
CUS0004656,35.0,49.97,8.78,215,89,18,2,1,"(24, 48]",0.17570542325395236,"(7, 30]",False,True
CUS0000929,54.0,49.19,13.8,534,87,13,0,0,"(48, 72]",0.2805448261841838,"(7, 30]",False,True
CUS0002882,32.0,48.82,5.6,528,281,22,3,0,"(24, 48]",0.11470708725931994,"(7, 30]",False,True
CUS0005851,31.0,57.56,6.08,990,214,28,0,0,"(24, 48]",0.10562890896455872,"(7, 30]",False,True
CUS0004768,16.0,22.9,6.08,2,75,10,0,0,"(12, 24]",0.26550218340611353,"(7, 30]",False,False
CUS0006022,56.0,27.7,15.53,178,204,35,0,0,"(48, 72]",0.5606498194945848,"(30, 60]",False,False
CUS0004409,26.0,43.0,5.55,384,81,36,1,1,"(24, 48]",0.12906976744186047,"(30, 60]",False,True
CUS0004259,37.0,10.19,4.36,823,299,11,0,0,"(24, 48]",0.4278704612365064,"(7, 30]",False,False
CUS0002102,30.0,53.25,7.55,868,199,5,2,0,"(24, 48]",0.14178403755868543,"(-1, 7]",False,True
CUS0003003,55.0,29.34,4.48,490,75,28,0,0,"(48, 72]",0.152692569870484,"(7, 30]",False,False
CUS0003814,57.0,23.3,4.36,932,219,58,0,0,"(48, 72]",0.1871244635193133,"(30, 60]",False,False
CUS0007657,17.0,21.82,6.26,522,79,42,0,1,"(12, 24]",0.28689275893675525,"(30, 60]",False,False
CUS0006242,31.0,36.15,12.9,769,249,14,0,0,"(24, 48]",0.35684647302904565,"(7, 30]",False,True
CUS0006537,47.0,58.68,5.86,250,148,13,1,0,"(24, 48]",0.09986366734832994,"(7, 30]",False,True
CUS0007452,22.0,95.42,0.0,665,98,2,4,0,"(12, 24]",0.0,"(-1, 7]",True,False
CUS0002870,2.0,66.59,8.218195789745577,910,9,38,0,0,"(0, 6]",0.12341486393971432,"(30, 60]",True,False
CUS0003030,34.0,38.06,15.05,499,214,13,3,0,"(24, 48]",0.3954282711508145,"(7, 30]",False,True
CUS0001724,66.0,19.48,6.94,198,258,31,0,0,"(48, 72]",0.3562628336755647,"(30, 60]",False,False
CUS0002075,23.0,20.3,0.0,785,119,49,3,1,"(12, 24]",0.0,"(30, 60]",False,False
CUS0004388,33.0,29.11,11.6,498,287,0,0,0,"(24, 48]",0.3984884919271728,"(-1, 7]",False,False
CUS0005240,11.0,17.03,8.02,727,263,5,1,0,"(6, 12]",0.47093364650616554,"(-1, 7]",False,False
CUS0000642,52.0,27.46,7.04,595,113,23,0,0,"(48, 72]",0.2563729060451566,"(7, 30]",False,False
CUS0000522,59.0,21.38,6.48,4,224,28,0,0,"(48, 72]",0.30308699719363896,"(7, 30]",False,False
CUS0005963,31.0,17.33,4.14,48,107,38,1,1,"(24, 48]",0.23889209463358338,"(30, 60]",False,False
CUS0004229,71.0,10.85,15.64,456,157,7,0,0,"(48, 72]",1.4414746543778802,"(-1, 7]",False,False
CUS0004643,2.0,83.75,1.44,153,245,11,0,1,"(0, 6]",0.017194029850746268,"(7, 30]",True,False
CUS0006100,33.0,29.62,7.97,944,250,31,5,0,"(24, 48]",0.2690749493585415,"(30, 60]",False,False
CUS0001967,16.0,33.27,12.78,833,201,26,0,0,"(12, 24]",0.38412984670874656,"(7, 30]",False,True
CUS0000121,46.0,80.83,7.38,854,207,34,0,0,"(24, 48]",0.09130273413336633,"(30, 60]",True,False
CUS0004672,35.0,67.05,2.73,960,117,44,0,0,"(24, 48]",0.0407158836689038,"(30, 60]",False,True
CUS0004526,4.0,90.11,13.9,804,215,38,1,0,"(0, 6]",0.15425590944401288,"(30, 60]",True,False
CUS0007662,72.0,14.1,10.49,443,300,18,1,0,"(48, 72]",0.7439716312056738,"(7, 30]",False,False
CUS0006801,61.0,110.41,5.62,677,216,26,0,0,"(48, 72]",0.050901186486731274,"(7, 30]",True,False
CUS0003869,45.0,103.51,14.7,855,228,66,2,1,"(24, 48]",0.14201526422567867,,True,False
CUS0002425,38.0,61.84,8.05,166,277,25,4,1,"(24, 48]",0.1301746442432083,"(7, 30]",True,False
CUS0007221,36.0,79.73,15.71,520,75,11,0,0,"(24, 48]",0.1970400100338643,"(7, 30]",True,False
CUS0007045,70.0,26.27,16.18,703,25,31,1,0,"(48, 72]",0.6159116863342216,"(30, 60]",False,False
CUS0005142,60.0,77.05,0.0,663,145,0,1,0,"(48, 72]",0.0,"(-1, 7]",True,False
CUS0006314,18.0,21.55,12.02,521,250,4,2,1,"(12, 24]",0.5577726218097447,"(-1, 7]",False,False
CUS0003466,25.0,28.68,9.16,805,228,0,0,0,"(24, 48]",0.3193863319386332,"(-1, 7]",False,False
CUS0007291,12.0,84.35,5.53,472,125,22,3,1,"(6, 12]",0.06556016597510374,"(7, 30]",True,False
CUS0002974,33.0,16.62,12.56,797,108,45,0,0,"(24, 48]",0.7557160048134777,"(30, 60]",False,False
CUS0004942,35.0,16.47,0.0,254,233,7,0,0,"(24, 48]",0.0,"(-1, 7]",False,False
CUS0002169,25.0,56.88,12.95,791,25,8,6,0,"(24, 48]",0.22767229254571025,"(7, 30]",False,True
CUS0007399,48.0,14.97,8.62,462,189,12,0,0,"(24, 48]",0.575818303273213,"(7, 30]",False,False
CUS0005078,30.0,16.62,14.28,899,68,37,1,0,"(24, 48]",0.8592057761732851,"(30, 60]",False,False
CUS0002749,38.0,10.3,2.75,863,231,26,3,0,"(24, 48]",0.2669902912621359,"(7, 30]",False,False
CUS0007988,64.0,40.45,16.25,460,255,34,2,1,"(48, 72]",0.4017305315203955,"(30, 60]",False,True
CUS0005514,47.0,33.87,2.38,561,128,14,4,0,"(24, 48]",0.07026867434307647,"(7, 30]",False,True
CUS0001656,27.0,14.49,7.66,69,291,57,2,1,"(24, 48]",0.52864044168392,"(30, 60]",False,False
CUS0000290,64.0,63.03,3.85,159,255,5,2,0,"(48, 72]",0.06108202443280977,"(-1, 7]",True,False
CUS0006499,71.0,98.35,17.55,971,254,23,7,0,"(48, 72]",0.17844433146924252,"(7, 30]",True,False
CUS0000702,26.0,46.77,13.45,574,255,26,2,0,"(24, 48]",0.28757750694889883,"(7, 30]",False,True
CUS0007054,55.0,48.23,12.76,857,173,16,1,0,"(48, 72]",0.2645656230561891,"(7, 30]",False,True
CUS0000513,20.0,11.87,9.09,191,65,47,1,0,"(12, 24]",0.7657961246840775,"(30, 60]",False,False
CUS0001350,54.0,15.12,8.9,417,245,4,0,0,"(48, 72]",0.5886243386243387,"(-1, 7]",False,False
CUS0007407,68.0,49.88,8.08,844,20,39,0,1,"(48, 72]",0.1619887730553328,"(30, 60]",False,True
CUS0007238,17.0,24.87,9.09,224,250,49,0,0,"(12, 24]",0.3655006031363088,"(30, 60]",False,False
CUS0001726,11.0,30.71,5.56,658,35,2,0,0,"(6, 12]",0.18104851839791597,"(-1, 7]",False,True
CUS0005137,50.0,10.84,1.9,581,188,8,0,0,"(48, 72]",0.17527675276752766,"(7, 30]",False,False
CUS0006511,14.0,25.54,2.32,633,73,37,1,0,"(12, 24]",0.0908379013312451,"(30, 60]",False,False
CUS0002305,57.0,22.93,16.92,505,187,3,3,1,"(48, 72]",0.7378979502834715,"(-1, 7]",False,False
CUS0005492,2.0,22.97,14.44,286,152,56,5,1,"(0, 6]",0.6286460600783631,"(30, 60]",False,False
CUS0000346,4.0,21.8,6.69,342,78,49,0,0,"(0, 6]",0.30688073394495413,"(30, 60]",False,False
CUS0000222,49.0,26.31,8.218195789745577,253,5,4,0,0,"(48, 72]",0.3123601592453659,"(-1, 7]",False,False
CUS0000882,38.0,10.51,16.4,594,285,58,0,1,"(24, 48]",1.5604186489058038,"(30, 60]",False,False
CUS0004786,7.0,26.81,0.0,194,110,4,0,0,"(6, 12]",0.0,"(-1, 7]",False,False
CUS0005355,62.0,77.72,0.0,547,177,38,0,0,"(48, 72]",0.0,"(30, 60]",True,False
CUS0007683,68.0,51.92,5.4,242,295,50,0,1,"(48, 72]",0.10400616332819723,"(30, 60]",False,True
CUS0000521,10.0,14.5,9.46,561,135,12,4,1,"(6, 12]",0.6524137931034484,"(7, 30]",False,False
CUS0007129,42.0,55.54,8.218195789745577,577,168,13,0,0,"(24, 48]",0.14796895552296682,"(7, 30]",False,True
CUS0000533,36.0,18.42,7.43,4,273,44,0,0,"(24, 48]",0.40336590662323557,"(30, 60]",False,False
CUS0003300,67.0,50.33,12.07,958,196,35,2,0,"(48, 72]",0.23981720643751242,"(30, 60]",False,True
CUS0000695,55.0,41.77,11.12,69,142,29,1,0,"(48, 72]",0.26621977495810384,"(7, 30]",False,True
CUS0002416,8.0,67.07,6.74,201,188,17,1,1,"(6, 12]",0.10049202325928136,"(7, 30]",False,True
CUS0004871,39.0,39.79,13.97,422,234,32,2,0,"(24, 48]",0.35109323950741395,"(30, 60]",False,True
CUS0001390,34.0,61.26,3.53,367,152,28,0,0,"(24, 48]",0.05762324518445968,"(7, 30]",False,True
CUS0004505,48.0,83.45,1.4,835,297,7,3,0,"(24, 48]",0.016776512881965248,"(-1, 7]",True,False
CUS0001768,18.0,55.52662624177525,3.02,834,130,11,0,0,"(12, 24]",0.054388321502737265,"(7, 30]",False,False
CUS0000704,54.0,55.52662624177525,11.17,481,279,37,0,0,"(48, 72]",0.20116475204820372,"(30, 60]",False,False
CUS0004153,7.0,49.0,17.01,767,222,25,0,1,"(6, 12]",0.3471428571428572,"(7, 30]",False,True
CUS0006413,65.0,67.01,13.09,323,293,13,4,0,"(48, 72]",0.19534397851067004,"(7, 30]",False,True
CUS0006232,36.56668337929305,55.52662624177525,5.66,445,23,56,1,1,"(24, 48]",0.10193307937267977,"(30, 60]",False,False
CUS0003931,26.0,20.29,0.44,934,69,30,2,0,"(24, 48]",0.02168555938886151,"(7, 30]",False,False
CUS0003344,66.0,44.73,16.38,768,239,15,0,0,"(48, 72]",0.36619718309859156,"(7, 30]",False,True
CUS0005627,18.0,17.25,7.14,76,39,85,0,0,"(12, 24]",0.41391304347826086,,False,False
CUS0000466,21.0,27.36,11.58,107,8,3,0,0,"(12, 24]",0.42324561403508776,"(-1, 7]",False,False
CUS0004010,69.0,64.0,7.43,709,42,33,3,0,"(48, 72]",0.11609375,"(30, 60]",False,True
CUS0000124,16.0,17.89,7.96,851,298,31,0,1,"(12, 24]",0.44494130799329235,"(30, 60]",False,False
CUS0004797,3.0,34.82,16.4,974,195,27,1,1,"(0, 6]",0.47099368179207346,"(7, 30]",False,True
CUS0005037,31.0,20.71,5.82,418,17,15,2,0,"(24, 48]",0.2810236600676002,"(7, 30]",False,False
CUS0004101,61.0,29.73,3.19,334,163,6,2,0,"(48, 72]",0.10729902455432223,"(-1, 7]",False,False
CUS0005009,49.0,15.59,14.32,456,253,18,2,1,"(48, 72]",0.9185375240538807,"(7, 30]",False,False
CUS0006013,67.0,21.11,8.03,310,78,30,2,0,"(48, 72]",0.38038844149692086,"(7, 30]",False,False
CUS0001333,21.0,97.55,4.69,999,219,1,7,1,"(12, 24]",0.04807790876473604,"(-1, 7]",True,False
CUS0000226,14.0,34.81,8.218195789745577,36,102,50,0,0,"(12, 24]",0.23608721027709212,"(30, 60]",False,True
CUS0002981,62.0,11.23,11.65,191,48,45,0,0,"(48, 72]",1.03739982190561,"(30, 60]",False,False
CUS0007105,18.0,55.52662624177525,5.62,85,260,16,1,0,"(12, 24]",0.10121270425343823,"(7, 30]",False,False
CUS0006184,57.0,55.52662624177525,11.24,720,13,42,6,0,"(48, 72]",0.20242540850687646,"(30, 60]",True,False
CUS0001000,10.0,28.72,14.12,387,123,70,0,1,"(6, 12]",0.49164345403899723,,False,False
CUS0000434,30.0,23.88,4.57,279,127,3,0,0,"(24, 48]",0.1913735343383585,"(-1, 7]",False,False
CUS0005306,59.0,25.47,5.97,625,9,10,0,0,"(48, 72]",0.23439340400471143,"(7, 30]",False,False
CUS0007261,8.0,63.1,8.218195789745577,84,23,47,2,1,"(6, 12]",0.13024082075666524,"(30, 60]",True,False
CUS0005912,23.0,55.52662624177525,6.01,956,35,47,1,1,"(12, 24]",0.10823636166604336,"(30, 60]",False,False
CUS0007796,1.0,19.89,6.59,987,271,55,2,0,"(0, 6]",0.3313222724987431,"(30, 60]",False,False
CUS0004337,10.0,27.07,9.94,486,278,41,4,1,"(6, 12]",0.3671961581086073,"(30, 60]",False,False
CUS0002772,60.0,50.29,27.6,868,254,42,1,0,"(48, 72]",0.5488168621992444,"(30, 60]",False,True
CUS0003071,13.0,18.75,10.75,60,24,47,0,0,"(12, 24]",0.5733333333333334,"(30, 60]",False,False
CUS0004263,63.0,106.66,11.78,175,235,34,0,0,"(48, 72]",0.11044440277517345,"(30, 60]",True,False
CUS0003075,13.0,26.92,1.38,0,34,18,3,1,"(12, 24]",0.05126300148588409,"(7, 30]",False,False
CUS0000828,2.0,21.56,7.72,786,48,4,2,0,"(0, 6]",0.3580705009276438,"(-1, 7]",False,False
CUS0003421,70.0,19.32,7.45,298,259,16,4,0,"(48, 72]",0.38561076604554867,"(7, 30]",False,False
CUS0001303,12.0,18.46,0.13,386,127,5,0,0,"(6, 12]",0.007042253521126761,"(-1, 7]",False,False
CUS0003267,37.0,25.12,8.18,329,135,43,0,0,"(24, 48]",0.3256369426751592,"(30, 60]",False,False
CUS0004331,68.0,16.07,5.4,652,269,29,0,0,"(48, 72]",0.3360298693217175,"(7, 30]",False,False
CUS0003455,33.0,12.5,1.67,339,152,3,0,0,"(24, 48]",0.1336,"(-1, 7]",False,False
CUS0005442,30.0,15.73,2.92,935,105,40,0,0,"(24, 48]",0.1856325492689129,"(30, 60]",False,False
CUS0000781,40.0,41.48,5.88,947,25,3,2,0,"(24, 48]",0.14175506268081003,"(-1, 7]",False,True
CUS0007411,24.0,13.33,22.68,113,286,0,0,0,"(12, 24]",1.7014253563390846,"(-1, 7]",False,False
CUS0007900,20.0,62.91,5.88,247,198,9,0,0,"(12, 24]",0.09346685741535528,"(7, 30]",False,True
CUS0000438,24.0,17.24,7.67,842,23,32,0,1,"(12, 24]",0.44489559164733183,"(30, 60]",False,False
CUS0000997,23.0,105.22,14.75,344,6,29,1,0,"(12, 24]",0.14018247481467402,"(7, 30]",True,False
CUS0007572,5.0,55.52662624177525,9.76,310,248,3,0,0,"(0, 6]",0.17577152909493898,"(-1, 7]",False,True
CUS0001138,61.0,27.06,0.0,606,79,10,0,0,"(48, 72]",0.0,"(7, 30]",False,False
CUS0004122,6.0,14.57,0.0,482,158,47,1,1,"(0, 6]",0.0,"(30, 60]",False,False
CUS0004134,72.0,69.73,16.83,532,55,2,4,0,"(48, 72]",0.24135952961422627,"(-1, 7]",False,True
CUS0006706,31.0,52.27,13.02,754,224,34,1,0,"(24, 48]",0.24909125693514442,"(30, 60]",False,True
CUS0000614,13.0,12.21,0.26,264,260,31,3,1,"(12, 24]",0.021294021294021293,"(30, 60]",False,False
CUS0005058,38.0,59.9,0.0,103,241,28,4,0,"(24, 48]",0.0,"(7, 30]",False,True
CUS0005500,15.0,15.04,13.12,269,75,9,0,0,"(12, 24]",0.8723404255319149,"(7, 30]",False,False
CUS0007574,69.0,28.72,15.11,737,37,20,0,0,"(48, 72]",0.5261142061281338,"(7, 30]",False,False
CUS0005018,50.0,95.25,5.44,446,261,10,5,0,"(48, 72]",0.057112860892388456,"(7, 30]",True,False
CUS0000210,9.0,66.11,12.9,957,139,40,0,0,"(6, 12]",0.19512932990470427,"(30, 60]",True,False
CUS0000714,33.0,15.11,10.88,475,255,14,0,0,"(24, 48]",0.7200529450694905,"(7, 30]",False,False
CUS0000490,48.0,45.54,20.92,569,24,13,0,0,"(24, 48]",0.45937637241985074,"(7, 30]",False,True
CUS0001901,44.0,10.27,3.43,266,85,21,0,0,"(24, 48]",0.3339824732229796,"(7, 30]",False,False
CUS0003189,19.0,13.8,12.38,191,246,36,0,0,"(12, 24]",0.8971014492753623,"(30, 60]",False,False
CUS0002569,1.0,21.25,1.2,4,3,13,1,0,"(0, 6]",0.05647058823529411,"(7, 30]",False,False
CUS0001675,25.0,28.32,7.47,166,190,42,0,0,"(24, 48]",0.26377118644067793,"(30, 60]",False,False
CUS0006484,59.0,28.82,10.56,104,220,19,1,0,"(48, 72]",0.366412213740458,"(7, 30]",False,False
CUS0003558,21.0,49.07,7.28,375,39,43,0,0,"(12, 24]",0.14835948644793154,"(30, 60]",False,True
CUS0001563,29.0,19.22,4.54,320,263,26,6,0,"(24, 48]",0.23621227887617066,"(7, 30]",False,False
CUS0002056,49.0,36.48,9.72,262,268,47,0,0,"(48, 72]",0.26644736842105265,"(30, 60]",False,True
CUS0002986,57.0,16.88,14.98,985,21,34,1,0,"(48, 72]",0.887440758293839,"(30, 60]",False,False
CUS0006959,38.0,64.46,21.05,326,122,28,1,0,"(24, 48]",0.3265591064225877,"(7, 30]",False,True
CUS0005701,13.0,18.87,1.36,434,293,76,1,0,"(12, 24]",0.07207207207207207,,False,False
CUS0002108,16.0,27.73,8.94,919,72,7,5,0,"(12, 24]",0.32239451857194373,"(-1, 7]",False,False
CUS0005670,17.0,17.54,0.0,954,105,22,0,0,"(12, 24]",0.0,"(7, 30]",False,False
CUS0007365,23.0,55.52662624177525,1.07,750,210,41,1,0,"(12, 24]",0.01927003443971155,"(30, 60]",True,False
CUS0001381,17.0,101.39,11.12,2,50,14,1,0,"(12, 24]",0.10967551040536541,"(7, 30]",True,False
CUS0003597,11.0,13.58,5.17,898,276,42,1,0,"(6, 12]",0.3807069219440353,"(30, 60]",False,False
CUS0003250,70.0,60.67,8.08,271,179,31,2,0,"(48, 72]",0.13317949563210812,"(30, 60]",False,True
CUS0001485,40.0,42.24,9.35,563,97,6,4,0,"(24, 48]",0.22135416666666666,"(-1, 7]",False,True
CUS0004380,25.0,26.14,2.4,88,194,12,1,0,"(24, 48]",0.0918133129303749,"(7, 30]",False,False
CUS0005888,1.0,13.47,7.01,488,276,25,1,1,"(0, 6]",0.5204157386785448,"(7, 30]",False,False
CUS0001309,35.0,40.7,12.07,887,217,0,3,0,"(24, 48]",0.29656019656019655,"(-1, 7]",False,True
CUS0003750,64.0,45.97,14.18,548,245,66,0,0,"(48, 72]",0.3084620404611703,,False,True
CUS0000306,57.0,10.9,16.42,696,55,21,0,0,"(48, 72]",1.5064220183486239,"(7, 30]",False,False
CUS0005736,12.0,15.62,3.2,769,266,1,0,0,"(6, 12]",0.20486555697823305,"(-1, 7]",False,False
CUS0006025,68.0,27.58,13.65,723,172,7,5,0,"(48, 72]",0.49492385786802034,"(-1, 7]",False,False
CUS0002973,68.0,55.52662624177525,7.8,926,221,32,0,0,"(48, 72]",0.14047314825210286,"(30, 60]",False,False
CUS0006915,68.0,47.64,7.66,113,95,3,5,0,"(48, 72]",0.16078925272879932,"(-1, 7]",False,True
CUS0001343,30.0,90.37,7.3,315,157,18,1,0,"(24, 48]",0.08077901958614583,"(7, 30]",True,False
CUS0006279,28.0,117.11,11.66,253,90,11,3,0,"(24, 48]",0.09956451199726753,"(7, 30]",True,False
CUS0001826,25.0,22.73,9.61,562,47,38,0,0,"(24, 48]",0.4227892652881654,"(30, 60]",False,False
CUS0000878,56.0,13.32,0.12,283,128,19,0,0,"(48, 72]",0.009009009009009009,"(7, 30]",False,False
CUS0002540,66.0,55.52662624177525,14.5,44,56,21,0,0,"(48, 72]",0.26113598072506305,"(7, 30]",False,False
CUS0004932,46.0,28.26,9.91,15,249,56,4,1,"(24, 48]",0.3506723283793347,"(30, 60]",False,False
CUS0006321,47.0,20.16,4.77,261,126,52,2,0,"(24, 48]",0.23660714285714282,"(30, 60]",False,False
CUS0003139,46.0,17.82,8.05,790,293,41,6,1,"(24, 48]",0.4517396184062851,"(30, 60]",False,False
CUS0005288,24.0,28.72,10.72,970,78,19,0,0,"(12, 24]",0.3732590529247911,"(7, 30]",False,False
CUS0001817,31.0,79.8,12.96,561,22,11,2,0,"(24, 48]",0.162406015037594,"(7, 30]",True,False
CUS0004444,41.0,11.67,8.218195789745577,238,120,6,0,0,"(24, 48]",0.7042155775274702,"(-1, 7]",False,False
CUS0005707,22.0,48.08,0.0,643,42,17,0,0,"(12, 24]",0.0,"(7, 30]",False,True
CUS0006762,22.0,17.11,5.07,580,101,38,0,0,"(12, 24]",0.2963179427235535,"(30, 60]",False,False
CUS0006222,18.0,13.33,2.67,629,96,35,4,1,"(12, 24]",0.2003000750187547,"(30, 60]",False,False
CUS0000403,10.0,55.52662624177525,14.5,136,103,36,2,1,"(6, 12]",0.26113598072506305,"(30, 60]",False,True
CUS0002246,65.0,14.8,8.218195789745577,378,60,13,3,0,"(48, 72]",0.5552834993071336,"(7, 30]",False,False
CUS0004412,19.0,21.67,7.82,775,203,2,4,0,"(12, 24]",0.360867558837102,"(-1, 7]",False,False
CUS0000941,70.0,67.3,15.7,249,143,27,1,0,"(48, 72]",0.23328380386329867,"(7, 30]",True,False
CUS0005423,38.0,18.23,5.99,414,165,2,3,0,"(24, 48]",0.3285792649478881,"(-1, 7]",False,False
CUS0002669,36.0,13.61,3.18,284,94,34,5,1,"(24, 48]",0.23365172667156506,"(30, 60]",False,False
CUS0005516,47.0,19.9,8.21,820,126,46,4,0,"(24, 48]",0.41256281407035184,"(30, 60]",False,False
CUS0002511,61.0,35.37,8.7,359,114,1,2,0,"(48, 72]",0.24597116200169636,"(-1, 7]",False,True
CUS0006545,62.0,79.46,11.12,104,195,28,1,0,"(48, 72]",0.13994462622703246,"(7, 30]",True,False
CUS0007331,59.0,24.87,9.22,849,204,24,2,0,"(48, 72]",0.37072778447929233,"(7, 30]",False,False
CUS0007828,22.0,64.54,11.98,223,4,19,0,0,"(12, 24]",0.1856213201115587,"(7, 30]",False,True
CUS0000884,51.0,26.8,12.42,701,11,11,1,0,"(48, 72]",0.4634328358208955,"(7, 30]",False,False
CUS0007888,36.0,76.59,8.218195789745577,672,80,22,0,1,"(24, 48]",0.10730115928640262,"(7, 30]",True,False
CUS0002006,33.0,64.73,5.83,868,219,19,0,1,"(24, 48]",0.09006642978526186,"(7, 30]",False,True
CUS0005071,70.0,16.67,7.34,696,15,15,1,0,"(48, 72]",0.44031193761247744,"(7, 30]",False,False
CUS0001235,21.0,57.22,9.12,810,212,1,2,0,"(12, 24]",0.15938483047885355,"(-1, 7]",False,True
CUS0005652,70.0,55.52662624177525,4.26,805,255,32,2,0,"(48, 72]",0.07671995019922541,"(30, 60]",False,False
CUS0000847,48.0,105.88,9.53,581,13,41,0,0,"(24, 48]",0.09000755572346052,"(30, 60]",True,False
CUS0004083,69.0,83.08,0.0,149,160,37,2,0,"(48, 72]",0.0,"(30, 60]",True,False
CUS0005350,36.0,19.03,8.97,71,99,51,3,0,"(24, 48]",0.47136100893326327,"(30, 60]",False,False
CUS0005560,1.0,16.92,4.03,957,289,2,0,0,"(0, 6]",0.23817966903073284,"(-1, 7]",False,False
CUS0004456,60.0,112.9,2.1,977,41,43,2,1,"(48, 72]",0.018600531443755536,"(30, 60]",True,False
CUS0005979,52.0,55.52662624177525,4.46,993,76,16,0,0,"(48, 72]",0.08032182579543318,"(7, 30]",False,True
CUS0007792,63.0,68.82,0.0,981,250,48,1,1,"(48, 72]",0.0,"(30, 60]",False,True
CUS0002701,53.0,65.13,9.6,47,281,35,2,1,"(48, 72]",0.14739751266697376,"(30, 60]",True,False
CUS0001740,72.0,24.57,0.0,459,248,17,2,0,"(48, 72]",0.0,"(7, 30]",False,False
CUS0001539,7.0,67.76,1.38,549,47,2,0,0,"(6, 12]",0.02036599763872491,"(-1, 7]",False,True
CUS0001047,4.0,55.52662624177525,14.82,174,245,12,0,0,"(0, 6]",0.26689898167899545,"(7, 30]",False,True
CUS0000181,47.0,24.7,3.24,458,223,18,5,1,"(24, 48]",0.1311740890688259,"(7, 30]",False,False
CUS0006876,1.0,17.88,0.0,205,282,48,1,1,"(0, 6]",0.0,"(30, 60]",False,False
CUS0004563,9.0,52.81,13.33,689,214,15,2,0,"(6, 12]",0.2524143154705548,"(7, 30]",False,True
CUS0004862,1.0,55.52662624177525,1.72,171,45,1,0,0,"(0, 6]",0.030976130127386786,"(-1, 7]",False,True
CUS0006348,29.0,23.23,8.5,515,178,44,0,0,"(24, 48]",0.3659061558329746,"(30, 60]",False,False
CUS0000572,66.0,91.46,8.07,631,272,1,0,0,"(48, 72]",0.08823529411764706,"(-1, 7]",True,False
CUS0001968,12.0,27.57,9.32,775,143,8,2,0,"(6, 12]",0.3380486035545883,"(7, 30]",False,False
CUS0003634,53.0,119.02,5.54,227,46,0,1,0,"(48, 72]",0.046546798857334905,"(-1, 7]",True,False
CUS0006862,8.0,15.95,9.93,301,141,11,0,1,"(6, 12]",0.6225705329153605,"(7, 30]",False,False
CUS0006498,29.0,108.62,7.62,401,33,14,1,0,"(24, 48]",0.07015282636715153,"(7, 30]",True,False
CUS0001432,58.0,31.03,11.83,236,68,72,5,0,"(48, 72]",0.3812439574605221,,False,True
CUS0001986,47.0,14.07,6.44,436,108,16,0,0,"(24, 48]",0.4577114427860697,"(7, 30]",False,False
CUS0003272,42.0,107.7,4.9,910,53,18,0,0,"(24, 48]",0.04549675023212628,"(7, 30]",True,False
CUS0007722,56.0,25.55,6.06,123,224,8,0,0,"(48, 72]",0.23718199608610566,"(7, 30]",False,False
CUS0006439,55.0,38.96,6.93,643,191,30,2,0,"(48, 72]",0.1778747433264887,"(7, 30]",False,True
CUS0003686,56.0,24.04,1.55,493,177,8,3,0,"(48, 72]",0.06447587354409318,"(7, 30]",False,False
CUS0001269,70.0,76.19,19.35,370,274,29,1,0,"(48, 72]",0.2539703373146082,"(7, 30]",True,False
CUS0001195,36.0,27.09,8.73,297,193,29,1,0,"(24, 48]",0.3222591362126246,"(7, 30]",False,False
CUS0000114,64.0,51.06,9.9,532,278,7,1,0,"(48, 72]",0.19388954171562867,"(-1, 7]",False,True
CUS0006919,48.0,24.32,12.04,615,93,9,0,0,"(24, 48]",0.4950657894736842,"(7, 30]",False,False
CUS0001220,36.56668337929305,18.78,8.218195789745577,745,199,63,0,0,"(24, 48]",0.43760360967761325,,False,False
CUS0005339,25.0,117.07,17.25,199,89,76,1,0,"(24, 48]",0.14734774066797643,,True,False
CUS0004769,60.0,102.51,14.91,817,11,19,0,0,"(48, 72]",0.14544922446590575,"(7, 30]",True,False
CUS0002189,26.0,56.27,15.91,452,98,41,2,0,"(24, 48]",0.28274391327527987,"(30, 60]",False,True
CUS0007590,51.0,50.08,13.75,249,70,0,0,0,"(48, 72]",0.27456070287539935,"(-1, 7]",False,True
CUS0006553,51.0,83.77,3.57,581,192,50,1,0,"(48, 72]",0.04261668855198759,"(30, 60]",True,False
CUS0005162,18.0,58.47,0.0,931,249,24,0,0,"(12, 24]",0.0,"(7, 30]",False,True
CUS0001187,3.0,47.14,4.81,120,88,64,0,1,"(0, 6]",0.1020364870598218,,False,True
CUS0007007,26.0,53.51,3.67,560,116,6,4,0,"(24, 48]",0.06858531115679313,"(-1, 7]",False,True
CUS0007965,67.0,58.87,2.01,35,187,10,6,0,"(48, 72]",0.03414302700866315,"(7, 30]",False,True
CUS0004301,21.0,10.61,0.34,575,30,40,1,1,"(12, 24]",0.03204524033930255,"(30, 60]",False,False
CUS0000260,47.0,56.53,6.86,266,48,53,1,1,"(24, 48]",0.12135149478153193,"(30, 60]",False,True
CUS0002725,56.0,26.61,0.71,28,64,31,0,0,"(48, 72]",0.026681698609545283,"(30, 60]",False,False
CUS0005738,72.0,52.37,12.25,903,97,43,0,0,"(48, 72]",0.23391254535039147,"(30, 60]",False,True
CUS0002488,24.0,13.14,4.96,996,36,3,0,0,"(12, 24]",0.3774733637747336,"(-1, 7]",False,False
CUS0006353,32.0,12.36,0.65,218,50,37,0,1,"(24, 48]",0.05258899676375405,"(30, 60]",False,False
CUS0005993,26.0,82.75,16.53,437,127,7,0,0,"(24, 48]",0.19975830815709972,"(-1, 7]",True,False
CUS0004976,30.0,19.85,11.07,393,291,26,1,0,"(24, 48]",0.5576826196473551,"(7, 30]",False,False
CUS0001512,6.0,16.04,7.39,605,43,5,0,0,"(0, 6]",0.46072319201995016,"(-1, 7]",False,False
CUS0003232,36.0,62.69,6.99,826,218,47,1,0,"(24, 48]",0.11150103684798214,"(30, 60]",False,True
CUS0004810,34.0,12.45,6.72,378,113,1,3,0,"(24, 48]",0.5397590361445783,"(-1, 7]",False,False
CUS0005705,20.0,20.84,16.84,997,296,2,0,0,"(12, 24]",0.8080614203454894,"(-1, 7]",False,False
CUS0003470,43.0,60.0,15.14,782,106,37,1,0,"(24, 48]",0.25233333333333335,"(30, 60]",False,True
CUS0003315,55.0,50.87,9.84,868,164,13,2,0,"(48, 72]",0.1934342441517594,"(7, 30]",False,True
CUS0002978,23.0,47.11,12.73,873,210,38,0,0,"(12, 24]",0.27021863723201023,"(30, 60]",False,True
CUS0002831,11.0,16.19,0.0,261,99,6,0,0,"(6, 12]",0.0,"(-1, 7]",False,False
CUS0006660,19.0,91.55,2.37,850,286,40,2,0,"(12, 24]",0.02588749317312944,"(30, 60]",True,False
CUS0004709,44.0,22.33,5.67,112,77,22,1,0,"(24, 48]",0.25391849529780564,"(7, 30]",False,False
CUS0006335,28.0,21.36,0.92,845,119,3,0,0,"(24, 48]",0.04307116104868914,"(-1, 7]",False,False
CUS0002436,4.0,63.97,1.28,912,112,8,2,0,"(0, 6]",0.020009379396592152,"(7, 30]",True,False
CUS0003539,46.0,23.17,1.07,144,24,4,0,0,"(24, 48]",0.04618040569702201,"(-1, 7]",False,False
CUS0001006,50.0,42.88,6.72,285,13,16,0,0,"(48, 72]",0.15671641791044774,"(7, 30]",False,True
CUS0000107,70.0,22.01,8.55,81,227,69,1,0,"(48, 72]",0.38845979100408906,,False,False
CUS0003401,42.0,82.31,10.0,518,37,1,0,0,"(24, 48]",0.12149192078726764,"(-1, 7]",True,False
CUS0007220,32.0,55.52662624177525,11.29,606,63,59,3,1,"(24, 48]",0.20332587740592836,"(30, 60]",False,False
CUS0007180,70.0,47.29,12.56,488,129,0,0,0,"(48, 72]",0.26559526326919014,"(-1, 7]",False,True
CUS0003107,52.0,24.64,12.21,7,6,38,1,1,"(48, 72]",0.4955357142857143,"(30, 60]",False,False
CUS0004645,34.0,69.26,1.19,422,3,48,0,0,"(24, 48]",0.017181634421022232,"(30, 60]",False,True
CUS0004032,56.0,92.96,17.02,420,133,59,5,0,"(48, 72]",0.1830895008605852,"(30, 60]",True,False
CUS0007187,72.0,29.6,9.63,302,183,21,4,0,"(48, 72]",0.3253378378378379,"(7, 30]",False,False
CUS0007352,11.0,67.31,8.65,194,19,34,1,0,"(6, 12]",0.12850987966126876,"(30, 60]",False,True
CUS0000892,54.0,31.19,12.27,504,193,23,2,0,"(48, 72]",0.39339531901250396,"(7, 30]",False,True
CUS0003863,14.0,16.97,19.23,182,36,22,6,1,"(12, 24]",1.1331761932822628,"(7, 30]",False,False
CUS0006495,3.0,14.56,10.37,458,220,53,0,0,"(0, 6]",0.7122252747252746,"(30, 60]",False,False
CUS0000388,47.0,25.68,12.05,438,164,26,3,0,"(24, 48]",0.46923676012461063,"(7, 30]",False,False
CUS0007480,44.0,29.53,12.79,543,89,12,0,0,"(24, 48]",0.43311886217406026,"(7, 30]",False,False
CUS0002025,28.0,67.64,1.88,195,6,38,2,1,"(24, 48]",0.02779420461265523,"(30, 60]",False,True
CUS0005280,47.0,25.89,8.2,40,249,24,1,0,"(24, 48]",0.31672460409424485,"(7, 30]",False,False
CUS0005585,49.0,63.23,0.22,274,200,3,2,0,"(48, 72]",0.003479361062786652,"(-1, 7]",False,True
CUS0001206,59.0,23.54,10.77,345,130,4,2,0,"(48, 72]",0.45751911639762105,"(-1, 7]",False,False
CUS0004761,66.0,21.28,0.0,328,95,1,1,0,"(48, 72]",0.0,"(-1, 7]",False,False
CUS0002630,40.0,113.83,19.56,98,247,24,2,0,"(24, 48]",0.17183519283141527,"(7, 30]",True,False
CUS0003974,2.0,29.5,12.42,169,0,28,5,0,"(0, 6]",0.4210169491525424,"(7, 30]",False,False
CUS0007800,58.0,42.33,14.27,656,151,17,1,1,"(48, 72]",0.3371131585164186,"(7, 30]",False,True
CUS0002428,19.0,59.06,9.96,954,286,9,0,0,"(12, 24]",0.16864205892312903,"(7, 30]",False,True
CUS0007780,49.0,33.4,3.22,724,79,38,0,0,"(48, 72]",0.09640718562874252,"(30, 60]",False,True
CUS0003229,10.0,45.4,0.0,642,0,2,0,1,"(6, 12]",0.0,"(-1, 7]",False,True
CUS0002764,14.0,29.8,10.37,588,139,18,0,0,"(12, 24]",0.347986577181208,"(7, 30]",False,False
CUS0006779,14.0,13.37,11.04,41,53,37,0,0,"(12, 24]",0.8257292445774121,"(30, 60]",False,False
CUS0007834,47.0,24.89,8.218195789745577,769,113,5,1,0,"(24, 48]",0.33018062634574435,"(-1, 7]",False,False
CUS0001268,21.0,18.7,17.46,570,25,67,0,1,"(12, 24]",0.9336898395721926,,False,False
CUS0002530,3.0,10.67,8.43,587,244,3,6,1,"(0, 6]",0.7900656044985942,"(-1, 7]",False,False
CUS0002645,53.0,28.48,7.35,29,249,22,0,0,"(48, 72]",0.2580758426966292,"(7, 30]",False,False
CUS0003348,24.0,13.88,14.02,94,19,21,0,0,"(12, 24]",1.010086455331412,"(7, 30]",False,False
CUS0005935,65.0,13.97,6.13,410,93,75,0,0,"(48, 72]",0.4387974230493915,,False,False
CUS0005678,51.0,65.29,0.65,584,199,6,0,0,"(48, 72]",0.009955582784499923,"(-1, 7]",False,True
CUS0006366,10.0,15.7,4.26,262,56,19,5,1,"(6, 12]",0.2713375796178344,"(7, 30]",False,False
CUS0003440,49.0,66.43,10.73,145,65,30,2,0,"(48, 72]",0.16152340809875054,"(7, 30]",False,True
CUS0003112,12.0,77.55,11.23,383,88,44,0,0,"(6, 12]",0.14480980012894906,"(30, 60]",True,False
CUS0000139,4.0,62.05,12.19,424,257,29,2,0,"(0, 6]",0.19645447219983883,"(7, 30]",True,False
CUS0000646,62.0,48.96,7.42,606,201,22,0,0,"(48, 72]",0.15155228758169934,"(7, 30]",False,True
CUS0002886,39.0,21.72,1.73,280,157,19,0,0,"(24, 48]",0.07965009208103131,"(7, 30]",False,False
CUS0006114,46.0,40.42,12.79,506,95,10,2,0,"(24, 48]",0.3164275111331024,"(7, 30]",False,True
CUS0003524,53.0,40.05,8.218195789745577,432,225,6,0,0,"(48, 72]",0.20519839674770482,"(-1, 7]",False,True
CUS0000643,4.0,62.59,23.33,199,264,35,3,1,"(0, 6]",0.37274324972040257,"(30, 60]",False,True
CUS0005153,12.0,86.92,8.88,763,119,34,2,0,"(6, 12]",0.10216290842153705,"(30, 60]",True,False
CUS0003074,10.0,43.63885951963101,10.3,794,166,32,0,0,"(6, 12]",0.2360281664869479,"(30, 60]",False,False
CUS0002752,54.0,119.44,6.02,589,7,31,0,0,"(48, 72]",0.05040187541862023,"(30, 60]",True,False
CUS0007065,28.0,17.81,7.02,597,82,53,2,0,"(24, 48]",0.39416058394160586,"(30, 60]",False,False
CUS0001966,36.0,24.46,5.51,52,81,19,2,1,"(24, 48]",0.22526573998364674,"(7, 30]",False,False
CUS0001094,44.0,11.42,5.99,359,28,30,0,1,"(24, 48]",0.5245183887915937,"(7, 30]",False,False
CUS0007246,12.0,40.53,0.0,92,189,24,0,0,"(6, 12]",0.0,"(7, 30]",False,True
CUS0001198,22.0,65.39,2.73,200,224,32,0,0,"(12, 24]",0.041749502982107355,"(30, 60]",True,False
CUS0001913,63.0,84.69,12.27,996,81,2,2,0,"(48, 72]",0.14488133191640098,"(-1, 7]",True,False
CUS0001260,56.0,10.6,13.67,630,52,29,0,0,"(48, 72]",1.289622641509434,"(7, 30]",False,False
CUS0005834,40.0,11.93,4.95,254,28,5,2,0,"(24, 48]",0.4149203688181056,"(-1, 7]",False,False
CUS0002698,67.0,83.97,14.54,912,148,3,3,0,"(48, 72]",0.17315707990949147,"(-1, 7]",True,False
CUS0002516,53.0,15.92,12.16,777,198,33,6,1,"(48, 72]",0.7638190954773869,"(30, 60]",False,False
CUS0005550,61.0,41.91,17.03,743,103,10,0,0,"(48, 72]",0.4063469339059891,"(7, 30]",False,True
CUS0007161,25.0,44.54,10.39,326,119,12,0,0,"(24, 48]",0.23327346205657837,"(7, 30]",False,True
CUS0005886,42.0,26.72,14.33,90,89,24,0,0,"(24, 48]",0.5363023952095809,"(7, 30]",False,False
CUS0004178,29.0,21.13,8.69,826,251,23,1,0,"(24, 48]",0.4112636062470421,"(7, 30]",False,False
CUS0002678,67.0,28.83,13.08,294,262,45,0,0,"(48, 72]",0.45369406867845996,"(30, 60]",False,False
CUS0007499,48.0,18.46,20.26,653,105,9,0,0,"(24, 48]",1.0975081256771397,"(7, 30]",False,False
CUS0004480,68.0,20.36,10.76,391,188,32,4,0,"(48, 72]",0.5284872298624754,"(30, 60]",False,False
CUS0006340,35.0,17.72,15.99,698,257,21,3,0,"(24, 48]",0.902370203160271,"(7, 30]",False,False
CUS0007514,12.0,68.28,8.218195789745577,949,141,19,1,0,"(6, 12]",0.12036021953347359,"(7, 30]",False,True
CUS0004689,6.0,38.29,13.19,851,157,55,1,0,"(0, 6]",0.3444763645860538,"(30, 60]",False,True
CUS0006183,66.0,56.17,4.45,862,281,1,2,0,"(48, 72]",0.07922378493857932,"(-1, 7]",False,True
CUS0007476,16.0,23.84,3.37,462,211,25,0,0,"(12, 24]",0.14135906040268456,"(7, 30]",False,False
CUS0007119,36.0,101.88,14.93,298,219,33,0,0,"(24, 48]",0.14654495484884178,"(30, 60]",True,False
CUS0000976,24.0,21.24,10.59,891,162,8,0,0,"(12, 24]",0.49858757062146897,"(7, 30]",False,False
CUS0007902,12.0,29.68,23.97,240,79,28,0,0,"(6, 12]",0.8076145552560646,"(7, 30]",False,False
CUS0007203,68.0,29.25,10.03,983,285,5,0,0,"(48, 72]",0.3429059829059829,"(-1, 7]",False,False
CUS0002071,30.0,117.38,23.88,804,252,18,2,0,"(24, 48]",0.20344181291531777,"(7, 30]",True,False
CUS0000595,38.0,66.71,8.218195789745577,912,185,57,1,0,"(24, 48]",0.12319286148621762,"(30, 60]",False,True
CUS0002179,47.0,21.3,2.18,713,98,59,0,0,"(24, 48]",0.10234741784037558,"(30, 60]",False,False
CUS0005871,44.0,29.91,9.79,687,225,22,6,1,"(24, 48]",0.32731527917084585,"(7, 30]",False,False
CUS0003052,36.0,49.5,11.36,856,204,18,3,0,"(24, 48]",0.22949494949494947,"(7, 30]",False,True
CUS0004736,10.0,12.85,9.3,658,273,12,0,0,"(6, 12]",0.7237354085603114,"(7, 30]",False,False
CUS0004673,53.0,17.63,8.44,90,223,5,0,0,"(48, 72]",0.47872943845717525,"(-1, 7]",False,False
CUS0001604,32.0,47.58,6.03,766,40,36,0,0,"(24, 48]",0.12673392181588905,"(30, 60]",False,True
CUS0000703,21.0,16.2,3.13,10,198,11,1,0,"(12, 24]",0.19320987654320987,"(7, 30]",False,False
CUS0007195,54.0,10.9,5.12,747,157,0,0,0,"(48, 72]",0.4697247706422018,"(-1, 7]",False,False
CUS0004963,41.0,22.39,5.18,96,148,26,0,0,"(24, 48]",0.23135328271549796,"(7, 30]",False,False
CUS0006596,36.56668337929305,63.89,5.35,981,200,40,1,0,"(24, 48]",0.08373767412740647,"(30, 60]",False,True
CUS0000037,67.0,60.58,21.39,720,20,22,0,0,"(48, 72]",0.3530868273357544,"(7, 30]",True,False
CUS0004081,47.0,42.09,6.33,591,234,10,3,0,"(24, 48]",0.15039201710620098,"(7, 30]",False,True
CUS0003065,52.0,55.52662624177525,13.8,505,213,11,2,0,"(48, 72]",0.24852941613833587,"(7, 30]",False,False
CUS0004541,62.0,55.52662624177525,7.48,705,190,2,0,0,"(48, 72]",0.13471014729817046,"(-1, 7]",False,True
CUS0003143,72.0,30.36,0.0,699,132,77,7,0,"(48, 72]",0.0,,False,True
CUS0007032,41.0,19.46,9.84,653,37,15,2,0,"(24, 48]",0.5056526207605344,"(7, 30]",False,False
CUS0000587,20.0,17.93,5.34,179,155,19,0,0,"(12, 24]",0.2978248745119911,"(7, 30]",False,False
CUS0002313,47.0,119.55,0.85,308,222,44,1,0,"(24, 48]",0.007109995817649519,"(30, 60]",True,False
CUS0001425,22.0,24.27,13.84,27,72,0,1,0,"(12, 24]",0.5702513391017717,"(-1, 7]",False,False
CUS0005107,57.0,59.72,4.74,878,227,34,3,0,"(48, 72]",0.07937039517749499,"(30, 60]",False,True
CUS0005565,21.0,74.96,4.77,295,88,7,6,1,"(12, 24]",0.06363393810032017,"(-1, 7]",True,False
CUS0004946,50.0,29.15,11.6,214,108,7,0,0,"(48, 72]",0.3979416809605489,"(-1, 7]",False,False
CUS0003895,40.0,51.2,12.75,165,1,66,3,0,"(24, 48]",0.2490234375,,False,True
CUS0005351,36.0,113.2,0.0,128,268,52,1,0,"(24, 48]",0.0,"(30, 60]",True,False
CUS0006923,26.0,62.02,14.93,490,275,52,0,0,"(24, 48]",0.24072879716220572,"(30, 60]",False,True
CUS0001112,12.0,73.47,8.218195789745577,337,260,20,1,1,"(6, 12]",0.11185784387839359,"(7, 30]",True,False
CUS0001313,31.0,26.04,12.96,242,67,27,0,0,"(24, 48]",0.4976958525345623,"(7, 30]",False,False
CUS0006102,29.0,34.46,18.08,737,272,43,0,0,"(24, 48]",0.5246662797446314,"(30, 60]",False,True
CUS0000256,17.0,20.87,18.09,42,140,10,3,0,"(12, 24]",0.8667944417824628,"(7, 30]",False,False
CUS0001288,18.0,26.89,14.05,270,236,0,3,0,"(12, 24]",0.5224990702863518,"(-1, 7]",False,False
CUS0006661,14.0,96.38,7.57,834,16,31,2,0,"(12, 24]",0.07854326623780868,"(30, 60]",True,False
CUS0006206,24.0,24.89,8.218195789745577,339,235,28,1,1,"(12, 24]",0.33018062634574435,"(7, 30]",False,False
CUS0002873,39.0,14.35,8.81,186,45,34,1,0,"(24, 48]",0.6139372822299652,"(30, 60]",False,False
CUS0003790,38.0,12.21,17.87,13,59,54,2,1,"(24, 48]",1.4635544635544635,"(30, 60]",False,False
CUS0002837,19.0,20.86,0.0,831,234,21,0,1,"(12, 24]",0.0,"(7, 30]",False,False
CUS0001738,24.0,55.52662624177525,0.0,548,290,62,6,1,"(12, 24]",0.0,,False,False
CUS0004598,13.0,26.86,2.13,211,25,30,2,1,"(12, 24]",0.07930007446016381,"(7, 30]",False,False
CUS0007037,41.0,64.2,5.66,585,276,13,3,0,"(24, 48]",0.0881619937694704,"(7, 30]",False,True
CUS0003579,67.0,67.2,4.63,144,262,18,8,1,"(48, 72]",0.06889880952380951,"(7, 30]",False,True
CUS0006512,66.0,12.52,6.01,134,235,33,2,0,"(48, 72]",0.48003194888178913,"(30, 60]",False,False
CUS0007064,69.0,49.51,8.64,348,206,12,3,0,"(48, 72]",0.17451019995960415,"(7, 30]",False,True
CUS0003622,45.0,105.46,9.12,618,11,9,0,0,"(24, 48]",0.08647828560591693,"(7, 30]",True,False
CUS0003346,13.0,13.72,9.03,701,138,4,3,1,"(12, 24]",0.6581632653061223,"(-1, 7]",False,False
CUS0004170,68.0,25.71,5.02,985,234,52,0,0,"(48, 72]",0.1952547646830027,"(30, 60]",False,False
CUS0006861,32.0,12.15,12.17,610,46,52,0,0,"(24, 48]",1.0016460905349793,"(30, 60]",False,False
CUS0002649,30.0,32.14,18.16,20,54,13,0,0,"(24, 48]",0.5650280024891101,"(7, 30]",False,True
CUS0001497,33.0,107.89,5.94,275,246,41,0,0,"(24, 48]",0.05505607563258875,"(30, 60]",True,False
CUS0000960,65.0,19.84,7.46,981,245,23,0,0,"(48, 72]",0.37600806451612906,"(7, 30]",False,False
CUS0001125,44.0,94.44,0.0,886,18,21,0,0,"(24, 48]",0.0,"(7, 30]",True,False
CUS0003774,39.0,30.45,0.5,536,226,3,0,0,"(24, 48]",0.016420361247947456,"(-1, 7]",False,True
CUS0005747,5.0,88.49,17.82,529,194,22,4,0,"(0, 6]",0.20137868685727203,"(7, 30]",True,False
CUS0004624,29.0,103.24,8.57,122,97,27,1,0,"(24, 48]",0.08301046106160404,"(7, 30]",True,False
CUS0000354,23.0,90.04,16.49,348,56,17,2,0,"(12, 24]",0.18314082629942244,"(7, 30]",True,False
CUS0007341,44.0,51.13,14.83,51,292,32,2,0,"(24, 48]",0.29004498337570894,"(30, 60]",False,True
CUS0006864,14.0,20.92,0.46,263,196,3,0,1,"(12, 24]",0.02198852772466539,"(-1, 7]",False,False
CUS0007521,4.0,55.52662624177525,6.68,413,133,14,2,1,"(0, 6]",0.12030264491333938,"(7, 30]",False,False
CUS0007937,26.0,40.44,7.27,857,189,40,6,1,"(24, 48]",0.17977250247279922,"(30, 60]",False,True
CUS0001723,9.0,62.91,8.218195789745577,11,20,1,4,0,"(6, 12]",0.13063417246456172,"(-1, 7]",False,True
CUS0001884,53.0,14.97,12.34,184,240,7,1,0,"(48, 72]",0.824315297261189,"(-1, 7]",False,False
CUS0007217,32.0,60.9,11.36,837,254,15,0,0,"(24, 48]",0.1865353037766831,"(7, 30]",False,True
CUS0007763,66.0,91.0,4.06,265,13,27,2,0,"(48, 72]",0.04461538461538461,"(7, 30]",True,False
CUS0002580,11.0,61.43,12.67,480,298,29,2,0,"(6, 12]",0.20625101741819957,"(7, 30]",False,True
CUS0005017,55.0,106.64,8.25,706,265,13,4,0,"(48, 72]",0.07736309077269317,"(7, 30]",True,False
CUS0005575,20.0,39.08,0.0,799,56,25,2,0,"(12, 24]",0.0,"(7, 30]",False,True
CUS0006851,12.0,24.45,20.36,73,210,21,3,0,"(6, 12]",0.832719836400818,"(7, 30]",False,False
CUS0000053,8.0,100.98,0.0,768,55,8,5,0,"(6, 12]",0.0,"(7, 30]",True,False
CUS0002648,12.0,28.19,3.0,653,31,26,0,0,"(6, 12]",0.1064207165661582,"(7, 30]",False,False
CUS0004642,38.0,13.32,3.65,775,158,27,1,1,"(24, 48]",0.27402402402402404,"(7, 30]",False,False
CUS0001944,9.0,89.19,12.12,281,12,9,0,0,"(6, 12]",0.1358896737302388,"(7, 30]",True,False
CUS0001428,8.0,13.98,0.0,585,153,53,1,0,"(6, 12]",0.0,"(30, 60]",False,False
CUS0003917,8.0,30.34,4.03,629,252,37,0,1,"(6, 12]",0.13282794990112065,"(30, 60]",False,True
CUS0004468,68.0,65.86,6.67,556,195,34,3,0,"(48, 72]",0.1012754327361069,"(30, 60]",False,True
CUS0001803,23.0,43.29,0.0,597,170,44,3,1,"(12, 24]",0.0,"(30, 60]",False,True
CUS0005566,55.0,55.64,10.04,43,153,28,0,0,"(48, 72]",0.18044572250179725,"(7, 30]",False,True
CUS0004648,37.0,24.49,3.71,681,178,65,8,1,"(24, 48]",0.1514904042466313,,False,False
CUS0001035,60.0,67.84,7.71,851,120,24,1,0,"(48, 72]",0.11364976415094338,"(7, 30]",False,True
CUS0001952,57.0,25.19,18.83,783,73,4,0,0,"(48, 72]",0.7475188566891623,"(-1, 7]",False,False
CUS0007459,57.0,15.05,13.95,508,13,22,1,0,"(48, 72]",0.9269102990033221,"(7, 30]",False,False
CUS0001037,49.0,38.01,0.64,532,99,26,4,0,"(48, 72]",0.016837674296237833,"(7, 30]",False,True
CUS0003155,54.0,42.56,9.9,683,260,24,0,0,"(48, 72]",0.23261278195488722,"(7, 30]",False,True
CUS0003532,53.0,21.43,16.45,35,266,19,0,0,"(48, 72]",0.7676154923005133,"(7, 30]",False,False
CUS0002198,27.0,107.14,8.218195789745577,504,75,33,5,0,"(24, 48]",0.07670520617645676,"(30, 60]",True,False
CUS0004243,41.0,18.9,11.85,10,220,56,3,1,"(24, 48]",0.626984126984127,"(30, 60]",False,False
CUS0007194,72.0,63.31,3.16,191,67,31,2,0,"(48, 72]",0.04991312588848523,"(30, 60]",True,False
CUS0001193,29.0,11.56,12.54,902,160,58,0,0,"(24, 48]",1.0847750865051902,"(30, 60]",False,False
CUS0005021,32.0,27.25,11.02,486,179,21,8,1,"(24, 48]",0.40440366972477065,"(7, 30]",False,False
CUS0003612,65.0,78.28,6.89,325,25,65,1,0,"(48, 72]",0.08801737353091466,,True,False
CUS0000321,3.0,69.76,15.34,810,121,35,1,0,"(0, 6]",0.21989678899082568,"(30, 60]",True,False
CUS0001836,22.0,18.25,5.67,63,146,19,0,0,"(12, 24]",0.31068493150684934,"(7, 30]",False,False
CUS0001700,71.0,55.52662624177525,2.16,778,119,19,7,0,"(48, 72]",0.03890025643904387,"(7, 30]",False,True
CUS0001181,4.0,10.78,5.31,891,137,13,0,0,"(0, 6]",0.49257884972170685,"(7, 30]",False,False
CUS0004469,8.0,12.71,18.51,155,20,32,0,0,"(6, 12]",1.4563335955940204,"(30, 60]",False,False
CUS0002310,10.0,63.47,9.97,648,201,78,2,0,"(6, 12]",0.15708208602489365,,False,True
CUS0002858,41.0,25.39,12.05,373,236,19,1,0,"(24, 48]",0.47459629775502166,"(7, 30]",False,False
CUS0006939,44.0,97.4,7.82,978,217,15,0,0,"(24, 48]",0.08028747433264886,"(7, 30]",True,False
CUS0001717,58.0,73.87,2.4,499,182,65,2,1,"(48, 72]",0.03248950859618248,,True,False
CUS0006694,60.0,24.82,10.62,254,290,41,1,1,"(48, 72]",0.42788074133763093,"(30, 60]",False,False
CUS0001976,11.0,16.34,8.59,548,173,12,0,0,"(6, 12]",0.525703794369645,"(7, 30]",False,False
CUS0003367,12.0,22.58,6.0,784,2,10,1,0,"(6, 12]",0.26572187776793627,"(7, 30]",False,False
CUS0001498,41.0,29.6,6.32,988,277,16,4,0,"(24, 48]",0.21351351351351353,"(7, 30]",False,False
CUS0006752,14.0,55.52662624177525,16.22,645,20,32,2,0,"(12, 24]",0.2921121108524498,"(30, 60]",False,False
CUS0007127,6.0,26.04,11.09,693,264,26,0,0,"(0, 6]",0.42588325652841785,"(7, 30]",False,False
CUS0000793,57.0,15.18,8.57,100,253,14,0,0,"(48, 72]",0.5645586297760211,"(7, 30]",False,False
CUS0000088,17.0,11.22,13.72,865,73,15,1,0,"(12, 24]",1.2228163992869876,"(7, 30]",False,False
CUS0002999,47.0,21.16,8.56,436,30,8,2,0,"(24, 48]",0.40453686200378075,"(7, 30]",False,False
CUS0005491,26.0,65.83,10.06,201,58,29,1,0,"(24, 48]",0.1528178641956555,"(7, 30]",True,False
CUS0001683,13.0,105.58,0.0,733,52,43,0,0,"(12, 24]",0.0,"(30, 60]",True,False
CUS0005360,47.0,25.74,14.66,370,182,37,4,0,"(24, 48]",0.5695415695415695,"(30, 60]",False,False
CUS0003359,66.0,55.52662624177525,8.39,466,299,63,0,1,"(48, 72]",0.1510986812609158,,False,False
CUS0006351,29.0,49.82,2.78,668,124,5,0,0,"(24, 48]",0.055800883179446,"(-1, 7]",False,True
CUS0006342,30.0,16.89,14.28,83,237,8,0,0,"(24, 48]",0.8454706927175843,"(7, 30]",False,False
CUS0004844,64.0,21.03,8.78,857,102,8,0,0,"(48, 72]",0.41749881122206367,"(7, 30]",False,False
CUS0005395,26.0,30.42,9.09,413,28,29,2,0,"(24, 48]",0.29881656804733725,"(7, 30]",False,True
CUS0000986,30.0,88.77,2.42,895,139,55,0,0,"(24, 48]",0.027261462205700124,"(30, 60]",True,False
CUS0002699,32.0,17.54,7.45,42,52,5,1,1,"(24, 48]",0.4247434435575827,"(-1, 7]",False,False
CUS0006043,22.0,13.05,8.218195789745577,369,139,8,3,0,"(12, 24]",0.6297468038119216,"(7, 30]",False,False
CUS0003753,60.0,17.02,9.04,651,0,24,7,1,"(48, 72]",0.5311398354876615,"(7, 30]",False,False
CUS0000383,38.0,31.16,5.76,573,172,44,0,1,"(24, 48]",0.18485237483953787,"(30, 60]",False,True
CUS0005704,4.0,24.59,5.0,812,116,19,2,0,"(0, 6]",0.203334688897926,"(7, 30]",False,False
CUS0007460,33.0,47.31,7.04,797,40,36,6,0,"(24, 48]",0.14880574931304164,"(30, 60]",False,True
CUS0000612,7.0,16.85,9.54,397,227,4,0,0,"(6, 12]",0.5661721068249257,"(-1, 7]",False,False
CUS0002663,35.0,63.64,3.52,207,25,4,4,0,"(24, 48]",0.05531112507856694,"(-1, 7]",True,False
CUS0007198,59.0,22.83,21.59,786,247,55,1,0,"(48, 72]",0.9456855015330706,"(30, 60]",False,False
CUS0007750,11.0,14.06,13.68,116,243,23,1,0,"(6, 12]",0.9729729729729729,"(7, 30]",False,False
CUS0002675,49.0,32.72,5.53,722,219,34,4,0,"(48, 72]",0.16900977995110025,"(30, 60]",False,True
CUS0004700,34.0,26.91,1.53,879,40,3,2,0,"(24, 48]",0.0568561872909699,"(-1, 7]",False,False
CUS0000437,13.0,10.93,11.34,231,173,5,1,1,"(12, 24]",1.0375114364135407,"(-1, 7]",False,False
CUS0006346,11.0,59.81,0.0,478,150,15,1,0,"(6, 12]",0.0,"(7, 30]",False,True
CUS0006818,44.0,55.64,3.29,62,246,13,0,0,"(24, 48]",0.05913012221423437,"(7, 30]",False,True
CUS0000062,30.0,29.02,2.15,502,149,4,0,0,"(24, 48]",0.0740868366643694,"(-1, 7]",False,False
CUS0005865,34.0,25.2,9.5,776,208,16,0,0,"(24, 48]",0.376984126984127,"(7, 30]",False,False
CUS0001461,12.0,69.52,6.3,822,28,81,3,1,"(6, 12]",0.09062140391254316,,True,False
CUS0001071,52.0,41.73,14.77,189,263,21,2,0,"(48, 72]",0.3539420081476156,"(7, 30]",False,True
CUS0003552,8.0,28.47,8.8,704,241,55,5,1,"(6, 12]",0.3090972953986653,"(30, 60]",False,False
CUS0002866,42.0,34.35,0.0,56,122,49,0,0,"(24, 48]",0.0,"(30, 60]",False,True
CUS0003506,32.0,22.77,4.74,652,216,4,3,0,"(24, 48]",0.20816864295125165,"(-1, 7]",False,False
CUS0006857,70.0,67.64,1.75,629,143,47,0,0,"(48, 72]",0.025872264931992902,"(30, 60]",False,True
CUS0005412,38.0,55.52662624177525,12.97,484,181,28,1,0,"(24, 48]",0.23358163241407362,"(7, 30]",False,False
CUS0005939,12.0,13.92,3.92,746,18,5,4,1,"(6, 12]",0.28160919540229884,"(-1, 7]",False,False
CUS0001788,29.0,68.36,7.74,633,159,3,0,0,"(24, 48]",0.11322410766530135,"(-1, 7]",False,True
CUS0000798,44.0,18.22,8.74,545,90,40,0,0,"(24, 48]",0.47969264544456647,"(30, 60]",False,False
CUS0007212,4.0,59.79,0.0,958,97,40,2,1,"(0, 6]",0.0,"(30, 60]",False,True
CUS0007464,34.0,25.3,5.63,508,148,39,0,0,"(24, 48]",0.2225296442687747,"(30, 60]",False,False
CUS0007035,38.0,11.47,3.94,105,231,47,0,1,"(24, 48]",0.3435047951176983,"(30, 60]",False,False
CUS0006221,68.0,59.11,0.16,604,219,7,0,0,"(48, 72]",0.0027068177973270176,"(-1, 7]",False,True
CUS0007616,26.0,26.49,18.35,376,37,19,0,0,"(24, 48]",0.6927142317855796,"(7, 30]",False,False
CUS0003409,69.0,10.45,0.0,99,286,22,0,0,"(48, 72]",0.0,"(7, 30]",False,False
CUS0001993,71.0,55.52662624177525,2.63,583,102,32,0,0,"(48, 72]",0.04736466409013212,"(30, 60]",False,False
CUS0007406,54.0,74.58,13.26,469,48,29,0,0,"(48, 72]",0.17779565567176187,"(7, 30]",True,False
CUS0000458,56.0,25.39,10.31,269,119,40,0,1,"(48, 72]",0.40606538007089404,"(30, 60]",False,False
CUS0001524,49.0,60.2,8.21,394,192,21,4,0,"(48, 72]",0.13637873754152824,"(7, 30]",False,True
CUS0001459,67.0,51.99,1.58,879,83,26,3,1,"(48, 72]",0.03039045970378919,"(7, 30]",False,True
CUS0001669,29.0,94.7,0.0,777,62,35,0,0,"(24, 48]",0.0,"(30, 60]",True,False
CUS0005740,1.0,80.5,12.88,898,83,23,2,1,"(0, 6]",0.16,"(7, 30]",True,False
CUS0000590,17.0,23.92,9.82,374,149,84,1,1,"(12, 24]",0.4105351170568562,,False,False
CUS0004017,23.0,29.98,7.9,42,8,52,0,0,"(12, 24]",0.2635090060040027,"(30, 60]",False,False
CUS0006525,2.0,22.15,9.85,489,215,3,0,0,"(0, 6]",0.44469525959367945,"(-1, 7]",False,False
CUS0005428,30.0,65.21,9.24,497,166,19,1,0,"(24, 48]",0.14169605888667383,"(7, 30]",False,True
CUS0005754,46.0,93.72,15.1,201,268,46,1,0,"(24, 48]",0.16111822449850619,"(30, 60]",True,False
CUS0002507,42.0,16.54,0.55,865,14,14,0,0,"(24, 48]",0.03325272067714632,"(7, 30]",False,False
CUS0002824,55.0,55.52662624177525,7.95,420,59,11,4,0,"(48, 72]",0.1431745549492587,"(7, 30]",False,False
CUS0002341,31.0,24.03,6.23,345,13,9,1,0,"(24, 48]",0.25925925925925924,"(7, 30]",False,False
CUS0001305,42.0,33.52,3.01,630,115,13,2,1,"(24, 48]",0.08979713603818615,"(7, 30]",False,True
CUS0006608,22.0,47.38,5.85,622,90,19,0,0,"(12, 24]",0.12346981848881383,"(7, 30]",False,True
CUS0002334,48.0,116.18,16.63,135,26,41,2,0,"(24, 48]",0.14313995524186604,"(30, 60]",True,False
CUS0001244,5.0,28.49,1.16,84,4,42,1,1,"(0, 6]",0.040716040716040715,"(30, 60]",False,False
CUS0001053,34.0,14.12,13.58,949,116,8,0,0,"(24, 48]",0.9617563739376771,"(7, 30]",False,False
CUS0006371,21.0,60.91,2.63,601,240,34,0,0,"(12, 24]",0.043178460022984734,"(30, 60]",False,True
CUS0004088,24.0,97.06,10.55,486,295,14,1,0,"(12, 24]",0.10869565217391305,"(7, 30]",True,False
CUS0005726,14.0,49.25,3.58,275,168,17,1,0,"(12, 24]",0.07269035532994925,"(7, 30]",False,True
CUS0005869,39.0,15.65,8.61,211,14,20,2,0,"(24, 48]",0.5501597444089457,"(7, 30]",False,False
CUS0003091,11.0,48.19,18.81,428,221,21,1,0,"(6, 12]",0.3903299439717784,"(7, 30]",False,True
CUS0003700,62.0,29.03,14.96,530,280,14,1,0,"(48, 72]",0.5153289700310024,"(7, 30]",False,False
CUS0001328,41.0,44.1,12.56,49,32,50,2,0,"(24, 48]",0.28480725623582764,"(30, 60]",False,True
CUS0000083,46.0,107.52,14.91,990,106,32,0,0,"(24, 48]",0.138671875,"(30, 60]",True,False
CUS0001576,24.0,24.3,2.67,161,171,5,2,1,"(12, 24]",0.10987654320987654,"(-1, 7]",False,False
CUS0002769,1.0,117.21,1.14,387,63,10,2,0,"(0, 6]",0.009726132582544152,"(7, 30]",True,False
CUS0002171,5.0,16.95,2.66,324,20,31,0,0,"(0, 6]",0.1569321533923304,"(30, 60]",False,False
CUS0007339,36.0,30.13,2.25,509,91,46,2,0,"(24, 48]",0.07467640225688682,"(30, 60]",False,True
CUS0003014,25.0,29.39,11.12,7,33,15,1,1,"(24, 48]",0.3783599863899285,"(7, 30]",False,False
CUS0002081,66.0,22.92,2.02,669,41,55,0,0,"(48, 72]",0.08813263525305409,"(30, 60]",False,False
CUS0003051,57.0,11.77,15.25,453,285,28,0,0,"(48, 72]",1.2956669498725575,"(7, 30]",False,False
CUS0005475,60.0,45.61,0.36,142,226,5,1,0,"(48, 72]",0.007893005919754439,"(-1, 7]",False,True
CUS0005472,16.0,14.93,8.56,273,98,27,3,0,"(12, 24]",0.5733422638981917,"(7, 30]",False,False
CUS0004031,55.0,24.49,4.16,921,1,38,1,0,"(48, 72]",0.16986525112290732,"(30, 60]",False,False
CUS0007098,16.0,16.14,11.5,615,34,71,0,1,"(12, 24]",0.7125154894671623,,False,False
CUS0006703,57.0,115.73,15.32,522,0,17,1,0,"(48, 72]",0.13237708459345027,"(7, 30]",True,False
CUS0002683,71.0,13.49,12.13,763,171,66,1,0,"(48, 72]",0.899184581171238,,False,False
CUS0003113,11.0,88.56,4.6,5,288,32,3,0,"(6, 12]",0.05194218608852755,"(30, 60]",True,False
CUS0001292,49.0,63.05,13.26,895,237,55,2,0,"(48, 72]",0.21030927835051547,"(30, 60]",False,True
CUS0007299,6.0,85.37,2.81,77,162,26,0,0,"(0, 6]",0.03291554410214361,"(7, 30]",True,False
CUS0005232,17.0,48.93,14.43,87,13,42,5,1,"(12, 24]",0.29491109748620475,"(30, 60]",False,True
CUS0007861,69.0,93.24,7.18,985,132,42,5,0,"(48, 72]",0.077005577005577,"(30, 60]",True,False
CUS0006999,10.0,14.32,3.57,992,297,21,0,1,"(6, 12]",0.24930167597765363,"(7, 30]",False,False
CUS0007433,55.0,15.8,13.08,635,239,5,0,0,"(48, 72]",0.8278481012658228,"(-1, 7]",False,False
CUS0000923,45.0,102.83,13.91,127,78,28,0,0,"(24, 48]",0.13527180783817952,"(7, 30]",True,False
CUS0005505,18.0,17.17,7.33,295,2,2,2,0,"(12, 24]",0.4269073966220151,"(-1, 7]",False,False
CUS0004960,62.0,112.28,12.53,912,180,1,3,0,"(48, 72]",0.11159600997506233,"(-1, 7]",True,False
CUS0002374,46.0,14.73,7.16,806,119,8,0,0,"(24, 48]",0.4860828241683639,"(7, 30]",False,False
CUS0001337,39.0,92.71,4.55,61,43,12,3,0,"(24, 48]",0.04907776938841549,"(7, 30]",True,False
CUS0003633,4.0,93.51,21.67,963,212,23,0,0,"(0, 6]",0.2317399208640787,"(7, 30]",True,False
CUS0005873,4.0,55.97,1.83,927,271,53,2,1,"(0, 6]",0.03269608718956584,"(30, 60]",False,True
CUS0007405,53.0,42.41,11.46,947,276,32,2,0,"(48, 72]",0.2702192879037963,"(30, 60]",False,True
CUS0004875,50.0,40.93,13.14,390,89,17,3,0,"(48, 72]",0.3210359149767897,"(7, 30]",False,True
CUS0000552,60.0,18.96,10.0,15,203,19,1,0,"(48, 72]",0.5274261603375527,"(7, 30]",False,False
CUS0000026,55.0,23.77,2.25,575,101,23,2,0,"(48, 72]",0.09465713083718974,"(7, 30]",False,False
CUS0003473,64.0,55.52662624177525,3.93,605,205,65,0,0,"(48, 72]",0.07077685546548261,,True,False
CUS0000501,10.0,19.42,11.87,995,187,22,0,0,"(6, 12]",0.6112255406797116,"(7, 30]",False,False
CUS0005174,35.0,10.68,2.03,679,215,31,0,1,"(24, 48]",0.1900749063670412,"(30, 60]",False,False
CUS0002217,2.0,73.44,2.09,204,64,59,2,1,"(0, 6]",0.028458605664488018,"(30, 60]",True,False
CUS0006220,56.0,21.88,9.09,864,28,7,1,0,"(48, 72]",0.4154478976234004,"(-1, 7]",False,False
CUS0000276,43.0,27.68,11.37,0,290,10,0,0,"(24, 48]",0.4107658959537572,"(7, 30]",False,False
CUS0002307,17.0,21.2,6.54,689,172,79,2,1,"(12, 24]",0.30849056603773584,,False,False
CUS0002413,34.0,49.13,1.81,448,32,31,1,0,"(24, 48]",0.03684103399145125,"(30, 60]",False,True
CUS0006374,45.0,65.87,11.65,137,181,49,0,0,"(24, 48]",0.17686351905267952,"(30, 60]",True,False
CUS0005317,66.0,16.02,12.41,466,261,35,0,0,"(48, 72]",0.7746566791510612,"(30, 60]",False,False
CUS0005289,69.0,21.22,7.96,352,185,41,1,1,"(48, 72]",0.3751178133836004,"(30, 60]",False,False
CUS0000890,71.0,61.57,13.16,791,245,37,1,0,"(48, 72]",0.21374045801526717,"(30, 60]",True,False
CUS0007005,32.0,111.57,5.94,24,300,5,0,0,"(24, 48]",0.053240118311374034,"(-1, 7]",True,False
CUS0000008,29.0,50.09,8.218195789745577,545,233,21,2,0,"(24, 48]",0.16406859232871984,"(7, 30]",False,True
CUS0002007,13.0,11.02,5.97,147,162,30,2,1,"(12, 24]",0.5417422867513612,"(7, 30]",False,False
CUS0005680,50.0,39.06,7.25,499,149,8,0,0,"(48, 72]",0.18561187916026625,"(7, 30]",False,True
CUS0007079,10.0,22.45,9.79,268,284,93,0,1,"(6, 12]",0.43608017817371936,,False,False
CUS0006926,60.0,50.45,3.04,836,261,20,1,0,"(48, 72]",0.060257680872150644,"(7, 30]",False,True
CUS0005962,49.0,104.8,14.72,347,133,39,0,0,"(48, 72]",0.14045801526717558,"(30, 60]",True,False
CUS0003119,71.0,51.19,4.85,780,140,36,1,0,"(48, 72]",0.09474506739597577,"(30, 60]",False,True
CUS0006416,21.0,11.05,8.61,749,249,7,0,0,"(12, 24]",0.7791855203619908,"(-1, 7]",False,False
CUS0007361,16.0,21.34,0.29,567,27,23,0,0,"(12, 24]",0.01358950328022493,"(7, 30]",False,False
CUS0004962,35.0,19.04,1.3,618,245,62,0,1,"(24, 48]",0.06827731092436976,,False,False
CUS0002151,46.0,16.17,13.04,551,153,29,0,0,"(24, 48]",0.8064316635745206,"(7, 30]",False,False
CUS0001947,59.0,16.17,0.0,119,35,57,3,0,"(48, 72]",0.0,"(30, 60]",False,False
CUS0006968,57.0,22.77,8.68,821,130,14,1,0,"(48, 72]",0.38120333772507686,"(7, 30]",False,False
CUS0003045,35.0,17.11,3.26,645,270,29,0,0,"(24, 48]",0.19053185271770895,"(7, 30]",False,False
CUS0002397,61.0,11.47,0.0,899,77,13,1,0,"(48, 72]",0.0,"(7, 30]",False,False
CUS0007487,2.0,111.27,10.9,512,298,16,5,0,"(0, 6]",0.09795991731823493,"(7, 30]",True,False
CUS0002591,53.0,93.69,3.83,743,209,46,4,0,"(48, 72]",0.04087949621090832,"(30, 60]",True,False
CUS0005999,53.0,17.47,9.81,126,282,17,1,0,"(48, 72]",0.5615340583858043,"(7, 30]",False,False
CUS0000261,37.0,35.85,6.74,218,17,30,3,1,"(24, 48]",0.18800557880055788,"(7, 30]",False,True
CUS0002464,47.0,21.98,3.95,956,284,2,2,1,"(24, 48]",0.1797088262056415,"(-1, 7]",False,False
CUS0001233,5.0,61.5,15.99,442,118,43,6,1,"(0, 6]",0.26,"(30, 60]",False,True
CUS0000693,34.0,60.31,0.68,870,294,28,0,0,"(24, 48]",0.011275078759741337,"(7, 30]",False,True
CUS0000687,66.0,35.15,8.82,223,269,8,5,0,"(48, 72]",0.2509246088193457,"(7, 30]",False,True
CUS0004607,67.0,12.64,15.0,20,257,21,1,0,"(48, 72]",1.1867088607594936,"(7, 30]",False,False
CUS0000949,18.0,18.84,9.44,705,9,19,0,0,"(12, 24]",0.5010615711252654,"(7, 30]",False,False
CUS0001188,68.0,28.38,8.63,793,283,0,0,0,"(48, 72]",0.30408738548273434,"(-1, 7]",False,False
CUS0007309,58.0,69.37,6.1,588,51,21,0,0,"(48, 72]",0.08793426553265099,"(7, 30]",False,True
CUS0006579,58.0,58.64,9.31,8,58,3,0,0,"(48, 72]",0.15876534788540247,"(-1, 7]",False,True
CUS0004305,31.0,114.77,2.06,238,193,25,5,1,"(24, 48]",0.017948941360982837,"(7, 30]",True,False
CUS0007028,27.0,60.99,11.89,590,45,14,6,0,"(24, 48]",0.19494999180193476,"(7, 30]",True,False
CUS0007207,31.0,51.63,5.36,972,64,28,8,0,"(24, 48]",0.10381561107883014,"(7, 30]",False,True
CUS0006928,15.0,63.61,10.03,179,63,0,0,0,"(12, 24]",0.1576796101241943,"(-1, 7]",False,True
CUS0003208,4.0,22.98,12.12,165,213,12,0,0,"(0, 6]",0.5274151436031331,"(7, 30]",False,False
CUS0006840,69.0,31.44,4.64,739,193,5,4,0,"(48, 72]",0.1475826972010178,"(-1, 7]",False,True
CUS0007670,7.0,11.65,6.54,98,122,3,6,1,"(6, 12]",0.5613733905579399,"(-1, 7]",False,False
CUS0001055,49.0,20.34,7.81,871,281,15,0,0,"(48, 72]",0.3839724680432645,"(7, 30]",False,False
CUS0002328,36.0,38.47,7.73,953,279,17,0,0,"(24, 48]",0.20093579412529244,"(7, 30]",False,True
CUS0004092,38.0,14.32,14.71,663,297,32,0,0,"(24, 48]",1.0272346368715084,"(30, 60]",False,False
CUS0006854,57.0,23.42,5.31,951,294,10,2,0,"(48, 72]",0.22672929120409901,"(7, 30]",False,False
CUS0004632,30.0,27.57,3.53,104,110,4,2,0,"(24, 48]",0.12803772216177003,"(-1, 7]",False,False
CUS0007704,43.0,91.03,0.0,583,223,37,1,0,"(24, 48]",0.0,"(30, 60]",True,False
CUS0003215,22.0,28.24,2.39,336,110,30,1,1,"(12, 24]",0.08463172804532579,"(7, 30]",False,False
CUS0001805,47.0,17.66,0.0,464,81,34,0,0,"(24, 48]",0.0,"(30, 60]",False,False
CUS0002196,30.0,87.87,1.11,874,77,34,0,0,"(24, 48]",0.012632297712529874,"(30, 60]",True,False
CUS0000409,44.0,27.89,8.218195789745577,9,105,54,0,0,"(24, 48]",0.2946646034329716,"(30, 60]",False,False
CUS0001024,14.0,18.0,6.05,173,241,64,0,1,"(12, 24]",0.3361111111111111,,False,False
CUS0006831,68.0,32.42,19.32,982,218,23,0,0,"(48, 72]",0.5959284392350401,"(7, 30]",False,True
CUS0002914,62.0,17.09,7.44,2,122,3,0,0,"(48, 72]",0.4353423054417788,"(-1, 7]",False,False
CUS0002843,33.0,29.38,2.77,787,39,54,0,1,"(24, 48]",0.09428182437031996,"(30, 60]",False,False
CUS0005656,13.0,28.93,0.0,464,148,26,0,0,"(12, 24]",0.0,"(7, 30]",False,False
CUS0007082,9.0,27.14,8.218195789745577,120,191,18,0,0,"(6, 12]",0.30280750883366164,"(7, 30]",False,False
CUS0002551,29.0,61.68,3.95,671,283,17,0,0,"(24, 48]",0.0640402075226978,"(7, 30]",False,True
CUS0005115,60.0,14.02,14.54,362,271,26,2,0,"(48, 72]",1.037089871611983,"(7, 30]",False,False
CUS0006436,62.0,17.89,13.63,902,97,38,0,0,"(48, 72]",0.7618781442146451,"(30, 60]",False,False
CUS0007315,13.0,19.1,0.0,539,249,39,0,1,"(12, 24]",0.0,"(30, 60]",False,False
CUS0005075,33.0,44.63,8.11,731,91,24,1,1,"(24, 48]",0.1817163343042796,"(7, 30]",False,True
CUS0006069,27.0,100.77,2.03,15,283,57,0,0,"(24, 48]",0.020144884390195492,"(30, 60]",True,False
CUS0007923,49.0,30.9,6.76,433,156,48,0,0,"(48, 72]",0.21877022653721684,"(30, 60]",False,True
CUS0003751,50.0,65.59,0.0,248,236,15,2,1,"(48, 72]",0.0,"(7, 30]",False,True
CUS0003396,41.0,27.46,10.68,220,264,68,0,0,"(24, 48]",0.3889293517844137,,False,False
CUS0005064,45.0,20.11,0.8,322,284,46,1,1,"(24, 48]",0.03978120338140229,"(30, 60]",False,False
CUS0006408,18.0,27.65,0.0,109,234,28,0,0,"(12, 24]",0.0,"(7, 30]",False,False
CUS0006751,28.0,64.26,0.0,624,42,4,0,0,"(24, 48]",0.0,"(-1, 7]",False,True
CUS0000207,58.0,20.02,7.16,841,137,33,0,0,"(48, 72]",0.35764235764235763,"(30, 60]",False,False
CUS0003771,59.0,55.52662624177525,8.218195789745577,651,224,0,7,0,"(48, 72]",0.14800459429971002,"(-1, 7]",True,False
CUS0007099,4.0,10.3,9.56,440,58,12,1,0,"(0, 6]",0.9281553398058252,"(7, 30]",False,False
CUS0000277,11.0,24.56,0.0,925,4,21,0,0,"(6, 12]",0.0,"(7, 30]",False,False
CUS0003166,43.0,28.9,10.64,341,137,67,0,0,"(24, 48]",0.36816608996539796,,False,False
CUS0004065,34.0,10.8,7.49,753,141,0,3,0,"(24, 48]",0.6935185185185185,"(-1, 7]",False,False
CUS0003525,17.0,11.12,18.23,887,136,36,1,0,"(12, 24]",1.6393884892086332,"(30, 60]",False,False
CUS0001904,19.0,57.28,4.81,8,290,32,2,0,"(12, 24]",0.08397346368715083,"(30, 60]",False,True
CUS0000041,62.0,24.12,1.95,854,9,66,0,0,"(48, 72]",0.0808457711442786,,False,False
CUS0001728,71.0,30.11,11.68,565,256,34,2,0,"(48, 72]",0.3879109930255729,"(30, 60]",False,True
CUS0002907,58.0,12.47,7.24,867,228,24,0,0,"(48, 72]",0.5805934242181234,"(7, 30]",False,False
CUS0004726,65.0,23.93,14.12,409,171,7,0,0,"(48, 72]",0.5900543251149185,"(-1, 7]",False,False
CUS0001917,19.0,22.44,12.6,352,290,5,1,0,"(12, 24]",0.5614973262032085,"(-1, 7]",False,False
CUS0006076,8.0,29.57,7.87,442,3,1,0,1,"(6, 12]",0.26614812309773417,"(-1, 7]",False,False
CUS0001338,39.0,55.52662624177525,3.2,78,229,27,3,1,"(24, 48]",0.057630009539324255,"(7, 30]",True,False
CUS0001489,62.0,50.36,10.92,180,245,56,1,0,"(48, 72]",0.21683876092136617,"(30, 60]",False,True
CUS0000330,63.0,93.22,8.81,808,271,24,0,0,"(48, 72]",0.09450761639133234,"(7, 30]",True,False
CUS0003220,57.0,102.98,11.18,362,242,16,0,0,"(48, 72]",0.10856476985822489,"(7, 30]",True,False
CUS0001405,3.0,15.52,20.29,304,127,45,5,1,"(0, 6]",1.3073453608247423,"(30, 60]",False,False
CUS0001371,63.0,110.35,5.42,433,212,9,1,0,"(48, 72]",0.049116447666515635,"(7, 30]",True,False
CUS0000787,68.0,18.43,5.86,826,88,59,0,0,"(48, 72]",0.31795984807379274,"(30, 60]",False,False
CUS0002340,8.0,14.58,10.71,273,298,14,1,0,"(6, 12]",0.7345679012345679,"(7, 30]",False,False
CUS0000795,65.0,22.61,3.46,48,275,58,2,0,"(48, 72]",0.1530296329057939,"(30, 60]",False,False
CUS0004759,61.0,95.27,15.12,99,100,6,0,0,"(48, 72]",0.15870683321087437,"(-1, 7]",True,False
CUS0004993,61.0,118.94,15.83,455,7,25,0,0,"(48, 72]",0.13309231545316966,"(7, 30]",True,False
CUS0001285,21.0,27.46,13.61,948,233,5,2,0,"(12, 24]",0.4956300072833212,"(-1, 7]",False,False
CUS0002906,43.0,25.96,6.83,601,266,55,1,0,"(24, 48]",0.2630970724191063,"(30, 60]",False,False
CUS0001348,38.0,27.49,7.43,239,241,10,1,0,"(24, 48]",0.2702801018552201,"(7, 30]",False,False
CUS0004641,6.0,14.86,6.46,89,257,7,0,0,"(0, 6]",0.4347240915208614,"(-1, 7]",False,False
CUS0004619,7.0,17.96,15.09,324,157,6,1,0,"(6, 12]",0.8402004454342984,"(-1, 7]",False,False
CUS0002881,46.0,29.86,8.85,514,97,33,1,0,"(24, 48]",0.29638312123241795,"(30, 60]",False,False
CUS0003083,39.0,22.66,4.64,116,222,2,0,0,"(24, 48]",0.20476610767872902,"(-1, 7]",False,False
CUS0003781,41.0,84.37,14.55,542,280,44,2,0,"(24, 48]",0.1724546639800877,"(30, 60]",True,False
CUS0001681,62.0,22.58,7.08,357,26,37,0,0,"(48, 72]",0.31355181576616475,"(30, 60]",False,False
CUS0004824,23.0,65.21,9.75,676,19,24,2,0,"(12, 24]",0.14951694525379544,"(7, 30]",False,True
CUS0006576,1.0,50.7,13.86,639,1,15,0,0,"(0, 6]",0.2733727810650887,"(7, 30]",False,True
CUS0000682,35.0,27.14,0.0,280,229,46,0,0,"(24, 48]",0.0,"(30, 60]",False,False
CUS0006234,32.0,24.98,5.26,548,286,19,0,0,"(24, 48]",0.21056845476381103,"(7, 30]",False,False
CUS0002087,40.0,31.29,4.45,112,173,10,3,0,"(24, 48]",0.14221796100990733,"(7, 30]",False,True
CUS0007298,60.0,26.31,5.62,819,137,58,7,1,"(48, 72]",0.2136069935385785,"(30, 60]",False,False
CUS0004268,4.0,29.12,1.55,955,282,7,3,0,"(0, 6]",0.053228021978021976,"(-1, 7]",False,False
CUS0000208,18.0,65.11,7.49,911,202,24,2,0,"(12, 24]",0.11503609276608816,"(7, 30]",False,True
CUS0003990,62.0,71.86,3.13,736,30,4,0,0,"(48, 72]",0.04355691622599499,"(-1, 7]",True,False
CUS0007370,38.0,17.72,11.57,887,198,3,3,0,"(24, 48]",0.6529345372460498,"(-1, 7]",False,False
CUS0003490,32.0,99.02,1.88,743,35,17,0,0,"(24, 48]",0.018986063421531002,"(7, 30]",True,False
CUS0005532,50.0,84.29,2.83,308,30,14,0,0,"(48, 72]",0.03357456400522007,"(7, 30]",True,False
CUS0001643,60.0,17.32,4.75,445,68,34,1,0,"(48, 72]",0.27424942263279445,"(30, 60]",False,False
CUS0006445,34.0,51.94,16.01,238,134,53,3,0,"(24, 48]",0.3082402772429727,"(30, 60]",False,True
CUS0002395,31.0,41.74,10.02,812,161,41,5,1,"(24, 48]",0.24005749880210828,"(30, 60]",False,True
CUS0000311,50.0,65.99,7.16,203,130,13,3,0,"(48, 72]",0.10850128807395061,"(7, 30]",False,True
CUS0001133,63.0,15.82,8.218195789745577,190,69,54,0,0,"(48, 72]",0.5194814026387848,"(30, 60]",False,False
CUS0003077,23.0,17.97,9.07,67,182,56,1,1,"(12, 24]",0.5047301057317752,"(30, 60]",False,False
CUS0000153,19.0,62.12,8.218195789745577,409,277,12,1,0,"(12, 24]",0.13229548921032802,"(7, 30]",False,True
CUS0003244,20.0,18.6,5.89,325,15,52,0,0,"(12, 24]",0.31666666666666665,"(30, 60]",False,False
CUS0000195,47.0,113.99,12.6,876,48,8,0,0,"(24, 48]",0.11053601193087113,"(7, 30]",True,False
CUS0006337,40.0,17.49,2.92,285,130,21,1,0,"(24, 48]",0.1669525443110349,"(7, 30]",False,False
CUS0002553,33.0,29.21,13.51,325,145,8,0,0,"(24, 48]",0.4625128380691544,"(7, 30]",False,False
CUS0003496,16.0,14.76,0.0,988,60,81,0,0,"(12, 24]",0.0,,False,False
CUS0000881,71.0,63.98,12.55,796,131,59,2,0,"(48, 72]",0.19615504845264148,"(30, 60]",False,True
CUS0004758,7.0,26.69,13.25,513,295,10,0,1,"(6, 12]",0.49644061446234544,"(7, 30]",False,False
CUS0006917,56.0,96.19,10.39,560,193,18,4,0,"(48, 72]",0.10801538621478325,"(7, 30]",True,False
CUS0000345,21.0,28.77,15.15,263,175,37,0,0,"(12, 24]",0.5265901981230449,"(30, 60]",False,False
CUS0006908,66.0,20.3,4.36,0,75,14,4,1,"(48, 72]",0.21477832512315273,"(7, 30]",False,False
CUS0000074,63.0,15.58,6.39,286,16,60,0,0,"(48, 72]",0.41014120667522463,"(30, 60]",False,False
CUS0004814,56.0,102.94,15.41,928,31,13,1,0,"(48, 72]",0.14969885370118516,"(7, 30]",True,False
CUS0001673,6.0,55.52662624177525,0.15,69,178,4,0,0,"(0, 6]",0.0027014066971558243,"(-1, 7]",False,False
CUS0000518,48.0,50.91,12.24,340,223,41,0,0,"(24, 48]",0.2404242781378904,"(30, 60]",False,True
CUS0007384,34.0,65.65,11.45,47,287,42,0,0,"(24, 48]",0.17440974866717437,"(30, 60]",False,True
CUS0004452,61.0,86.76,11.49,853,29,45,5,0,"(48, 72]",0.13243430152143845,"(30, 60]",True,False
CUS0000659,37.0,45.5,3.14,787,192,31,0,0,"(24, 48]",0.06901098901098901,"(30, 60]",False,True
CUS0007665,61.0,68.06,6.45,236,178,14,0,0,"(48, 72]",0.09476932118718777,"(7, 30]",True,False
CUS0000251,13.0,93.35,14.38,970,76,8,2,0,"(12, 24]",0.15404392072844136,"(7, 30]",True,False
CUS0002753,52.0,31.55,8.75,426,90,23,0,0,"(48, 72]",0.277337559429477,"(7, 30]",False,True
CUS0001504,28.0,82.64,1.57,323,210,46,0,0,"(24, 48]",0.01899806389157793,"(30, 60]",True,False
CUS0004196,59.0,19.5,8.86,118,296,26,0,0,"(48, 72]",0.4543589743589743,"(7, 30]",False,False
CUS0006940,42.0,66.0,14.84,102,210,46,3,1,"(24, 48]",0.22484848484848485,"(30, 60]",False,True
CUS0002759,10.0,69.41,7.78,993,248,16,0,0,"(6, 12]",0.11208759544734188,"(7, 30]",False,True
CUS0007734,52.0,55.52662624177525,0.62,246,215,1,2,0,"(48, 72]",0.011165814348244074,"(-1, 7]",False,False
CUS0005357,53.0,25.37,18.48,737,133,23,5,0,"(48, 72]",0.7284193929838392,"(7, 30]",False,False
CUS0001351,67.0,73.68,13.78,405,295,15,1,1,"(48, 72]",0.18702497285559172,"(7, 30]",True,False
CUS0005863,54.0,48.31,8.09,157,19,4,2,0,"(48, 72]",0.167460153177396,"(-1, 7]",False,True
CUS0003681,38.0,53.71,14.96,730,93,6,2,0,"(24, 48]",0.27853286166449454,"(-1, 7]",False,True
CUS0003725,46.0,18.06,9.6,981,230,36,1,0,"(24, 48]",0.53156146179402,"(30, 60]",False,False
CUS0003523,4.0,18.06,11.51,501,256,40,3,0,"(0, 6]",0.6373200442967886,"(30, 60]",False,False
CUS0007166,3.0,18.63,8.83,624,151,28,2,0,"(0, 6]",0.473966720343532,"(7, 30]",False,False
CUS0004279,32.0,16.29,2.35,117,186,42,0,0,"(24, 48]",0.14426028238182936,"(30, 60]",False,False
CUS0006375,22.0,25.44,13.26,64,186,34,1,1,"(12, 24]",0.5212264150943395,"(30, 60]",False,False
CUS0003638,43.0,17.46,6.17,676,240,13,1,0,"(24, 48]",0.3533791523482245,"(7, 30]",False,False
CUS0007980,2.0,50.04,8.55,193,89,32,1,1,"(0, 6]",0.170863309352518,"(30, 60]",False,True
CUS0000133,23.0,12.54,3.42,299,126,1,0,0,"(12, 24]",0.27272727272727276,"(-1, 7]",False,False
CUS0000767,4.0,61.58,9.89,854,4,27,2,0,"(0, 6]",0.16060409223773953,"(7, 30]",False,True
CUS0000269,24.0,11.11,11.34,462,212,39,1,0,"(12, 24]",1.0207020702070206,"(30, 60]",False,False
CUS0007453,40.0,74.83,0.0,566,219,41,1,0,"(24, 48]",0.0,"(30, 60]",True,False
CUS0000526,5.0,60.23,16.39,18,70,34,0,0,"(0, 6]",0.2721235264818197,"(30, 60]",True,False
CUS0000635,7.0,11.95,0.0,88,249,13,1,0,"(6, 12]",0.0,"(7, 30]",False,False
CUS0001866,21.0,21.28,0.0,363,231,22,0,1,"(12, 24]",0.0,"(7, 30]",False,False
CUS0005792,7.0,28.2,9.34,660,199,75,1,1,"(6, 12]",0.3312056737588652,,False,False
CUS0005219,7.0,67.98,6.03,760,209,9,3,0,"(6, 12]",0.08870255957634599,"(7, 30]",False,True
CUS0004543,63.0,19.04,8.218195789745577,592,99,18,0,0,"(48, 72]",0.43162793013369627,"(7, 30]",False,False
CUS0001898,24.0,64.1,13.05,733,191,29,0,0,"(12, 24]",0.20358814352574106,"(7, 30]",False,True
CUS0002429,50.0,14.19,5.17,916,208,21,0,0,"(48, 72]",0.3643410852713178,"(7, 30]",False,False
CUS0003592,5.0,13.78,10.74,355,251,1,0,0,"(0, 6]",0.7793904208998549,"(-1, 7]",False,False
CUS0001784,46.0,29.8,11.49,623,144,17,0,0,"(24, 48]",0.3855704697986577,"(7, 30]",False,False
CUS0005880,23.0,64.16,10.16,246,184,47,0,0,"(12, 24]",0.15835411471321698,"(30, 60]",False,True
CUS0003770,61.0,18.12,0.0,44,265,12,2,0,"(48, 72]",0.0,"(7, 30]",False,False
CUS0007275,4.0,61.89,14.74,960,123,10,0,0,"(0, 6]",0.23816448537728227,"(7, 30]",False,True
CUS0001421,66.0,110.87,8.72,465,185,46,4,0,"(48, 72]",0.07865067195814919,"(30, 60]",True,False
CUS0006721,39.0,32.92,6.55,69,54,27,1,0,"(24, 48]",0.19896719319562575,"(7, 30]",False,True
CUS0004510,45.0,21.43,9.61,334,188,8,0,0,"(24, 48]",0.44843677088194117,"(7, 30]",False,False
CUS0001054,22.0,45.8,12.13,946,165,26,4,0,"(12, 24]",0.26484716157205246,"(7, 30]",False,True
CUS0005662,58.0,55.52662624177525,8.66,335,296,14,8,1,"(48, 72]",0.15596121331579627,"(7, 30]",False,False
CUS0001046,23.0,14.07,0.0,904,208,27,4,0,"(12, 24]",0.0,"(7, 30]",False,False
CUS0004507,50.0,26.34,13.41,69,286,33,0,0,"(48, 72]",0.5091116173120729,"(30, 60]",False,False
CUS0000095,39.0,111.57,23.05,117,154,2,0,0,"(24, 48]",0.2065967554001972,"(-1, 7]",True,False
CUS0007550,4.0,115.09,1.79,656,49,35,3,0,"(0, 6]",0.01555304544269702,"(30, 60]",True,False
CUS0006619,69.0,14.44,11.41,694,131,59,0,0,"(48, 72]",0.7901662049861496,"(30, 60]",False,False
CUS0006427,12.0,81.39,3.34,517,197,7,1,0,"(6, 12]",0.04103698243027399,"(-1, 7]",True,False
CUS0004014,45.0,23.99,8.218195789745577,348,9,10,0,1,"(24, 48]",0.34256756105650593,"(7, 30]",False,False
CUS0004438,32.0,37.97,6.55,7,279,22,0,0,"(24, 48]",0.17250460890176456,"(7, 30]",False,True
CUS0002325,43.0,51.76,4.31,30,162,43,0,0,"(24, 48]",0.08326893353941267,"(30, 60]",False,True
CUS0007889,26.0,18.31,6.37,107,1,21,0,0,"(24, 48]",0.3478973238667395,"(7, 30]",False,False
CUS0006795,16.0,26.92,11.41,802,31,5,0,0,"(12, 24]",0.4238484398216939,"(-1, 7]",False,False
CUS0004603,64.0,35.37,16.41,760,215,8,0,0,"(48, 72]",0.4639525021204411,"(7, 30]",False,True
CUS0004545,5.0,27.84,0.24,747,0,13,1,0,"(0, 6]",0.008620689655172414,"(7, 30]",False,False
CUS0001264,40.0,18.04,12.24,29,74,3,2,1,"(24, 48]",0.6784922394678493,"(-1, 7]",False,False
CUS0003255,14.0,22.65,12.62,747,98,8,1,0,"(12, 24]",0.5571743929359824,"(7, 30]",False,False
CUS0007130,64.0,16.52,17.78,658,249,6,0,0,"(48, 72]",1.076271186440678,"(-1, 7]",False,False
CUS0007482,65.0,51.16,13.85,977,189,49,0,0,"(48, 72]",0.2707193119624707,"(30, 60]",False,True
CUS0006676,40.0,24.65,10.18,677,164,27,6,1,"(24, 48]",0.4129817444219067,"(7, 30]",False,False
CUS0003222,3.0,41.61,4.04,873,104,4,0,0,"(0, 6]",0.09709204518144678,"(-1, 7]",False,True
CUS0004900,22.0,69.43,6.86,689,34,51,2,0,"(12, 24]",0.0988045513466801,"(30, 60]",True,False
CUS0002659,37.0,29.31,6.38,750,243,40,0,0,"(24, 48]",0.2176731490958717,"(30, 60]",False,False
CUS0005032,19.0,14.15,0.0,766,3,1,3,0,"(12, 24]",0.0,"(-1, 7]",False,False
CUS0000606,36.0,29.29,11.44,931,173,19,1,0,"(24, 48]",0.3905769887333561,"(7, 30]",False,False
CUS0001346,37.0,13.6,10.21,484,165,7,0,0,"(24, 48]",0.7507352941176472,"(-1, 7]",False,False
CUS0006357,62.0,30.41,9.38,406,298,12,0,0,"(48, 72]",0.3084511673791516,"(7, 30]",False,True
CUS0005180,43.0,29.91,4.64,0,283,44,0,0,"(24, 48]",0.15513206285523234,"(30, 60]",False,False
CUS0004466,16.0,89.51,7.18,357,220,62,0,0,"(12, 24]",0.08021450117305329,,True,False
CUS0004618,34.0,63.44,6.66,952,25,49,0,0,"(24, 48]",0.10498108448928122,"(30, 60]",False,True
CUS0004864,16.0,33.36,8.218195789745577,924,105,29,4,0,"(12, 24]",0.246348794656642,"(7, 30]",False,True
CUS0004833,38.0,15.61,2.9,496,249,0,0,0,"(24, 48]",0.18577834721332478,"(-1, 7]",False,False
CUS0007982,54.0,26.06,15.93,578,33,34,1,0,"(48, 72]",0.61128165771297,"(30, 60]",False,False
CUS0006205,45.0,60.65,7.87,135,29,1,0,0,"(24, 48]",0.12976092333058534,"(-1, 7]",False,True
CUS0002363,54.0,20.09,8.75,886,279,22,0,0,"(48, 72]",0.4355400696864112,"(7, 30]",False,False
CUS0000351,47.0,37.87,3.48,782,58,33,0,0,"(24, 48]",0.09189331925006602,"(30, 60]",False,True
CUS0002238,1.0,24.95,3.13,748,220,1,0,0,"(0, 6]",0.1254509018036072,"(-1, 7]",False,False
CUS0001345,26.0,23.35,7.26,222,126,13,1,0,"(24, 48]",0.3109207708779443,"(7, 30]",False,False
CUS0000442,5.0,74.26,11.07,169,267,13,0,0,"(0, 6]",0.14907083221115,"(7, 30]",True,False
CUS0006724,23.0,27.87,12.44,128,290,48,2,0,"(12, 24]",0.4463580911374237,"(30, 60]",False,False
CUS0004276,28.0,69.74,8.99,298,67,2,8,0,"(24, 48]",0.12890737023229137,"(-1, 7]",False,True
CUS0005954,54.0,21.24,18.58,149,103,53,3,1,"(48, 72]",0.8747645951035782,"(30, 60]",False,False
CUS0002485,66.0,17.67,11.42,227,53,51,4,0,"(48, 72]",0.6462931522354272,"(30, 60]",False,False
CUS0000821,40.0,50.57,12.15,523,56,23,0,0,"(24, 48]",0.24026102432272098,"(7, 30]",False,True
CUS0002010,57.0,36.44,2.53,293,9,0,8,0,"(48, 72]",0.06942919868276619,"(-1, 7]",False,True
CUS0006717,20.0,19.58,1.76,858,271,41,3,0,"(12, 24]",0.08988764044943821,"(30, 60]",False,False
CUS0003950,62.0,25.69,0.0,980,81,30,1,0,"(48, 72]",0.0,"(7, 30]",False,False
CUS0003890,39.0,16.2,5.12,632,176,4,0,0,"(24, 48]",0.3160493827160494,"(-1, 7]",False,False
CUS0004254,40.0,65.68,0.0,327,71,27,0,0,"(24, 48]",0.0,"(7, 30]",True,False
CUS0003785,39.0,55.52662624177525,13.34,351,269,29,6,0,"(24, 48]",0.24024510226705797,"(7, 30]",False,True
CUS0006496,41.0,103.41,10.73,647,296,20,1,0,"(24, 48]",0.10376172517164685,"(7, 30]",True,False
CUS0001736,24.0,27.61,9.1,479,231,3,0,1,"(12, 24]",0.3295907279971025,"(-1, 7]",False,False
CUS0001614,70.0,93.73,8.91,885,191,36,1,0,"(48, 72]",0.09506027952629895,"(30, 60]",True,False
CUS0007768,67.0,116.56,8.54,412,201,4,0,0,"(48, 72]",0.07326698695950583,"(-1, 7]",True,False
CUS0006604,61.0,24.56,10.86,597,143,44,1,0,"(48, 72]",0.44218241042345274,"(30, 60]",False,False
CUS0007418,70.0,10.21,8.218195789745577,213,142,3,0,0,"(48, 72]",0.8049163359202327,"(-1, 7]",False,False
CUS0006377,66.0,13.57,12.76,355,94,27,0,0,"(48, 72]",0.9403095062638173,"(7, 30]",False,False
CUS0007281,46.0,88.52,5.13,895,229,9,0,0,"(24, 48]",0.05795300497062811,"(7, 30]",True,False
CUS0007685,10.0,33.86,7.42,300,196,20,6,1,"(6, 12]",0.21913762551683402,"(7, 30]",False,True
CUS0006890,67.0,55.52662624177525,4.93,389,79,46,1,0,"(48, 72]",0.08878623344652142,"(30, 60]",True,False
CUS0007740,21.0,25.86,12.67,678,294,61,6,1,"(12, 24]",0.4899458623356535,,False,False
CUS0006764,56.0,28.06,8.218195789745577,366,205,5,4,0,"(48, 72]",0.29287939378993505,"(-1, 7]",False,False
CUS0004552,44.0,64.21,1.51,325,15,16,0,0,"(24, 48]",0.023516586201526246,"(7, 30]",False,True
CUS0001408,43.0,19.28,1.29,600,161,54,1,0,"(24, 48]",0.06690871369294606,"(30, 60]",False,False
CUS0002702,72.0,21.55,3.2,143,125,82,1,1,"(48, 72]",0.14849187935034802,,False,False
CUS0003131,70.0,17.89,0.0,266,100,28,0,0,"(48, 72]",0.0,"(7, 30]",False,False
CUS0006120,16.0,17.15,20.67,956,278,7,0,0,"(12, 24]",1.205247813411079,"(-1, 7]",False,False
CUS0003508,27.0,29.7,13.08,676,153,13,0,0,"(24, 48]",0.4404040404040404,"(7, 30]",False,False
CUS0000032,26.0,51.67,0.65,725,108,11,2,0,"(24, 48]",0.012579833559125217,"(7, 30]",False,True
CUS0005511,40.0,61.36,4.6,391,64,49,6,0,"(24, 48]",0.07496740547588004,"(30, 60]",True,False
CUS0003221,44.0,55.52662624177525,7.42,540,47,29,1,0,"(24, 48]",0.13362958461930813,"(7, 30]",True,False
CUS0006226,53.0,18.01,10.56,505,198,36,1,0,"(48, 72]",0.586340921710161,"(30, 60]",False,False
CUS0005624,48.0,18.36,13.9,243,292,19,0,0,"(24, 48]",0.7570806100217865,"(7, 30]",False,False
CUS0004142,16.0,23.83,6.72,135,26,63,3,1,"(12, 24]",0.2819974821653378,,False,False
CUS0006965,61.0,19.98,9.66,836,211,1,0,0,"(48, 72]",0.48348348348348347,"(-1, 7]",False,False
CUS0004260,3.0,19.44,19.57,315,286,12,0,0,"(0, 6]",1.0066872427983538,"(7, 30]",False,False
CUS0005753,29.0,62.68,2.25,558,26,37,5,1,"(24, 48]",0.03589661774090619,"(30, 60]",False,True
CUS0007943,27.0,105.54,4.88,394,155,24,1,0,"(24, 48]",0.04623839302634072,"(7, 30]",True,False
CUS0004293,49.0,34.99,5.22,786,183,9,0,0,"(48, 72]",0.14918548156616174,"(7, 30]",False,True
CUS0006210,21.0,95.68,16.47,5,290,10,0,0,"(12, 24]",0.17213628762541805,"(7, 30]",True,False
CUS0007076,69.0,18.2,3.65,179,103,31,0,0,"(48, 72]",0.20054945054945056,"(30, 60]",False,False
CUS0002520,16.0,22.05,8.48,282,170,15,0,0,"(12, 24]",0.38458049886621315,"(7, 30]",False,False
CUS0004120,38.0,23.74,6.39,166,177,21,4,1,"(24, 48]",0.2691659646166807,"(7, 30]",False,False
CUS0003972,41.0,57.11,0.0,916,178,3,0,0,"(24, 48]",0.0,"(-1, 7]",False,True
CUS0006029,27.0,53.4,11.72,980,209,30,1,0,"(24, 48]",0.21947565543071162,"(7, 30]",False,True
CUS0007716,26.0,60.94,6.86,157,280,24,0,1,"(24, 48]",0.1125697407285855,"(7, 30]",False,True
CUS0005503,27.0,27.16,21.71,891,127,5,1,0,"(24, 48]",0.7993372606774669,"(-1, 7]",False,False
CUS0007229,11.0,54.96,8.79,280,28,82,1,1,"(6, 12]",0.15993449781659386,,False,True
CUS0005884,69.0,41.34,12.86,117,78,19,0,0,"(48, 72]",0.31107885824866954,"(7, 30]",False,True
CUS0007651,69.0,22.61,11.88,88,231,29,1,0,"(48, 72]",0.5254312251216277,"(7, 30]",False,False
CUS0006877,18.0,57.04,16.33,317,293,2,0,0,"(12, 24]",0.28629032258064513,"(-1, 7]",False,True
CUS0005958,10.0,65.58,13.24,90,101,29,1,0,"(6, 12]",0.20189082037206466,"(7, 30]",False,True
CUS0001360,21.0,68.76,9.94,699,295,23,0,0,"(12, 24]",0.14456079115764978,"(7, 30]",False,True
CUS0007782,43.0,13.12,9.74,880,48,24,0,0,"(24, 48]",0.7423780487804879,"(7, 30]",False,False
CUS0006108,5.0,14.94,12.98,507,15,6,0,0,"(0, 6]",0.8688085676037484,"(-1, 7]",False,False
CUS0003540,35.0,12.19,5.3,448,237,19,2,0,"(24, 48]",0.43478260869565216,"(7, 30]",False,False
CUS0000158,46.0,46.4,11.53,381,66,48,3,1,"(24, 48]",0.24849137931034482,"(30, 60]",False,True
CUS0001051,36.0,47.53,15.0,990,168,23,4,0,"(24, 48]",0.31559015358720804,"(7, 30]",False,True
CUS0001778,8.0,53.76,15.61,652,250,17,0,0,"(6, 12]",0.2903645833333333,"(7, 30]",False,True
CUS0007840,39.0,62.76,0.26,937,89,62,2,1,"(24, 48]",0.0041427660930529004,,False,True
CUS0003301,49.0,21.96,7.01,243,69,32,3,0,"(48, 72]",0.3192167577413479,"(30, 60]",False,False
CUS0004272,65.0,55.52662624177525,15.35,476,295,11,4,0,"(48, 72]",0.276443952008946,"(7, 30]",False,False
CUS0007148,47.0,17.46,7.95,579,299,47,0,0,"(24, 48]",0.45532646048109965,"(30, 60]",False,False
CUS0005274,65.0,32.81,9.3,142,130,11,7,0,"(48, 72]",0.28345016763181957,"(7, 30]",False,True
CUS0000570,50.0,52.87,3.83,517,133,53,0,0,"(48, 72]",0.0724418384717231,"(30, 60]",False,True
CUS0005121,39.0,11.56,13.65,505,65,31,0,0,"(24, 48]",1.180795847750865,"(30, 60]",False,False
CUS0001366,67.0,99.51,11.97,206,297,2,3,0,"(48, 72]",0.12028941814892975,"(-1, 7]",True,False
CUS0001757,50.0,41.49,13.25,822,14,58,0,1,"(48, 72]",0.31935406121957094,"(30, 60]",False,True
CUS0006768,10.0,54.79,3.31,911,97,6,0,0,"(6, 12]",0.06041248402993247,"(-1, 7]",False,True
CUS0002845,3.0,87.58,5.16,96,221,41,0,0,"(0, 6]",0.058917561087006166,"(30, 60]",True,False
CUS0007444,56.0,50.01,10.87,662,289,8,1,0,"(48, 72]",0.21735652869426114,"(7, 30]",False,True
CUS0004920,40.0,84.56,0.0,804,60,9,0,0,"(24, 48]",0.0,"(7, 30]",True,False
CUS0002860,39.0,16.23,22.27,121,28,60,7,1,"(24, 48]",1.3721503388786198,"(30, 60]",False,False
CUS0004528,22.0,84.39,7.24,20,147,15,0,0,"(12, 24]",0.08579215546865743,"(7, 30]",True,False
CUS0007997,16.0,14.72,20.02,967,221,35,0,0,"(12, 24]",1.360054347826087,"(30, 60]",False,False
CUS0000511,8.0,13.08,5.25,424,112,31,1,1,"(6, 12]",0.4013761467889908,"(30, 60]",False,False
CUS0005616,6.0,58.59,2.81,761,278,10,0,0,"(0, 6]",0.04796040279911248,"(7, 30]",False,True
CUS0007165,18.0,79.77,7.32,567,168,9,1,0,"(12, 24]",0.09176382098533284,"(7, 30]",True,False
CUS0003336,28.0,52.42,1.18,589,180,26,2,0,"(24, 48]",0.0225104921785578,"(7, 30]",False,True
CUS0006998,31.0,22.65,2.66,629,66,6,0,0,"(24, 48]",0.117439293598234,"(-1, 7]",False,False
CUS0006729,10.0,29.9,6.93,193,220,67,0,0,"(6, 12]",0.2317725752508361,,False,False
CUS0003028,7.0,76.0,8.85,78,72,10,0,0,"(6, 12]",0.11644736842105263,"(7, 30]",True,False
CUS0002647,21.0,80.28,12.15,75,216,12,0,0,"(12, 24]",0.15134529147982062,"(7, 30]",True,False
CUS0002834,15.0,79.81,4.22,720,113,10,0,0,"(12, 24]",0.05287557950131562,"(7, 30]",True,False
CUS0004365,38.0,15.85,9.91,321,5,37,0,0,"(24, 48]",0.625236593059937,"(30, 60]",False,False
CUS0006350,8.0,19.72,14.08,564,163,20,0,0,"(6, 12]",0.7139959432048681,"(7, 30]",False,False
CUS0004042,42.0,115.63,13.27,123,173,28,2,0,"(24, 48]",0.11476260486033037,"(7, 30]",True,False
CUS0002711,33.0,46.11,5.46,874,185,1,0,0,"(24, 48]",0.11841249186727391,"(-1, 7]",False,True
CUS0003639,17.0,96.61,13.52,336,98,20,3,0,"(12, 24]",0.13994410516509678,"(7, 30]",True,False
CUS0005189,55.0,66.04,18.59,861,259,50,4,0,"(48, 72]",0.28149606299212593,"(30, 60]",False,True
CUS0000740,71.0,93.44,14.05,810,73,70,0,0,"(48, 72]",0.1503638698630137,,True,False
CUS0006435,50.0,87.82,6.53,380,122,11,2,0,"(48, 72]",0.07435663857891142,"(7, 30]",True,False
CUS0004047,8.0,74.98,9.2,916,81,11,0,0,"(6, 12]",0.12269938650306747,"(7, 30]",True,False
CUS0000770,60.0,24.79,9.67,603,19,22,2,0,"(48, 72]",0.3900766438079871,"(7, 30]",False,False
CUS0003331,71.0,27.36,6.05,732,195,23,8,1,"(48, 72]",0.22112573099415203,"(7, 30]",False,False
CUS0004851,42.0,27.32,4.45,657,166,7,0,0,"(24, 48]",0.1628843338213763,"(-1, 7]",False,False
CUS0002018,25.0,26.3,5.99,414,126,13,0,0,"(24, 48]",0.22775665399239545,"(7, 30]",False,False
CUS0006799,31.0,17.82,8.218195789745577,175,238,63,2,0,"(24, 48]",0.4611782149127709,,False,False
CUS0002107,25.0,68.72,7.72,581,23,60,8,1,"(24, 48]",0.11233993015133877,"(30, 60]",False,True
CUS0002839,4.0,21.93,10.68,234,72,0,1,0,"(0, 6]",0.48700410396716826,"(-1, 7]",False,False
CUS0006092,61.0,37.52,9.34,558,22,41,0,0,"(48, 72]",0.24893390191897652,"(30, 60]",False,True
CUS0007668,72.0,23.07,0.0,570,145,22,1,0,"(48, 72]",0.0,"(7, 30]",False,False
CUS0002045,29.0,19.58,9.4,69,100,11,0,0,"(24, 48]",0.4800817160367723,"(7, 30]",False,False
CUS0001420,60.0,55.52662624177525,8.74,395,71,18,0,0,"(48, 72]",0.15740196355427938,"(7, 30]",False,True
CUS0005047,32.0,99.45,2.6,166,8,33,1,0,"(24, 48]",0.026143790849673203,"(30, 60]",True,False
CUS0006481,7.0,14.39,10.33,179,198,40,1,1,"(6, 12]",0.7178596247394023,"(30, 60]",False,False
CUS0001985,58.0,14.54,17.43,97,149,35,6,1,"(48, 72]",1.1987620357634112,"(30, 60]",False,False
CUS0005746,50.0,25.29,11.48,634,163,52,1,0,"(48, 72]",0.45393436140767107,"(30, 60]",False,False
CUS0004737,35.0,116.24,10.58,129,146,21,5,0,"(24, 48]",0.09101858224363386,"(7, 30]",True,False
CUS0001118,65.0,67.32,9.41,52,190,24,4,0,"(48, 72]",0.13978015448603687,"(7, 30]",False,True
CUS0001772,29.0,12.64,23.67,6,124,72,2,0,"(24, 48]",1.8726265822784811,,False,False
CUS0007145,63.0,117.17,3.18,515,293,73,0,0,"(48, 72]",0.027140052914568575,,True,False
CUS0004169,45.0,18.85,11.7,934,65,27,1,0,"(24, 48]",0.6206896551724137,"(7, 30]",False,False
CUS0001582,43.0,46.37,5.09,789,237,16,0,1,"(24, 48]",0.10976924735820574,"(7, 30]",False,True
CUS0002183,57.0,29.31,2.13,627,240,13,3,0,"(48, 72]",0.07267144319344933,"(7, 30]",False,False
CUS0007917,69.0,26.25,10.35,173,274,31,3,0,"(48, 72]",0.3942857142857143,"(30, 60]",False,False
CUS0007990,40.0,49.62,10.72,771,77,25,0,0,"(24, 48]",0.21604191858121727,"(7, 30]",False,True
CUS0006369,72.0,11.27,9.86,789,295,5,0,0,"(48, 72]",0.8748890860692102,"(-1, 7]",False,False
CUS0004237,56.0,10.53,4.72,523,83,69,0,1,"(48, 72]",0.4482431149097816,,False,False
CUS0006047,16.0,57.25,9.76,596,95,11,1,1,"(12, 24]",0.17048034934497816,"(7, 30]",False,True
CUS0003819,12.0,22.42,9.82,838,168,11,0,0,"(6, 12]",0.43800178412132024,"(7, 30]",False,False
CUS0005205,3.0,22.86,7.73,258,222,2,0,0,"(0, 6]",0.3381452318460193,"(-1, 7]",False,False
CUS0005186,34.0,18.5,6.65,936,178,14,1,0,"(24, 48]",0.35945945945945945,"(7, 30]",False,False
CUS0006230,17.0,52.85,17.89,520,197,4,0,0,"(12, 24]",0.33850520340586565,"(-1, 7]",False,True
CUS0006276,64.0,65.31,15.2,963,138,34,6,0,"(48, 72]",0.23273618128923593,"(30, 60]",False,True
CUS0003595,37.0,24.94,1.98,481,86,37,0,0,"(24, 48]",0.07939053728949479,"(30, 60]",False,False
CUS0002306,1.0,68.73,10.07,387,157,9,0,0,"(0, 6]",0.14651534991997672,"(7, 30]",True,False
CUS0003834,7.0,20.53,11.57,446,171,37,0,1,"(6, 12]",0.5635655138821237,"(30, 60]",False,False
CUS0004884,40.0,14.19,5.0,21,129,15,0,0,"(24, 48]",0.3523608174770966,"(7, 30]",False,False
CUS0006472,48.0,16.42,4.84,846,227,25,0,0,"(24, 48]",0.294762484774665,"(7, 30]",False,False
CUS0004723,8.0,25.36,9.08,59,150,20,1,0,"(6, 12]",0.3580441640378549,"(7, 30]",False,False
CUS0003936,65.0,28.03,6.2,765,5,15,1,0,"(48, 72]",0.22119158044951837,"(7, 30]",False,False
CUS0000368,59.0,12.87,5.98,268,245,14,2,0,"(48, 72]",0.4646464646464647,"(7, 30]",False,False
CUS0003528,13.0,55.52662624177525,7.7,694,90,13,2,0,"(12, 24]",0.138672210453999,"(7, 30]",False,True
CUS0003872,38.0,36.14,6.45,53,188,37,5,0,"(24, 48]",0.17847260653016048,"(30, 60]",False,True
CUS0005818,5.0,66.91,8.218195789745577,972,202,13,2,0,"(0, 6]",0.12282462695778773,"(7, 30]",True,False
CUS0003056,56.0,83.28,7.02,845,145,31,1,0,"(48, 72]",0.08429394812680115,"(30, 60]",True,False
CUS0007961,50.0,26.77,13.94,994,296,35,2,0,"(48, 72]",0.520732162868883,"(30, 60]",False,False
CUS0004464,56.0,17.24,4.42,938,177,11,3,0,"(48, 72]",0.25638051044083526,"(7, 30]",False,False
CUS0004030,30.0,28.58,17.05,52,231,13,6,1,"(24, 48]",0.5965710286913927,"(7, 30]",False,False
CUS0004107,63.0,74.97,16.76,606,203,33,3,0,"(48, 72]",0.22355608910230762,"(30, 60]",True,False
CUS0005731,62.0,23.18,4.86,837,34,60,0,0,"(48, 72]",0.2096635030198447,"(30, 60]",False,False
CUS0003181,21.0,108.88,3.92,574,167,7,2,0,"(12, 24]",0.03600293901542983,"(-1, 7]",True,False
CUS0002842,28.0,20.23,13.12,381,144,10,0,0,"(24, 48]",0.648541769649036,"(7, 30]",False,False
CUS0007167,47.0,101.21,1.81,998,188,46,4,0,"(24, 48]",0.01788360833909693,"(30, 60]",True,False
CUS0004527,60.0,39.39,9.93,976,173,63,1,0,"(48, 72]",0.25209444021325206,,False,True
CUS0000608,41.0,49.65,8.218195789745577,195,101,5,0,0,"(24, 48]",0.1655225738115927,"(-1, 7]",False,True
CUS0000149,30.0,26.27,8.07,960,53,68,2,0,"(24, 48]",0.3071945184621241,,False,False
CUS0004783,18.0,17.17,3.14,677,278,17,0,0,"(12, 24]",0.1828771112405358,"(7, 30]",False,False
CUS0002383,36.56668337929305,18.62,4.07,72,159,74,5,1,"(24, 48]",0.21858216970998925,,False,False
CUS0002067,27.0,87.35,16.71,207,126,45,1,0,"(24, 48]",0.19129937034917002,"(30, 60]",True,False
CUS0006000,52.0,112.72,3.93,137,271,17,0,0,"(48, 72]",0.03486515259048971,"(7, 30]",True,False
CUS0003239,16.0,48.63,2.33,338,291,1,0,0,"(12, 24]",0.04791281102200288,"(-1, 7]",False,True
CUS0004742,30.0,49.0,11.36,342,284,30,2,0,"(24, 48]",0.23183673469387753,"(7, 30]",False,True
CUS0003254,43.0,96.13,17.03,624,213,12,0,0,"(24, 48]",0.17715593467179863,"(7, 30]",True,False
CUS0005690,32.0,32.76,7.36,163,158,37,0,0,"(24, 48]",0.2246642246642247,"(30, 60]",False,True
CUS0006688,45.0,23.39,6.65,835,169,12,4,0,"(24, 48]",0.28430953398888414,"(7, 30]",False,False
CUS0006180,26.0,29.77,0.0,449,239,31,0,0,"(24, 48]",0.0,"(30, 60]",False,False
CUS0000539,32.0,47.82,7.42,556,0,6,0,0,"(24, 48]",0.15516520284399832,"(-1, 7]",False,True
CUS0005802,11.0,25.93,11.11,39,48,4,2,0,"(6, 12]",0.4284612418048592,"(-1, 7]",False,False
CUS0000630,5.0,54.85,0.0,732,17,13,0,0,"(0, 6]",0.0,"(7, 30]",False,True
CUS0003057,58.0,63.46,1.5,151,148,28,0,1,"(48, 72]",0.02363693665300977,"(7, 30]",True,False
CUS0000919,16.0,49.31,10.14,321,13,36,0,0,"(12, 24]",0.2056378016629487,"(30, 60]",False,True
CUS0004991,71.0,10.27,2.56,728,168,5,0,0,"(48, 72]",0.249269717624148,"(-1, 7]",False,False
CUS0004265,40.0,78.49,8.75,793,288,66,1,0,"(24, 48]",0.11147916932093262,,True,False
CUS0004582,33.0,25.31,10.56,647,64,26,0,0,"(24, 48]",0.4172263927301462,"(7, 30]",False,False
CUS0003945,18.0,102.28,4.57,623,92,30,1,0,"(12, 24]",0.04468126710989441,"(7, 30]",True,False
CUS0005592,42.0,55.52662624177525,5.69,513,101,67,0,0,"(24, 48]",0.10247336071211095,,False,False
CUS0001556,3.0,40.63,18.4,253,62,20,1,0,"(0, 6]",0.45286733940438095,"(7, 30]",False,True
CUS0006037,28.0,111.47,8.64,891,273,31,1,0,"(24, 48]",0.07750964385036334,"(30, 60]",True,False
CUS0004660,1.0,19.47,0.0,786,261,52,0,1,"(0, 6]",0.0,"(30, 60]",False,False
CUS0005916,65.0,12.04,8.218195789745577,488,95,41,2,1,"(48, 72]",0.6825744011416592,"(30, 60]",False,False
CUS0006674,29.0,12.5,0.0,437,109,19,5,0,"(24, 48]",0.0,"(7, 30]",False,False
CUS0006479,14.0,22.31,0.0,461,147,18,2,1,"(12, 24]",0.0,"(7, 30]",False,False
CUS0001073,40.0,43.63885951963101,11.72,405,265,50,0,0,"(24, 48]",0.2685679719637893,"(30, 60]",False,False
CUS0001186,17.0,29.12,9.08,228,293,46,0,0,"(12, 24]",0.3118131868131868,"(30, 60]",False,False
CUS0006231,51.0,28.46,6.02,394,58,14,3,0,"(48, 72]",0.21152494729444832,"(7, 30]",False,False
CUS0004150,24.0,28.01,0.0,563,106,62,0,1,"(12, 24]",0.0,,False,False
CUS0005519,66.0,48.65,0.73,199,205,27,0,0,"(48, 72]",0.01500513874614594,"(7, 30]",False,True
CUS0003225,37.0,55.52662624177525,11.03,264,62,4,0,0,"(24, 48]",0.19864343913085827,"(-1, 7]",False,False
CUS0001300,12.0,53.65,11.2,740,295,15,0,0,"(6, 12]",0.2087604846225536,"(7, 30]",False,True
CUS0001207,24.0,24.66,8.218195789745577,334,233,6,0,0,"(12, 24]",0.33326016990046947,"(-1, 7]",False,False
CUS0002810,28.0,17.19,13.62,959,24,61,0,0,"(24, 48]",0.7923211169284466,,False,False
CUS0007774,45.0,17.36,14.81,940,117,34,4,0,"(24, 48]",0.8531105990783411,"(30, 60]",False,False
CUS0006309,72.0,43.63885951963101,15.22,503,131,20,0,0,"(48, 72]",0.34877171785741234,"(7, 30]",False,False
CUS0007440,20.0,14.12,9.87,55,16,94,2,1,"(12, 24]",0.6990084985835694,,False,False
CUS0004692,10.0,22.21,8.02,86,166,30,1,0,"(6, 12]",0.36109860423232776,"(7, 30]",False,False
CUS0002653,61.0,56.13,7.76,232,144,52,3,0,"(48, 72]",0.1382504899340816,"(30, 60]",False,True
CUS0005741,65.0,22.15,12.25,832,51,79,5,0,"(48, 72]",0.5530474040632054,,False,False
CUS0001658,4.0,47.58,6.79,785,4,58,0,1,"(0, 6]",0.1427070197562001,"(30, 60]",False,True
CUS0000298,10.0,55.52662624177525,6.14,85,233,27,0,0,"(6, 12]",0.1105775808035784,"(7, 30]",False,True
CUS0005508,23.0,70.85,8.32,898,228,71,6,1,"(12, 24]",0.11743119266055047,,True,False
CUS0007070,2.0,24.43,5.8,727,42,35,0,0,"(0, 6]",0.2374130167826443,"(30, 60]",False,False
CUS0003328,36.0,24.97,5.6,915,24,8,3,0,"(24, 48]",0.22426912294753704,"(7, 30]",False,False
CUS0002457,49.0,28.0,11.6,215,232,32,0,0,"(48, 72]",0.41428571428571426,"(30, 60]",False,False
CUS0003710,67.0,67.13,0.0,693,231,76,1,0,"(48, 72]",0.0,,False,True
CUS0006711,61.0,17.79,5.52,773,259,4,0,0,"(48, 72]",0.3102866779089376,"(-1, 7]",False,False
CUS0006566,71.0,13.73,15.93,572,227,35,1,0,"(48, 72]",1.1602330662782228,"(30, 60]",False,False
CUS0007292,47.0,27.05,3.48,809,274,25,1,0,"(24, 48]",0.12865064695009243,"(7, 30]",False,False
CUS0000794,2.0,10.17,0.72,839,227,44,6,1,"(0, 6]",0.07079646017699115,"(30, 60]",False,False
CUS0002240,51.0,37.08,7.2,59,16,58,0,0,"(48, 72]",0.19417475728155342,"(30, 60]",False,True
CUS0004767,48.0,23.97,13.83,447,237,28,1,0,"(24, 48]",0.5769712140175219,"(7, 30]",False,False
CUS0004472,38.0,64.49,0.0,1,41,9,2,0,"(24, 48]",0.0,"(7, 30]",False,True
CUS0000581,53.0,15.37,11.22,684,124,69,2,0,"(48, 72]",0.7299934938191283,,False,False
CUS0006267,72.0,57.14,12.74,642,90,21,2,0,"(48, 72]",0.22296114805740286,"(7, 30]",False,True
CUS0004477,19.0,55.52662624177525,14.13,706,292,50,0,0,"(12, 24]",0.25447251087207867,"(30, 60]",False,False
CUS0007055,22.0,33.88,10.06,428,190,23,3,0,"(12, 24]",0.29693034238488786,"(7, 30]",False,True
CUS0007210,8.0,55.52662624177525,11.53,757,235,11,0,0,"(6, 12]",0.2076481281213777,"(7, 30]",False,False
CUS0003907,38.0,60.44,2.23,142,153,38,4,0,"(24, 48]",0.03689609530112509,"(30, 60]",True,False
CUS0001610,12.0,91.26,4.71,240,155,1,1,0,"(6, 12]",0.05161078238001315,"(-1, 7]",True,False
CUS0000843,39.0,15.24,17.81,485,159,17,1,0,"(24, 48]",1.1686351706036744,"(7, 30]",False,False
CUS0005943,30.0,34.61,0.0,770,238,64,1,0,"(24, 48]",0.0,,False,True
CUS0006421,54.0,44.9,3.43,325,37,51,1,1,"(48, 72]",0.07639198218262806,"(30, 60]",False,True
CUS0006891,23.0,72.58,6.09,264,166,29,1,0,"(12, 24]",0.08390741251033343,"(7, 30]",True,False
CUS0003682,49.0,15.45,0.0,551,73,27,1,0,"(48, 72]",0.0,"(7, 30]",False,False
CUS0003876,55.0,28.94,10.71,769,295,27,0,0,"(48, 72]",0.3700760193503801,"(7, 30]",False,False
CUS0005318,35.0,42.25,0.0,869,137,21,0,1,"(24, 48]",0.0,"(7, 30]",False,True
CUS0007818,24.0,13.43,0.0,240,11,26,1,1,"(12, 24]",0.0,"(7, 30]",False,False
CUS0005073,17.0,13.08,10.75,769,109,2,1,0,"(12, 24]",0.8218654434250765,"(-1, 7]",False,False
CUS0003170,68.0,34.49,8.218195789745577,422,2,50,0,0,"(48, 72]",0.23827763959830608,"(30, 60]",False,True
CUS0006833,71.0,35.39,7.08,594,192,1,1,0,"(48, 72]",0.2000565131393049,"(-1, 7]",False,True
CUS0002638,22.0,21.12,5.92,875,158,14,1,0,"(12, 24]",0.2803030303030303,"(7, 30]",False,False
CUS0007603,64.0,18.19,13.78,491,229,38,1,1,"(48, 72]",0.7575590984057173,"(30, 60]",False,False
CUS0005904,30.0,43.24,16.99,249,40,44,1,0,"(24, 48]",0.3929232192414431,"(30, 60]",False,True
CUS0003906,70.0,57.14,11.63,294,262,56,0,0,"(48, 72]",0.20353517675883795,"(30, 60]",False,True
CUS0001508,1.0,26.61,0.56,241,70,1,1,0,"(0, 6]",0.02104472003006389,"(-1, 7]",False,False
CUS0000214,38.0,62.72,9.1,348,167,9,0,0,"(24, 48]",0.1450892857142857,"(7, 30]",False,True
CUS0005429,44.0,12.39,8.218195789745577,406,285,9,1,0,"(24, 48]",0.6632926383975445,"(7, 30]",False,False
CUS0007266,39.0,67.03,6.6,415,248,45,1,0,"(24, 48]",0.0984633746083843,"(30, 60]",False,True
CUS0002549,51.0,69.42,7.27,22,287,1,0,0,"(48, 72]",0.10472486315182944,"(-1, 7]",False,True
CUS0003173,25.0,114.36,0.0,246,154,22,0,0,"(24, 48]",0.0,"(7, 30]",True,False
CUS0002303,65.0,33.11,8.45,296,184,52,0,0,"(48, 72]",0.255209906372697,"(30, 60]",False,True
CUS0000372,21.0,36.68,4.28,950,105,15,0,0,"(12, 24]",0.11668484187568158,"(7, 30]",False,True
CUS0006620,35.0,57.25,6.9,399,2,14,1,0,"(24, 48]",0.12052401746724892,"(7, 30]",False,True
CUS0005881,32.0,117.19,15.76,326,107,41,0,0,"(24, 48]",0.13448246437409336,"(30, 60]",True,False
CUS0000021,21.0,30.92,4.5,336,240,49,0,0,"(12, 24]",0.14553686934023286,"(30, 60]",False,True
CUS0005822,51.0,27.56,0.71,464,162,19,0,0,"(48, 72]",0.02576197387518142,"(7, 30]",False,False
CUS0000547,42.0,40.76,10.56,171,271,17,0,0,"(24, 48]",0.2590775269872424,"(7, 30]",False,True
CUS0001136,44.0,20.61,6.76,164,64,45,0,0,"(24, 48]",0.3279961183891315,"(30, 60]",False,False
CUS0007451,16.0,66.01,7.43,940,30,0,1,0,"(12, 24]",0.11255870322678381,"(-1, 7]",True,False
CUS0002185,26.0,11.74,14.12,956,264,57,1,0,"(24, 48]",1.2027257240204428,"(30, 60]",False,False
CUS0001102,72.0,106.12,8.86,526,103,5,0,0,"(48, 72]",0.0834903882397286,"(-1, 7]",True,False
CUS0004514,57.0,85.05,3.34,629,143,21,2,0,"(48, 72]",0.03927101704879483,"(7, 30]",True,False
CUS0006132,68.0,40.42,0.0,410,264,0,0,0,"(48, 72]",0.0,"(-1, 7]",False,True
CUS0002650,39.0,115.9,5.42,932,55,13,0,0,"(24, 48]",0.04676445211389128,"(7, 30]",True,False
CUS0006989,19.0,54.07,10.19,77,34,42,0,0,"(12, 24]",0.18845940447567966,"(30, 60]",False,True
CUS0001579,39.0,43.21,20.71,801,200,83,1,1,"(24, 48]",0.4792872020365656,,False,True
CUS0006561,49.0,32.29,10.66,950,125,61,3,0,"(48, 72]",0.3301331681635181,,False,True
CUS0002989,55.0,11.02,9.1,969,10,12,4,1,"(48, 72]",0.8257713248638838,"(7, 30]",False,False
CUS0004771,69.0,35.24,10.64,259,19,0,0,0,"(48, 72]",0.30192962542565266,"(-1, 7]",False,True
CUS0000182,43.0,27.68,1.87,583,250,44,3,0,"(24, 48]",0.0675578034682081,"(30, 60]",False,False
CUS0001893,60.0,13.98,16.07,720,7,51,8,0,"(48, 72]",1.1494992846924177,"(30, 60]",False,False
CUS0004108,54.0,55.52662624177525,0.8,56,53,23,1,0,"(48, 72]",0.014407502384831064,"(7, 30]",False,False
CUS0005480,1.0,14.39,11.19,253,134,15,0,0,"(0, 6]",0.7776233495482974,"(7, 30]",False,False
CUS0005384,15.0,91.51,19.19,494,50,14,0,0,"(12, 24]",0.20970385750191237,"(7, 30]",True,False
CUS0007224,29.0,24.41,12.28,877,281,27,0,0,"(24, 48]",0.5030725112658746,"(7, 30]",False,False
CUS0003420,7.0,110.85,6.27,545,125,28,1,0,"(6, 12]",0.05656292286874154,"(7, 30]",True,False
CUS0002805,24.0,24.61,8.78,687,74,55,1,1,"(12, 24]",0.35676554246241365,"(30, 60]",False,False
CUS0005599,33.0,32.17,5.89,703,1,13,8,0,"(24, 48]",0.18308983525023312,"(7, 30]",False,True
CUS0007875,56.0,22.19,0.96,85,63,7,0,0,"(48, 72]",0.04326273095989184,"(-1, 7]",False,False
CUS0000723,58.0,24.5,3.73,483,20,49,1,0,"(48, 72]",0.15224489795918367,"(30, 60]",False,False
CUS0003849,46.0,58.82,0.0,728,231,14,0,0,"(24, 48]",0.0,"(7, 30]",False,True
CUS0003471,3.0,41.05,5.93,579,208,1,4,1,"(0, 6]",0.14445797807551766,"(-1, 7]",False,True
CUS0007706,72.0,29.29,8.22,557,230,64,0,0,"(48, 72]",0.28064185728917723,,False,False
CUS0002798,47.0,117.92,33.72,618,203,22,2,0,"(24, 48]",0.28595658073270014,"(7, 30]",True,False
CUS0007944,35.0,24.99,7.47,287,32,13,2,0,"(24, 48]",0.29891956782713086,"(7, 30]",False,False
CUS0002270,29.0,101.41,12.82,281,201,18,1,0,"(24, 48]",0.12641751306577262,"(7, 30]",True,False
CUS0007283,70.0,18.91,9.19,808,166,41,0,0,"(48, 72]",0.4859862506610259,"(30, 60]",False,False
CUS0005051,43.0,27.75,6.02,803,206,2,1,0,"(24, 48]",0.2169369369369369,"(-1, 7]",False,False
CUS0005362,17.0,30.03,8.75,882,250,32,0,0,"(12, 24]",0.2913752913752914,"(30, 60]",False,True
CUS0002052,3.0,10.64,2.67,909,194,0,1,1,"(0, 6]",0.25093984962406013,"(-1, 7]",False,False
CUS0005612,58.0,39.42,4.26,718,121,25,4,0,"(48, 72]",0.1080669710806697,"(7, 30]",False,True
CUS0004550,25.0,22.31,17.54,114,298,26,0,0,"(24, 48]",0.7861945316001793,"(7, 30]",False,False
CUS0005996,68.0,108.48,1.49,350,19,1,2,0,"(48, 72]",0.013735250737463126,"(-1, 7]",True,False
CUS0003460,19.0,46.12,5.35,530,65,14,3,1,"(12, 24]",0.11600173460537727,"(7, 30]",False,True
CUS0001607,49.0,17.63,5.4,23,258,36,0,0,"(48, 72]",0.30629608621667614,"(30, 60]",False,False
CUS0005031,47.0,50.54,5.57,168,275,35,2,0,"(24, 48]",0.11020973486347449,"(30, 60]",False,True
CUS0001205,2.0,19.65,11.57,576,111,13,0,0,"(0, 6]",0.5888040712468194,"(7, 30]",False,False
CUS0000337,45.0,91.34,0.0,498,274,0,4,0,"(24, 48]",0.0,"(-1, 7]",True,False
CUS0005838,59.0,19.86,5.43,756,228,52,3,1,"(48, 72]",0.27341389728096677,"(30, 60]",False,False
CUS0007336,50.0,22.22,12.18,198,221,48,0,0,"(48, 72]",0.5481548154815482,"(30, 60]",False,False
CUS0000246,7.0,65.4,2.53,444,36,19,0,0,"(6, 12]",0.03868501529051987,"(7, 30]",True,False
CUS0000604,61.0,55.52662624177525,6.08,248,163,33,1,0,"(48, 72]",0.10949701812471609,"(30, 60]",False,True
CUS0001279,58.0,12.72,0.53,723,89,27,5,0,"(48, 72]",0.041666666666666664,"(7, 30]",False,False
CUS0006271,29.0,25.85,17.46,882,71,10,0,0,"(24, 48]",0.6754352030947776,"(7, 30]",False,False
CUS0005628,38.0,63.63,17.66,107,240,32,0,0,"(24, 48]",0.2775420399182775,"(30, 60]",True,False
CUS0003642,70.0,66.63,13.75,556,16,19,0,0,"(48, 72]",0.20636349992495875,"(7, 30]",False,True
CUS0003769,59.0,119.85,11.75,309,218,27,2,0,"(48, 72]",0.09803921568627451,"(7, 30]",True,False
CUS0002957,26.0,26.75,10.08,685,167,14,0,0,"(24, 48]",0.3768224299065421,"(7, 30]",False,False
CUS0005950,12.0,75.81,11.31,204,124,27,0,0,"(6, 12]",0.14918876137712703,"(7, 30]",True,False
CUS0002925,51.0,25.31,1.23,278,231,25,2,0,"(48, 72]",0.04859739233504544,"(7, 30]",False,False
CUS0005728,42.0,18.76,0.0,844,25,29,3,1,"(24, 48]",0.0,"(7, 30]",False,False
CUS0006009,64.0,29.99,7.27,868,194,17,0,0,"(48, 72]",0.24241413804601533,"(7, 30]",False,False
CUS0001141,57.0,25.09,10.06,581,174,70,4,1,"(48, 72]",0.4009565563969709,,False,False
CUS0006772,12.0,12.93,20.24,502,244,46,0,0,"(6, 12]",1.565351894818252,"(30, 60]",False,False
CUS0007771,9.0,62.64,2.94,128,16,20,2,1,"(6, 12]",0.04693486590038314,"(7, 30]",True,False
CUS0001481,21.0,27.34,6.77,740,205,14,0,0,"(12, 24]",0.24762253108997803,"(7, 30]",False,False
CUS0002357,59.0,42.34,0.51,150,57,37,0,0,"(48, 72]",0.012045347189418989,"(30, 60]",False,True
CUS0002098,62.0,25.09,0.0,981,6,5,0,0,"(48, 72]",0.0,"(-1, 7]",False,False
CUS0004121,60.0,65.73,7.4,827,39,101,5,1,"(48, 72]",0.11258177392362696,,False,True
CUS0002639,37.0,59.49,6.03,449,108,56,0,0,"(24, 48]",0.10136157337367625,"(30, 60]",False,True
CUS0007951,25.0,53.78,2.83,966,109,54,0,1,"(24, 48]",0.052621792487913724,"(30, 60]",False,True
CUS0007817,29.0,35.08,2.72,119,251,36,1,0,"(24, 48]",0.07753705815279362,"(30, 60]",False,True
CUS0003817,30.0,55.52662624177525,10.51,824,136,22,1,0,"(24, 48]",0.1892785625807181,"(7, 30]",False,False
CUS0006746,67.0,56.07,12.67,639,169,33,0,0,"(48, 72]",0.22596754057428214,"(30, 60]",False,True
CUS0001731,12.0,40.29,2.26,709,92,15,0,0,"(6, 12]",0.056093323405311486,"(7, 30]",False,True
CUS0006083,3.0,27.22,3.03,38,149,13,1,0,"(0, 6]",0.11131520940484937,"(7, 30]",False,False
CUS0001679,29.0,27.1,9.07,446,190,12,0,0,"(24, 48]",0.33468634686346865,"(7, 30]",False,False
CUS0002224,40.0,47.55,6.68,72,54,44,1,0,"(24, 48]",0.14048370136698213,"(30, 60]",False,True
CUS0005230,5.0,24.8,8.97,709,29,12,3,0,"(0, 6]",0.3616935483870968,"(7, 30]",False,False
CUS0000176,56.0,18.53,18.01,946,220,25,0,0,"(48, 72]",0.9719373988127361,"(7, 30]",False,False
CUS0003687,13.0,109.5,2.54,586,120,58,1,1,"(12, 24]",0.02319634703196347,"(30, 60]",True,False
CUS0000063,4.0,26.74,10.71,243,190,22,0,1,"(0, 6]",0.40052356020942415,"(7, 30]",False,False
CUS0001929,51.0,91.33,10.27,869,258,3,0,0,"(48, 72]",0.11244935946567393,"(-1, 7]",True,False
CUS0006035,6.0,97.82,3.61,871,71,0,2,1,"(0, 6]",0.03690451850337354,"(-1, 7]",True,False
CUS0005643,32.0,49.12,12.82,761,47,60,0,0,"(24, 48]",0.26099348534201955,"(30, 60]",False,True
CUS0003835,18.0,67.02,7.58,726,286,11,2,1,"(12, 24]",0.11310056699492689,"(7, 30]",False,True
CUS0005255,19.0,22.18,3.7,591,292,58,0,0,"(12, 24]",0.16681695220919748,"(30, 60]",False,False
CUS0007631,56.0,23.35,14.86,244,40,5,1,0,"(48, 72]",0.6364025695931477,"(-1, 7]",False,False
CUS0003292,5.0,108.33,12.86,883,238,66,4,0,"(0, 6]",0.11871134496446044,,True,False
CUS0007346,5.0,11.18,11.88,722,69,11,0,0,"(0, 6]",1.0626118067978534,"(7, 30]",False,False
CUS0004732,37.0,67.04,11.71,474,197,19,0,0,"(24, 48]",0.17467183770883055,"(7, 30]",False,True
CUS0006952,67.0,29.39,8.47,732,130,27,0,0,"(48, 72]",0.28819326301463083,"(7, 30]",False,False
CUS0003718,18.0,102.77,8.218195789745577,164,73,7,0,0,"(12, 24]",0.0799668754475584,"(-1, 7]",True,False
CUS0005223,12.0,55.52662624177525,16.16,977,207,23,0,0,"(6, 12]",0.2910315481735875,"(7, 30]",False,True
CUS0005330,30.0,23.15,12.69,14,298,20,3,0,"(24, 48]",0.5481641468682505,"(7, 30]",False,False
CUS0007806,29.0,55.52662624177525,6.49,928,240,66,4,1,"(24, 48]",0.11688086309694201,,True,False
CUS0003738,28.0,115.65,0.0,175,164,10,0,0,"(24, 48]",0.0,"(7, 30]",True,False
CUS0007697,16.0,29.72,1.18,68,112,59,0,1,"(12, 24]",0.039703903095558546,"(30, 60]",False,False
CUS0001667,67.0,81.28,8.218195789745577,463,234,19,1,0,"(48, 72]",0.10110969229509814,"(7, 30]",True,False
CUS0003840,11.0,41.98,8.62,917,236,60,0,0,"(6, 12]",0.2053358742258218,"(30, 60]",False,True
CUS0004687,12.0,49.99,2.73,964,41,10,2,0,"(6, 12]",0.05461092218443688,"(7, 30]",False,True
CUS0004317,19.0,54.93,4.15,385,278,40,1,0,"(12, 24]",0.07555070089204442,"(30, 60]",False,True
CUS0003039,29.0,12.74,11.75,682,212,20,3,0,"(24, 48]",0.9222919937205651,"(7, 30]",False,False
CUS0006555,20.0,35.82,13.39,112,267,8,1,0,"(12, 24]",0.3738135120044668,"(7, 30]",False,True
CUS0007580,52.0,24.48,14.24,608,121,6,2,0,"(48, 72]",0.5816993464052288,"(-1, 7]",False,False
CUS0004478,38.0,111.89,10.39,817,162,44,2,0,"(24, 48]",0.0928590580033962,"(30, 60]",True,False
CUS0003739,17.0,23.0,11.77,927,249,37,5,1,"(12, 24]",0.5117391304347826,"(30, 60]",False,False
CUS0000947,55.0,26.17,2.39,248,126,18,1,0,"(48, 72]",0.09132594573939626,"(7, 30]",False,False
CUS0007641,35.0,55.52662624177525,13.95,142,158,30,0,1,"(24, 48]",0.25123082283549164,"(7, 30]",True,False
CUS0007709,58.0,19.46,7.48,359,0,11,0,0,"(48, 72]",0.38437821171634123,"(7, 30]",False,False
CUS0005284,64.0,43.63885951963101,5.83,298,171,30,2,1,"(48, 72]",0.13359652530280644,"(7, 30]",False,True
CUS0002980,21.0,19.56,0.0,772,71,7,7,1,"(12, 24]",0.0,"(-1, 7]",False,False
CUS0003228,46.0,55.52662624177525,3.58,590,189,8,0,0,"(24, 48]",0.064473573172119,"(7, 30]",False,False
CUS0000286,12.0,62.81,15.3,414,228,30,2,0,"(6, 12]",0.24359178474765164,"(7, 30]",True,False
CUS0004674,9.0,116.0,3.53,270,174,13,0,0,"(6, 12]",0.03043103448275862,"(7, 30]",True,False
CUS0002411,18.0,108.14,13.89,975,202,56,1,0,"(12, 24]",0.12844460884039208,"(30, 60]",True,False
CUS0002161,67.0,43.74,1.7,522,1,12,0,0,"(48, 72]",0.038866026520347506,"(7, 30]",False,True
CUS0001932,27.0,12.19,0.0,393,228,24,0,1,"(24, 48]",0.0,"(7, 30]",False,False
CUS0006710,22.0,56.56,5.4,500,132,32,1,0,"(12, 24]",0.09547383309759548,"(30, 60]",False,True
CUS0004506,50.0,100.39,4.71,203,142,30,0,0,"(48, 72]",0.04691702360792908,"(7, 30]",True,False
CUS0002326,42.0,10.16,7.7,699,92,20,0,0,"(24, 48]",0.7578740157480315,"(7, 30]",False,False
CUS0005841,13.0,48.57,4.12,419,161,18,0,0,"(12, 24]",0.0848260242948322,"(7, 30]",False,True
CUS0006094,3.0,17.19,2.83,117,96,12,0,0,"(0, 6]",0.164630599185573,"(7, 30]",False,False
CUS0004486,21.0,35.02,14.68,959,151,30,1,0,"(12, 24]",0.4191890348372358,"(7, 30]",False,True
CUS0004461,34.0,18.1,4.79,248,16,49,3,0,"(24, 48]",0.26464088397790053,"(30, 60]",False,False
CUS0005700,40.0,69.16,5.11,490,52,48,0,0,"(24, 48]",0.07388663967611336,"(30, 60]",False,True
CUS0006524,67.0,61.48,8.218195789745577,648,194,52,2,0,"(48, 72]",0.13367267062045507,"(30, 60]",False,True
CUS0004312,68.0,22.05,19.34,417,215,26,0,0,"(48, 72]",0.8770975056689342,"(7, 30]",False,False
CUS0002722,72.0,23.81,8.35,176,61,0,1,0,"(48, 72]",0.3506929861402772,"(-1, 7]",False,False
CUS0000247,13.0,62.1,0.0,781,180,17,0,0,"(12, 24]",0.0,"(7, 30]",False,True
CUS0004533,66.0,55.52662624177525,5.55,256,209,28,0,0,"(48, 72]",0.0999520477947655,"(7, 30]",True,False
CUS0004772,5.0,18.1,9.17,807,98,10,0,0,"(0, 6]",0.5066298342541437,"(7, 30]",False,False
CUS0006274,59.0,45.74,17.27,346,168,27,0,0,"(48, 72]",0.37756886751202445,"(7, 30]",False,True
CUS0002141,48.0,27.98,6.82,613,145,36,4,0,"(24, 48]",0.2437455325232309,"(30, 60]",False,False
CUS0006417,3.0,23.24,7.35,328,214,25,1,0,"(0, 6]",0.31626506024096385,"(7, 30]",False,False
CUS0001612,4.0,39.42,8.218195789745577,935,127,16,0,0,"(0, 6]",0.20847782317974572,"(7, 30]",False,True
CUS0004762,50.0,24.33,18.44,111,145,5,4,0,"(48, 72]",0.7579120427455817,"(-1, 7]",False,False
CUS0005150,5.0,22.23,3.43,133,144,34,0,0,"(0, 6]",0.15429599640125957,"(30, 60]",False,False
CUS0007814,26.0,34.41,7.53,445,12,32,0,0,"(24, 48]",0.21883173496076724,"(30, 60]",False,True
CUS0000858,65.0,26.84,6.69,695,170,11,0,0,"(48, 72]",0.2492548435171386,"(7, 30]",False,False
CUS0004319,68.0,23.69,8.26,25,58,53,5,1,"(48, 72]",0.3486703250316589,"(30, 60]",False,False
CUS0001874,37.0,20.4,5.26,484,238,19,6,1,"(24, 48]",0.257843137254902,"(7, 30]",False,False
CUS0001086,52.0,24.91,4.64,967,169,38,0,0,"(48, 72]",0.18627057406663988,"(30, 60]",False,False
CUS0004371,17.0,22.74,8.38,976,24,12,3,1,"(12, 24]",0.36851363236587514,"(7, 30]",False,False
CUS0001306,25.0,88.53,15.68,722,261,38,0,0,"(24, 48]",0.17711510222523438,"(30, 60]",True,False
CUS0006535,58.0,14.75,15.2,767,92,16,5,0,"(48, 72]",1.0305084745762711,"(7, 30]",False,False
CUS0006899,33.0,19.64,8.218195789745577,189,93,18,0,0,"(24, 48]",0.4184417408220762,"(7, 30]",False,False
CUS0004585,40.0,18.89,5.51,229,246,12,2,0,"(24, 48]",0.29168872419269454,"(7, 30]",False,False
CUS0001777,9.0,24.63,8.03,929,285,31,0,0,"(6, 12]",0.32602517255379615,"(30, 60]",False,False
CUS0005409,41.0,14.49,6.77,90,129,3,0,0,"(24, 48]",0.46721877156659763,"(-1, 7]",False,False
CUS0000913,16.0,42.68,6.44,574,299,51,0,0,"(12, 24]",0.15089034676663543,"(30, 60]",False,True
CUS0007890,51.0,35.79,4.59,750,27,40,1,0,"(48, 72]",0.12824811399832356,"(30, 60]",False,True
CUS0005394,36.0,42.55,11.34,531,109,41,1,0,"(24, 48]",0.2665099882491187,"(30, 60]",False,True
CUS0000422,34.0,25.2,15.57,864,163,6,0,0,"(24, 48]",0.6178571428571429,"(-1, 7]",False,False
CUS0005654,8.0,21.57,3.64,897,55,13,0,0,"(6, 12]",0.16875289754288364,"(7, 30]",False,False
CUS0004479,65.0,30.24,4.01,203,3,35,6,0,"(48, 72]",0.13260582010582012,"(30, 60]",False,True
CUS0003569,48.0,67.79,9.73,524,285,48,3,0,"(24, 48]",0.14353149432069626,"(30, 60]",True,False
CUS0001326,55.0,51.36,6.31,65,141,34,1,0,"(48, 72]",0.12285825545171339,"(30, 60]",False,True
CUS0000671,24.0,12.22,6.93,905,56,10,0,0,"(12, 24]",0.5671031096563011,"(7, 30]",False,False
CUS0000478,39.0,12.58,6.58,639,116,8,0,0,"(24, 48]",0.5230524642289348,"(7, 30]",False,False
CUS0005246,70.0,10.74,2.47,261,110,25,0,0,"(48, 72]",0.22998137802607077,"(7, 30]",False,False
CUS0003543,42.0,68.64,5.44,363,168,7,2,0,"(24, 48]",0.07925407925407926,"(-1, 7]",True,False
CUS0005474,63.0,11.81,7.98,540,184,24,5,0,"(48, 72]",0.6756985605419137,"(7, 30]",False,False
CUS0001493,8.0,56.86,16.06,250,144,35,2,1,"(6, 12]",0.2824481181850158,"(30, 60]",False,True
CUS0000566,54.0,77.18,15.09,174,158,18,6,0,"(48, 72]",0.19551697330914744,"(7, 30]",True,False
CUS0007544,33.0,23.39,0.0,545,151,18,0,0,"(24, 48]",0.0,"(7, 30]",False,False
CUS0006945,41.0,29.56,15.57,221,100,11,3,0,"(24, 48]",0.5267253044654939,"(7, 30]",False,False
CUS0001657,62.0,55.52662624177525,16.8,580,56,30,0,0,"(48, 72]",0.30255755008145235,"(7, 30]",True,False
CUS0000140,52.0,28.94,18.34,305,275,10,0,0,"(48, 72]",0.6337249481686247,"(7, 30]",False,False
CUS0004944,43.0,25.47,0.63,475,238,28,3,0,"(24, 48]",0.02473498233215548,"(7, 30]",False,False
CUS0001790,38.0,14.18,8.218195789745577,354,148,39,0,0,"(24, 48]",0.5795624675420012,"(30, 60]",False,False
CUS0003109,40.0,22.47,0.0,668,87,3,0,0,"(24, 48]",0.0,"(-1, 7]",False,False
CUS0007236,45.0,44.26,2.08,506,156,65,1,1,"(24, 48]",0.046995029371893364,,False,True
CUS0005145,44.0,79.97,15.06,744,62,34,3,0,"(24, 48]",0.18832062023258722,"(30, 60]",True,False
CUS0000491,52.0,29.13,1.92,856,8,8,1,0,"(48, 72]",0.06591143151390319,"(7, 30]",False,False
CUS0002716,47.0,14.11,0.22,658,198,8,5,0,"(24, 48]",0.01559177888022679,"(7, 30]",False,False
CUS0000651,13.0,51.72,4.4,841,59,16,0,0,"(12, 24]",0.08507347254447023,"(7, 30]",False,True
CUS0002119,50.0,107.91,6.87,248,136,1,0,0,"(48, 72]",0.06366416458159578,"(-1, 7]",True,False
CUS0003110,29.0,104.93,8.218195789745577,723,100,35,0,0,"(24, 48]",0.0783207451610176,"(30, 60]",True,False
CUS0004651,27.0,23.97,7.75,914,238,10,2,0,"(24, 48]",0.32332081768877763,"(7, 30]",False,False
CUS0006669,72.0,10.09,12.0,98,202,57,0,0,"(48, 72]",1.1892963330029733,"(30, 60]",False,False
CUS0006320,34.0,29.63,6.16,505,174,13,1,0,"(24, 48]",0.207897401282484,"(7, 30]",False,False
CUS0006316,46.0,112.67,17.47,882,44,16,0,0,"(24, 48]",0.15505458418389986,"(7, 30]",True,False
CUS0007457,39.0,59.8,5.03,317,68,0,0,0,"(24, 48]",0.08411371237458194,"(-1, 7]",False,True
CUS0000545,33.0,63.62,5.2,615,290,35,1,0,"(24, 48]",0.0817353033637221,"(30, 60]",False,True
CUS0005969,41.0,15.05,5.78,388,21,7,0,0,"(24, 48]",0.3840531561461794,"(-1, 7]",False,False
CUS0001637,2.0,12.06,11.93,702,4,44,0,0,"(0, 6]",0.9892205638474294,"(30, 60]",False,False
CUS0004093,22.0,20.8,15.23,38,79,4,0,0,"(12, 24]",0.7322115384615384,"(-1, 7]",False,False
CUS0004738,14.0,55.91,4.89,356,240,43,3,1,"(12, 24]",0.08746199248792702,"(30, 60]",False,True
CUS0001595,60.0,39.2,5.41,487,34,22,0,0,"(48, 72]",0.13801020408163264,"(7, 30]",False,True
CUS0007658,4.0,29.2,5.53,724,130,36,1,1,"(0, 6]",0.18938356164383563,"(30, 60]",False,False
CUS0000538,45.0,99.34,6.1,101,102,47,0,0,"(24, 48]",0.06140527481377088,"(30, 60]",True,False
CUS0003962,19.0,83.09,8.68,876,167,2,0,0,"(12, 24]",0.10446503791069923,"(-1, 7]",True,False
CUS0001719,68.0,96.22,13.24,522,67,31,0,0,"(48, 72]",0.1376013302847641,"(30, 60]",True,False
CUS0006872,51.0,12.79,7.34,302,208,35,1,0,"(48, 72]",0.5738858483189992,"(30, 60]",False,False
CUS0007564,46.0,27.15,15.59,16,86,12,0,0,"(24, 48]",0.5742173112338859,"(7, 30]",False,False
CUS0002203,60.0,23.34,5.09,612,289,40,0,0,"(48, 72]",0.21808054841473865,"(30, 60]",False,False
CUS0007234,44.0,14.94,6.11,78,73,12,0,0,"(24, 48]",0.4089692101740295,"(7, 30]",False,False
CUS0003582,16.0,27.15,6.96,583,60,31,3,0,"(12, 24]",0.256353591160221,"(30, 60]",False,False
CUS0002257,51.0,19.71,0.0,970,119,18,0,0,"(48, 72]",0.0,"(7, 30]",False,False
CUS0000484,18.0,30.36,4.35,637,219,48,1,1,"(12, 24]",0.14328063241106717,"(30, 60]",False,True
CUS0006447,13.0,15.82,6.32,438,239,12,3,1,"(12, 24]",0.3994943109987358,"(7, 30]",False,False
CUS0001665,34.0,29.68,15.26,811,113,14,2,0,"(24, 48]",0.5141509433962265,"(7, 30]",False,False
CUS0007866,72.0,11.05,3.38,897,174,26,2,0,"(48, 72]",0.30588235294117644,"(7, 30]",False,False
CUS0001059,15.0,19.53,5.88,717,266,19,0,1,"(12, 24]",0.30107526881720426,"(7, 30]",False,False
CUS0006327,12.0,45.21,11.54,764,290,48,0,0,"(6, 12]",0.2552532625525326,"(30, 60]",False,True
CUS0005940,16.0,15.04,15.17,596,177,4,1,0,"(12, 24]",1.0086436170212767,"(-1, 7]",False,False
CUS0000625,58.0,110.23,3.1,28,123,39,0,0,"(48, 72]",0.028123015513018233,"(30, 60]",True,False
CUS0004261,36.0,10.49,3.43,189,298,28,0,0,"(24, 48]",0.32697807435653004,"(7, 30]",False,False
CUS0004059,65.0,23.43,7.84,545,290,30,1,0,"(48, 72]",0.3346137430644473,"(7, 30]",False,False
CUS0006067,60.0,26.09,12.79,587,218,49,2,1,"(48, 72]",0.49022614028363354,"(30, 60]",False,False
CUS0006156,69.0,16.34,0.0,823,154,32,1,0,"(48, 72]",0.0,"(30, 60]",False,False
CUS0000326,46.0,84.66,5.33,708,8,91,4,1,"(24, 48]",0.06295771320576424,,True,False
CUS0002012,21.0,42.58,8.218195789745577,262,183,4,0,0,"(12, 24]",0.19300600727443817,"(-1, 7]",False,True
CUS0000313,47.0,67.61,15.44,947,177,13,0,0,"(24, 48]",0.22836858452891584,"(7, 30]",True,False
CUS0005420,70.0,28.68,7.22,465,243,20,8,0,"(48, 72]",0.25174337517433754,"(7, 30]",False,False
CUS0000284,20.0,14.4,18.2,310,106,18,0,0,"(12, 24]",1.2638888888888888,"(7, 30]",False,False
CUS0005445,71.0,52.44,7.12,540,170,24,1,0,"(48, 72]",0.13577421815408086,"(7, 30]",False,True
CUS0001336,48.0,27.87,3.09,294,213,19,2,0,"(24, 48]",0.11087190527448869,"(7, 30]",False,False
CUS0003570,61.0,52.43,10.3,16,152,48,2,0,"(48, 72]",0.19645241274079728,"(30, 60]",False,True
CUS0004546,30.0,28.27,7.82,9,128,20,3,0,"(24, 48]",0.27661832331093034,"(7, 30]",False,False
CUS0002304,28.0,23.28,6.79,359,177,2,0,0,"(24, 48]",0.29166666666666663,"(-1, 7]",False,False
CUS0007747,10.0,45.55,1.77,845,259,19,0,0,"(6, 12]",0.038858397365532385,"(7, 30]",False,True
CUS0003823,3.0,25.7,9.03,465,152,85,0,1,"(0, 6]",0.35136186770428013,,False,False
CUS0006520,4.0,12.95,19.49,719,98,31,0,0,"(0, 6]",1.505019305019305,"(30, 60]",False,False
CUS0001680,8.0,25.39,6.47,265,276,33,0,0,"(6, 12]",0.25482473414730206,"(30, 60]",False,False
CUS0007836,25.0,17.14,3.29,651,20,11,0,0,"(24, 48]",0.19194865810968495,"(7, 30]",False,False
CUS0002952,2.0,23.54,0.0,882,20,14,0,0,"(0, 6]",0.0,"(7, 30]",False,False
CUS0005226,16.0,51.55,10.87,577,39,37,3,0,"(12, 24]",0.21086323957322986,"(30, 60]",False,True
CUS0007280,46.0,55.52662624177525,6.24,728,279,32,0,1,"(24, 48]",0.1123785186016823,"(30, 60]",False,False
CUS0000201,25.0,24.36,0.49,677,173,0,1,0,"(24, 48]",0.020114942528735632,"(-1, 7]",False,False
CUS0004323,61.0,16.92,10.65,52,176,25,0,0,"(48, 72]",0.6294326241134751,"(7, 30]",False,False
CUS0003977,67.0,108.24,10.71,465,164,21,3,0,"(48, 72]",0.09894678492239468,"(7, 30]",True,False
CUS0006352,65.0,24.81,6.53,590,47,21,1,1,"(48, 72]",0.26320032245062475,"(7, 30]",False,False
CUS0004372,6.0,59.78,8.77,843,63,49,1,0,"(0, 6]",0.14670458347273335,"(30, 60]",False,True
CUS0007053,53.0,13.05,8.11,307,118,5,1,0,"(48, 72]",0.621455938697318,"(-1, 7]",False,False
CUS0000854,18.0,92.2,0.0,26,94,5,0,0,"(12, 24]",0.0,"(-1, 7]",True,False
CUS0004109,20.0,30.21,4.18,347,258,51,2,0,"(12, 24]",0.13836477987421383,"(30, 60]",False,True
CUS0001687,58.0,55.52662624177525,6.06,9,187,53,1,0,"(48, 72]",0.1091368305650953,"(30, 60]",False,False
CUS0006788,68.0,37.32,8.218195789745577,800,206,5,0,0,"(48, 72]",0.22020889040047098,"(-1, 7]",False,True
CUS0001722,5.0,89.52,3.18,863,114,64,1,0,"(0, 6]",0.035522788203753354,,True,False
CUS0004858,27.0,96.38,5.88,600,45,33,2,1,"(24, 48]",0.061008507989209385,"(30, 60]",True,False
CUS0007610,57.0,26.82,9.32,725,245,18,3,0,"(48, 72]",0.34750186428038776,"(7, 30]",False,False
CUS0005393,35.0,39.19,2.04,686,81,25,0,0,"(24, 48]",0.052054095432508295,"(7, 30]",False,True
CUS0001176,43.0,58.0,9.82,617,273,13,0,0,"(24, 48]",0.16931034482758622,"(7, 30]",False,True
CUS0006954,48.0,32.14,7.14,32,166,2,1,0,"(24, 48]",0.2221530802738021,"(-1, 7]",False,True
CUS0005887,7.0,60.85,0.13,945,85,54,3,1,"(6, 12]",0.0021364009860312242,"(30, 60]",True,False
CUS0006572,33.0,15.27,5.28,301,256,56,2,0,"(24, 48]",0.3457760314341847,"(30, 60]",False,False
CUS0006698,56.0,21.25,16.22,171,60,59,1,0,"(48, 72]",0.7632941176470588,"(30, 60]",False,False
CUS0000563,23.0,25.32,3.38,345,153,46,0,0,"(12, 24]",0.13349131121642968,"(30, 60]",False,False
CUS0002541,72.0,12.3,11.21,977,188,53,0,0,"(48, 72]",0.9113821138211382,"(30, 60]",False,False
CUS0002300,37.0,13.16,20.51,765,19,42,0,0,"(24, 48]",1.5585106382978724,"(30, 60]",False,False
CUS0004288,41.0,37.12,6.54,195,299,20,0,0,"(24, 48]",0.17618534482758622,"(7, 30]",False,True
CUS0003779,12.0,21.1,7.09,51,163,10,0,0,"(6, 12]",0.33601895734597154,"(7, 30]",False,False
CUS0006557,66.0,43.63,4.66,240,195,35,0,1,"(48, 72]",0.10680724272289709,"(30, 60]",False,True
CUS0002624,16.0,116.43,11.79,542,105,25,1,1,"(12, 24]",0.10126256119556815,"(7, 30]",True,False
CUS0004381,59.0,23.82,0.0,463,224,29,0,1,"(48, 72]",0.0,"(7, 30]",False,False
CUS0004577,47.0,95.76,9.57,74,80,60,0,0,"(24, 48]",0.09993734335839599,"(30, 60]",True,False
CUS0003275,18.0,117.87,0.0,965,259,23,1,1,"(12, 24]",0.0,"(7, 30]",True,False
CUS0004442,9.0,118.73,4.75,76,123,31,7,1,"(6, 12]",0.040006737976922425,"(30, 60]",True,False
CUS0003338,33.0,20.08,12.93,884,112,17,1,0,"(24, 48]",0.6439243027888447,"(7, 30]",False,False
CUS0001025,68.0,21.94,7.07,704,133,7,0,0,"(48, 72]",0.32224247948951684,"(-1, 7]",False,False
CUS0003263,42.0,52.13,0.0,889,273,33,7,1,"(24, 48]",0.0,"(30, 60]",False,True
CUS0006419,15.0,90.09,11.57,181,8,5,1,0,"(12, 24]",0.12842712842712842,"(-1, 7]",True,False
CUS0005901,5.0,13.6,3.06,670,237,36,4,1,"(0, 6]",0.225,"(30, 60]",False,False
CUS0006107,46.0,14.2,7.74,129,2,40,0,0,"(24, 48]",0.5450704225352113,"(30, 60]",False,False
CUS0004620,5.0,60.9,9.12,47,273,23,1,0,"(0, 6]",0.14975369458128077,"(7, 30]",False,True
CUS0001810,52.0,66.02,12.93,130,183,43,2,0,"(48, 72]",0.19584974250227205,"(30, 60]",False,True
CUS0000190,52.0,86.39,5.27,321,116,6,1,0,"(48, 72]",0.06100243083690241,"(-1, 7]",True,False
CUS0001585,9.0,26.79,9.37,77,65,2,3,1,"(6, 12]",0.3497573721537887,"(-1, 7]",False,False
CUS0002105,55.0,53.52,12.92,304,26,21,3,0,"(48, 72]",0.2414050822122571,"(7, 30]",False,True
CUS0003054,51.0,56.32,9.92,199,243,40,0,0,"(48, 72]",0.17613636363636365,"(30, 60]",False,True
CUS0001008,7.0,22.78,6.34,538,238,21,0,0,"(6, 12]",0.2783143107989464,"(7, 30]",False,False
CUS0001167,24.0,87.63,3.78,256,249,14,0,0,"(12, 24]",0.04313591235878124,"(7, 30]",True,False
CUS0006307,60.0,66.55,14.76,87,4,14,2,0,"(48, 72]",0.22178812922614577,"(7, 30]",False,True
CUS0006597,19.0,31.69,12.26,235,210,1,0,0,"(12, 24]",0.38687283054591354,"(-1, 7]",False,True
CUS0002381,29.0,54.54,4.32,574,7,76,1,0,"(24, 48]",0.07920792079207921,,False,True
CUS0006663,13.0,42.8,10.43,103,36,10,2,1,"(12, 24]",0.24369158878504674,"(7, 30]",False,True
CUS0004818,28.0,55.79,7.86,346,143,12,2,0,"(24, 48]",0.14088546334468544,"(7, 30]",False,True
CUS0006136,38.0,28.56,5.79,882,298,34,3,0,"(24, 48]",0.2027310924369748,"(30, 60]",False,False
CUS0001920,9.0,72.01,0.0,733,41,59,0,0,"(6, 12]",0.0,"(30, 60]",True,False
CUS0007400,64.0,27.21,1.92,236,129,12,1,0,"(48, 72]",0.07056229327453142,"(7, 30]",False,False
CUS0007122,60.0,55.52662624177525,9.14,889,28,42,6,1,"(48, 72]",0.16460571474669491,"(30, 60]",True,False
CUS0004835,71.0,17.62,9.89,376,121,3,0,0,"(48, 72]",0.5612939841089671,"(-1, 7]",False,False
CUS0003031,58.0,74.65,8.36,778,283,7,0,0,"(48, 72]",0.1119892833221701,"(-1, 7]",True,False
CUS0007983,70.0,73.97,4.25,439,300,21,3,0,"(48, 72]",0.057455725294038126,"(7, 30]",True,False
CUS0001329,55.0,102.12,4.12,877,154,40,0,0,"(48, 72]",0.04034469251860556,"(30, 60]",True,False
CUS0005952,3.0,49.72,0.38,823,256,25,2,0,"(0, 6]",0.007642799678197909,"(7, 30]",False,True
CUS0003925,67.0,21.85,6.1,413,12,31,0,0,"(48, 72]",0.2791762013729977,"(30, 60]",False,False
CUS0001061,57.0,50.93,14.13,826,71,28,0,0,"(48, 72]",0.2774396230119772,"(7, 30]",False,True
CUS0004267,29.0,12.88,0.0,607,118,35,0,1,"(24, 48]",0.0,"(30, 60]",False,False
CUS0002438,2.0,20.9,4.94,134,285,5,0,0,"(0, 6]",0.2363636363636364,"(-1, 7]",False,False
CUS0006169,38.0,65.72,4.37,572,24,15,0,0,"(24, 48]",0.06649421789409617,"(7, 30]",False,True
CUS0003987,9.0,31.88,0.0,193,239,42,6,1,"(6, 12]",0.0,"(30, 60]",False,True
CUS0004299,60.0,44.1,3.76,773,230,9,1,0,"(48, 72]",0.08526077097505669,"(7, 30]",False,True
CUS0003297,70.0,10.36,2.25,751,21,14,0,0,"(48, 72]",0.2171814671814672,"(7, 30]",False,False
CUS0003721,20.0,57.17,15.2,11,141,41,1,0,"(12, 24]",0.2658737099877558,"(30, 60]",False,True
CUS0005056,7.0,29.66,12.98,769,256,13,0,1,"(6, 12]",0.43762643290627107,"(7, 30]",False,False
CUS0007626,13.0,13.62,6.65,254,89,45,2,1,"(12, 24]",0.4882525697503672,"(30, 60]",False,False
CUS0001956,59.0,92.4,16.1,162,99,44,0,0,"(48, 72]",0.17424242424242425,"(30, 60]",True,False
CUS0001981,61.0,61.6,8.99,419,274,41,0,0,"(48, 72]",0.14594155844155846,"(30, 60]",False,True
CUS0006381,40.0,26.69,2.81,535,4,62,2,0,"(24, 48]",0.10528287748220307,,False,False
CUS0005921,28.0,73.63,2.13,54,15,41,0,0,"(24, 48]",0.028928425913350538,"(30, 60]",True,False
CUS0004504,50.0,29.29,6.19,720,216,63,0,0,"(48, 72]",0.21133492659610792,,False,False
CUS0000857,15.0,17.65,10.52,270,83,25,0,0,"(12, 24]",0.5960339943342776,"(7, 30]",False,False
CUS0005489,32.0,25.67,8.218195789745577,790,233,13,0,0,"(24, 48]",0.320147868708437,"(7, 30]",False,False
CUS0000743,13.0,68.94,0.0,168,262,15,1,0,"(12, 24]",0.0,"(7, 30]",True,False
CUS0004187,7.0,40.86,7.34,640,230,26,0,0,"(6, 12]",0.17963778756730298,"(7, 30]",False,True
CUS0006255,59.0,69.63,16.97,602,34,13,3,0,"(48, 72]",0.2437167887404854,"(7, 30]",False,True
CUS0005947,29.0,109.83,9.42,991,292,65,0,0,"(24, 48]",0.08576891559683147,,True,False
CUS0000645,56.0,16.93,10.08,593,145,69,4,1,"(48, 72]",0.5953927938570585,,False,False
CUS0007086,42.0,63.43,10.35,202,209,24,0,0,"(24, 48]",0.16317200063061643,"(7, 30]",False,True
CUS0005767,55.0,34.99,8.88,540,116,17,1,0,"(48, 72]",0.25378679622749356,"(7, 30]",False,True
CUS0002896,23.0,18.85,15.64,846,66,7,1,0,"(12, 24]",0.829708222811671,"(-1, 7]",False,False
CUS0007317,8.0,18.0,6.55,330,16,9,0,1,"(6, 12]",0.3638888888888889,"(7, 30]",False,False
CUS0004346,30.0,52.62,0.0,230,288,44,1,0,"(24, 48]",0.0,"(30, 60]",False,True
CUS0007287,23.0,29.49,14.68,699,219,27,1,0,"(12, 24]",0.4977958630044083,"(7, 30]",False,False
CUS0004141,64.0,33.37,13.0,477,154,21,0,0,"(48, 72]",0.3895714713814804,"(7, 30]",False,True
CUS0007040,3.0,82.63,11.0,289,85,12,2,1,"(0, 6]",0.1331235628706281,"(7, 30]",True,False
CUS0003007,36.0,44.28,8.03,905,260,34,3,0,"(24, 48]",0.1813459801264679,"(30, 60]",False,True
CUS0007128,52.0,93.11,10.8,14,297,54,1,0,"(48, 72]",0.11599183761142735,"(30, 60]",True,False
CUS0006938,21.0,27.35,0.0,785,287,6,4,0,"(12, 24]",0.0,"(-1, 7]",False,False
CUS0000000,57.0,29.8,15.72,70,259,6,3,0,"(48, 72]",0.52751677852349,"(-1, 7]",False,False
CUS0007588,31.0,10.95,14.42,827,44,21,1,0,"(24, 48]",1.3168949771689498,"(7, 30]",False,False
CUS0007044,68.0,17.72,10.72,61,232,36,1,0,"(48, 72]",0.6049661399548534,"(30, 60]",False,False
CUS0007682,70.0,52.76,0.0,101,170,25,0,0,"(48, 72]",0.0,"(7, 30]",False,True
CUS0001341,3.0,63.87,0.99,107,31,39,1,1,"(0, 6]",0.015500234852043214,"(30, 60]",True,False
CUS0001639,25.0,17.37,8.09,401,278,36,0,1,"(24, 48]",0.46574553828439835,"(30, 60]",False,False
CUS0004520,12.0,77.42,15.44,654,165,41,0,0,"(6, 12]",0.1994316714027383,"(30, 60]",True,False
CUS0006933,66.0,55.52662624177525,8.27,716,63,14,1,0,"(48, 72]",0.1489375559031911,"(7, 30]",False,False
CUS0005488,69.0,49.79,1.19,81,151,18,1,0,"(48, 72]",0.02390038160273147,"(7, 30]",False,True
CUS0003610,55.0,23.32,11.55,112,27,27,8,1,"(48, 72]",0.49528301886792453,"(7, 30]",False,False
CUS0002695,46.0,38.72,16.65,774,70,15,1,0,"(24, 48]",0.43001033057851235,"(7, 30]",False,True
CUS0002893,31.0,118.59,14.62,578,226,45,1,0,"(24, 48]",0.1232818956067122,"(30, 60]",True,False
CUS0002971,70.0,36.02,5.98,311,175,31,0,0,"(48, 72]",0.1660188784008884,"(30, 60]",False,True
CUS0003602,29.0,92.12,14.23,536,217,25,0,0,"(24, 48]",0.15447242726877985,"(7, 30]",True,False
CUS0006707,7.0,25.01,0.0,972,21,27,0,0,"(6, 12]",0.0,"(7, 30]",False,False
CUS0001974,9.0,25.2,1.56,622,76,14,0,0,"(6, 12]",0.06190476190476191,"(7, 30]",False,False
CUS0004741,64.0,25.31,14.04,426,27,23,0,0,"(48, 72]",0.5547214539707626,"(7, 30]",False,False
CUS0005041,66.0,40.81,11.96,522,42,27,5,0,"(48, 72]",0.29306542514089684,"(7, 30]",False,True
CUS0003123,39.0,116.18,0.94,3,284,45,0,0,"(24, 48]",0.00809089344121191,"(30, 60]",True,False
CUS0002643,9.0,50.02,2.6,924,177,10,2,0,"(6, 12]",0.05197920831667333,"(7, 30]",False,True
CUS0004423,2.0,19.67,22.97,992,240,14,3,0,"(0, 6]",1.1677681748856124,"(7, 30]",False,False
CUS0006678,2.0,27.56,7.74,886,112,21,0,1,"(0, 6]",0.2808417997097243,"(7, 30]",False,False
CUS0002596,18.0,61.2,7.83,980,254,29,0,0,"(12, 24]",0.12794117647058822,"(7, 30]",False,True
CUS0003867,58.0,15.63,2.78,960,121,26,4,0,"(48, 72]",0.17786308381317975,"(7, 30]",False,False
CUS0000441,64.0,24.31,5.99,963,55,17,0,0,"(48, 72]",0.24640065816536408,"(7, 30]",False,False
CUS0000520,26.0,79.44,9.42,334,40,5,2,0,"(24, 48]",0.11858006042296072,"(-1, 7]",True,False
CUS0001472,68.0,69.62,13.46,748,190,52,0,0,"(48, 72]",0.1933352484918127,"(30, 60]",False,True
CUS0005817,15.0,62.22,8.57,840,280,7,0,0,"(12, 24]",0.13773706203792993,"(-1, 7]",False,True
CUS0007596,56.0,29.61,8.3,670,113,42,1,1,"(48, 72]",0.28031070584262074,"(30, 60]",False,False
CUS0001602,64.0,28.19,1.68,821,142,3,0,0,"(48, 72]",0.05959560127704859,"(-1, 7]",False,False
CUS0002322,60.0,70.42,11.44,239,172,28,3,0,"(48, 72]",0.16245384833854018,"(7, 30]",True,False
CUS0006559,26.0,96.18,11.72,469,141,19,4,0,"(24, 48]",0.12185485547930963,"(7, 30]",True,False
CUS0003584,63.0,42.53,15.08,933,74,38,1,0,"(48, 72]",0.3545732424171173,"(30, 60]",False,True
CUS0002493,59.0,71.63,5.0,402,116,53,0,0,"(48, 72]",0.06980315510261065,"(30, 60]",True,False
CUS0005277,28.0,18.25,6.09,807,266,23,0,0,"(24, 48]",0.3336986301369863,"(7, 30]",False,False
CUS0004061,43.0,19.37,2.23,931,165,0,0,0,"(24, 48]",0.11512648425400103,"(-1, 7]",False,False
CUS0001257,62.0,26.42,12.84,763,111,15,0,0,"(48, 72]",0.48599545798637395,"(7, 30]",False,False
CUS0007116,62.0,18.63,9.72,281,41,26,1,0,"(48, 72]",0.5217391304347827,"(7, 30]",False,False
CUS0004733,47.0,28.31,2.86,267,242,1,0,0,"(24, 48]",0.10102437301306959,"(-1, 7]",False,False
CUS0002249,9.0,13.41,1.74,61,197,34,3,1,"(6, 12]",0.1297539149888143,"(30, 60]",False,False
CUS0002616,23.0,25.95,6.08,672,277,2,3,0,"(12, 24]",0.2342967244701349,"(-1, 7]",False,False
CUS0007472,71.0,114.69,0.0,466,120,26,0,0,"(48, 72]",0.0,"(7, 30]",True,False
CUS0001030,25.0,60.54,7.25,416,50,19,1,0,"(24, 48]",0.11975553353154939,"(7, 30]",False,True
CUS0006296,50.0,91.41,2.3,983,285,3,0,0,"(48, 72]",0.025161360901433102,"(-1, 7]",True,False
CUS0003720,19.0,93.83,5.44,401,185,42,2,0,"(12, 24]",0.05797719279548119,"(30, 60]",True,False
CUS0002477,8.0,28.13,1.66,762,211,47,0,1,"(6, 12]",0.05901173124777817,"(30, 60]",False,False
CUS0000413,38.0,88.73,8.99,241,213,49,0,0,"(24, 48]",0.10131860701003043,"(30, 60]",True,False
CUS0002029,3.0,99.88,0.0,856,115,41,7,1,"(0, 6]",0.0,"(30, 60]",True,False
CUS0005291,64.0,18.15,8.218195789745577,515,295,12,0,0,"(48, 72]",0.45279315645981144,"(7, 30]",False,False
CUS0007343,59.0,25.36,17.14,585,79,43,0,0,"(48, 72]",0.6758675078864353,"(30, 60]",False,False
CUS0000212,11.0,28.41,10.33,665,81,18,8,1,"(6, 12]",0.36360436466033086,"(7, 30]",False,False
CUS0004855,67.0,55.52662624177525,0.6,428,112,52,0,0,"(48, 72]",0.010805626788623297,"(30, 60]",False,False
CUS0004979,39.0,19.26,2.84,663,108,24,0,0,"(24, 48]",0.14745586708203529,"(7, 30]",False,False
CUS0007667,36.0,60.15,11.34,846,113,13,3,0,"(24, 48]",0.18852867830423942,"(7, 30]",False,True
CUS0005257,69.0,117.7,6.03,753,202,48,0,0,"(48, 72]",0.05123194562446899,"(30, 60]",True,False
CUS0007094,71.0,34.27,1.68,118,138,29,0,0,"(48, 72]",0.049022468631456075,"(7, 30]",False,True
CUS0007123,68.0,119.88,8.93,726,294,47,2,0,"(48, 72]",0.07449115782449116,"(30, 60]",True,False
CUS0002943,15.0,50.08,0.0,513,238,3,0,0,"(12, 24]",0.0,"(-1, 7]",False,True
CUS0001617,10.0,13.6,10.72,381,151,4,2,0,"(6, 12]",0.7882352941176471,"(-1, 7]",False,False
CUS0001601,44.0,24.34,8.73,981,17,2,3,0,"(24, 48]",0.3586688578471652,"(-1, 7]",False,False
CUS0004873,44.0,10.77,5.47,650,213,9,0,0,"(24, 48]",0.5078922934076138,"(7, 30]",False,False
CUS0006073,50.0,47.94,4.12,435,190,18,3,0,"(48, 72]",0.08594075928243639,"(7, 30]",False,True
CUS0004681,27.0,64.2,1.21,526,277,21,0,0,"(24, 48]",0.018847352024922118,"(7, 30]",True,False
CUS0005279,19.0,18.9,2.51,406,240,37,0,0,"(12, 24]",0.1328042328042328,"(30, 60]",False,False
CUS0000136,49.0,80.1,2.18,649,47,2,0,0,"(48, 72]",0.02721598002496879,"(-1, 7]",True,False
CUS0005959,5.0,25.09,17.35,416,230,26,2,1,"(0, 6]",0.6915105619768833,"(7, 30]",False,False
CUS0002319,24.0,35.19,9.67,117,298,13,4,0,"(12, 24]",0.274793975561239,"(7, 30]",False,True
CUS0007760,13.0,30.01,5.09,507,16,26,1,0,"(12, 24]",0.1696101299566811,"(7, 30]",False,True
CUS0002317,41.0,21.5,15.53,241,224,42,0,0,"(24, 48]",0.7223255813953489,"(30, 60]",False,False
CUS0002790,56.0,31.74,8.218195789745577,84,120,72,0,0,"(48, 72]",0.2589223626258846,,False,True
CUS0003927,58.0,17.64,7.02,862,123,3,0,0,"(48, 72]",0.39795918367346933,"(-1, 7]",False,False
CUS0005589,51.0,28.11,13.91,204,148,32,3,1,"(48, 72]",0.49484169334756317,"(30, 60]",False,False
CUS0006532,41.0,55.52662624177525,5.28,970,292,12,0,0,"(24, 48]",0.09508951573988503,"(7, 30]",True,False
CUS0005666,56.0,69.23,5.6,417,104,36,1,0,"(48, 72]",0.08088978766430738,"(30, 60]",True,False
CUS0006127,9.0,20.31,0.0,322,16,4,1,0,"(6, 12]",0.0,"(-1, 7]",False,False
CUS0003705,2.0,42.56,10.54,348,145,10,0,1,"(0, 6]",0.2476503759398496,"(7, 30]",False,True
CUS0006236,17.0,11.71,9.63,273,297,33,0,1,"(12, 24]",0.8223740392826644,"(30, 60]",False,False
CUS0006096,60.0,25.37,8.04,347,144,25,0,0,"(48, 72]",0.31690973590855337,"(7, 30]",False,False
CUS0004766,37.0,50.5,11.28,682,142,34,0,0,"(24, 48]",0.22336633663366334,"(30, 60]",False,True
CUS0005919,17.0,13.24,8.3,298,101,33,0,0,"(12, 24]",0.6268882175226587,"(30, 60]",False,False
CUS0006428,49.0,54.81,8.218195789745577,948,259,41,4,1,"(48, 72]",0.14993971519331467,"(30, 60]",False,True
CUS0003436,34.0,31.63,0.0,919,229,19,2,0,"(24, 48]",0.0,"(7, 30]",False,True
CUS0001251,22.0,82.07,5.09,403,219,29,0,0,"(12, 24]",0.06202022663579871,"(7, 30]",True,False
CUS0003573,47.0,80.98,10.68,434,237,35,0,0,"(24, 48]",0.13188441590516176,"(30, 60]",True,False
CUS0007886,60.0,17.2,10.33,870,258,21,0,0,"(48, 72]",0.6005813953488373,"(7, 30]",False,False
CUS0007135,18.0,64.15,5.04,423,14,41,0,1,"(12, 24]",0.07856586126266563,"(30, 60]",False,True
CUS0003230,67.0,24.06,4.0,140,194,11,3,0,"(48, 72]",0.1662510390689942,"(7, 30]",False,False
CUS0005720,7.0,44.48,1.63,211,273,51,1,0,"(6, 12]",0.03664568345323741,"(30, 60]",False,True
CUS0001254,21.0,118.04,3.02,948,231,42,0,0,"(12, 24]",0.02558454761097933,"(30, 60]",True,False
CUS0005990,52.0,19.65,12.32,424,249,10,3,1,"(48, 72]",0.6269720101781171,"(7, 30]",False,False
CUS0000549,21.0,64.81,2.74,186,164,16,0,0,"(12, 24]",0.04227742632309829,"(7, 30]",False,True
CUS0006526,29.0,78.64,5.0,709,124,29,1,1,"(24, 48]",0.06358087487283826,"(7, 30]",True,False
CUS0005218,46.0,43.2,4.35,256,5,40,6,1,"(24, 48]",0.10069444444444443,"(30, 60]",False,True
CUS0000989,63.0,34.64,1.56,785,186,16,1,0,"(48, 72]",0.04503464203233257,"(7, 30]",False,True
CUS0001182,48.0,55.52662624177525,8.218195789745577,963,163,7,1,0,"(24, 48]",0.14800459429971002,"(-1, 7]",False,True
CUS0002912,63.0,22.89,5.54,893,233,35,0,0,"(48, 72]",0.24202708606378331,"(30, 60]",False,False
CUS0006896,45.0,55.52662624177525,5.61,642,85,35,1,0,"(24, 48]",0.10103261047362784,"(30, 60]",False,False
CUS0006997,50.0,12.06,7.94,41,104,55,0,0,"(48, 72]",0.6583747927031509,"(30, 60]",False,False
CUS0005725,5.0,14.63,0.39,20,84,50,0,0,"(0, 6]",0.026657552973342446,"(30, 60]",False,False
CUS0004008,36.0,56.84,0.0,882,116,13,5,0,"(24, 48]",0.0,"(7, 30]",False,True
CUS0006984,21.0,45.95,2.2,301,180,24,0,0,"(12, 24]",0.04787812840043525,"(7, 30]",False,True
CUS0002368,53.0,46.97,7.46,989,172,61,4,0,"(48, 72]",0.15882478177560144,,False,True
CUS0002153,43.0,103.3,0.0,661,174,27,6,1,"(24, 48]",0.0,"(7, 30]",True,False
CUS0006252,56.0,70.16,11.08,911,233,6,2,0,"(48, 72]",0.15792474344355759,"(-1, 7]",True,False
CUS0002758,62.0,55.52662624177525,15.71,965,137,40,0,0,"(48, 72]",0.28292732808212,"(30, 60]",False,False
CUS0000609,64.0,15.2,16.0,233,44,10,7,0,"(48, 72]",1.0526315789473684,"(7, 30]",False,False
CUS0005573,53.0,25.94,12.24,56,9,33,0,0,"(48, 72]",0.471858134155744,"(30, 60]",False,False
CUS0004865,28.0,40.98,8.218195789745577,135,264,19,0,0,"(24, 48]",0.20054162493278618,"(7, 30]",False,True
CUS0003935,63.0,18.52,10.14,861,4,15,2,0,"(48, 72]",0.5475161987041037,"(7, 30]",False,False
CUS0003390,51.0,19.42,4.18,96,268,6,0,0,"(48, 72]",0.2152420185375901,"(-1, 7]",False,False
CUS0002993,16.0,55.52662624177525,15.29,828,21,22,0,0,"(12, 24]",0.2753633893300837,"(7, 30]",True,False
CUS0004599,46.0,36.76,14.11,230,126,4,1,0,"(24, 48]",0.3838411316648531,"(-1, 7]",False,True
CUS0000777,33.0,62.76,7.73,115,112,49,1,1,"(24, 48]",0.12316762268961123,"(30, 60]",False,True
CUS0002148,40.0,12.02,11.46,503,110,13,0,0,"(24, 48]",0.9534109816971715,"(7, 30]",False,False
CUS0001076,42.0,16.01,5.29,60,275,17,1,1,"(24, 48]",0.330418488444722,"(7, 30]",False,False
CUS0000658,43.0,65.2,11.29,192,61,1,0,0,"(24, 48]",0.17315950920245396,"(-1, 7]",False,True
CUS0005997,4.0,35.71,8.47,827,23,5,2,0,"(0, 6]",0.23718846261551388,"(-1, 7]",False,True
CUS0000187,40.0,101.22,13.83,725,228,19,1,0,"(24, 48]",0.13663307646710138,"(7, 30]",True,False
CUS0003944,28.0,16.29,0.0,898,115,49,4,1,"(24, 48]",0.0,"(30, 60]",False,False
CUS0006838,32.0,70.39,13.63,538,41,41,1,1,"(24, 48]",0.19363545958232706,"(30, 60]",True,False
CUS0002403,19.0,106.92,4.39,542,68,45,0,1,"(12, 24]",0.04105873550317994,"(30, 60]",True,False
CUS0003415,29.0,66.62,1.31,639,225,15,0,0,"(24, 48]",0.01966376463524467,"(7, 30]",False,True
CUS0004567,24.0,31.66,7.44,937,56,46,0,0,"(12, 24]",0.23499684144030322,"(30, 60]",False,True
CUS0003484,1.0,11.9,11.96,63,250,20,0,0,"(0, 6]",1.0050420168067227,"(7, 30]",False,False
CUS0007593,47.0,15.44,15.21,143,207,11,2,0,"(24, 48]",0.9851036269430052,"(7, 30]",False,False
CUS0001552,12.0,29.35,10.46,468,39,19,1,0,"(6, 12]",0.35638841567291313,"(7, 30]",False,False
CUS0000393,62.0,49.93,5.47,207,127,23,0,0,"(48, 72]",0.10955337472461446,"(7, 30]",False,True
CUS0007364,8.0,21.93,3.69,651,143,10,3,0,"(6, 12]",0.16826265389876882,"(7, 30]",False,False
CUS0004933,3.0,49.11,10.64,481,277,23,2,0,"(0, 6]",0.2166564854408471,"(7, 30]",False,True
CUS0007728,2.0,51.16,6.91,646,121,44,3,1,"(0, 6]",0.13506645817044569,"(30, 60]",False,True
CUS0000270,62.0,20.26,7.0,603,156,33,2,0,"(48, 72]",0.3455083909180651,"(30, 60]",False,False
CUS0004190,2.0,13.98,4.63,892,96,77,0,1,"(0, 6]",0.3311874105865522,,False,False
CUS0007033,42.0,13.8,10.01,211,246,19,3,1,"(24, 48]",0.7253623188405797,"(7, 30]",False,False
CUS0004414,58.0,30.02,8.218195789745577,897,154,9,2,0,"(48, 72]",0.2737573547550159,"(7, 30]",False,True
CUS0007918,54.0,20.35,0.69,642,165,11,2,0,"(48, 72]",0.0339066339066339,"(7, 30]",False,False
CUS0001586,53.0,19.05,3.82,824,286,28,8,0,"(48, 72]",0.2005249343832021,"(7, 30]",False,False
CUS0006129,9.0,60.73,1.68,975,235,4,0,0,"(6, 12]",0.02766342828914869,"(-1, 7]",False,True
CUS0004777,18.0,40.48,17.17,62,291,44,0,0,"(12, 24]",0.4241600790513835,"(30, 60]",False,True
CUS0006392,18.0,75.85,12.08,268,182,5,1,0,"(12, 24]",0.15926170072511536,"(-1, 7]",True,False
CUS0002729,47.0,95.22,2.84,124,283,13,1,0,"(24, 48]",0.029825666876706573,"(7, 30]",True,False
CUS0002143,27.0,110.54,9.55,557,215,5,2,0,"(24, 48]",0.0863940654966528,"(-1, 7]",True,False
CUS0003648,27.0,65.34,10.37,192,155,13,7,1,"(24, 48]",0.1587082950719314,"(7, 30]",False,True
CUS0006189,47.0,14.53,1.92,854,285,28,0,0,"(24, 48]",0.1321403991741225,"(7, 30]",False,False
CUS0004318,6.0,26.1,5.86,728,83,19,0,0,"(0, 6]",0.22452107279693487,"(7, 30]",False,False
CUS0000692,30.0,16.61,4.88,608,125,16,3,0,"(24, 48]",0.2937989163154726,"(7, 30]",False,False
CUS0002931,17.0,55.52662624177525,6.31,161,254,17,3,1,"(12, 24]",0.11363917506035501,"(7, 30]",True,False
CUS0005020,57.0,55.52662624177525,4.03,576,58,27,0,1,"(48, 72]",0.07257779326358649,"(7, 30]",False,False
CUS0005641,26.0,17.93,7.54,477,253,25,2,0,"(24, 48]",0.4205242610150586,"(7, 30]",False,False
CUS0000414,62.0,52.56,10.85,864,185,19,2,0,"(48, 72]",0.20643074581430745,"(7, 30]",False,True
CUS0000236,10.0,31.06,8.218195789745577,255,94,37,4,1,"(6, 12]",0.26459097842065604,"(30, 60]",False,True
CUS0001840,7.0,79.08,3.52,185,218,45,1,0,"(6, 12]",0.04451188669701568,"(30, 60]",True,False
CUS0002129,44.0,20.43,14.46,267,191,6,0,0,"(24, 48]",0.7077826725403819,"(-1, 7]",False,False
CUS0003587,58.0,20.28,0.0,897,135,28,1,0,"(48, 72]",0.0,"(7, 30]",False,False
CUS0002781,41.0,31.08,0.04,613,189,69,0,1,"(24, 48]",0.0012870012870012872,,False,True
CUS0003141,28.0,21.32,3.54,42,267,4,1,0,"(24, 48]",0.16604127579737335,"(-1, 7]",False,False
CUS0001002,39.0,37.5,5.84,605,19,14,1,0,"(24, 48]",0.15573333333333333,"(7, 30]",False,True
CUS0002509,26.0,17.29,9.36,703,130,57,0,0,"(24, 48]",0.5413533834586466,"(30, 60]",False,False
CUS0006803,6.0,107.74,7.02,184,158,16,0,0,"(0, 6]",0.06515685910525339,"(7, 30]",True,False
CUS0000761,13.0,19.02,1.9,949,10,59,3,0,"(12, 24]",0.09989484752891693,"(30, 60]",False,False
CUS0004251,33.0,114.53,19.09,430,10,2,0,1,"(24, 48]",0.16668121889461276,"(-1, 7]",True,False
CUS0000771,20.0,24.13,11.06,391,91,29,0,0,"(12, 24]",0.4583506009117282,"(7, 30]",False,False
CUS0002550,39.0,91.31,3.03,233,161,5,5,0,"(24, 48]",0.03318366005913919,"(-1, 7]",True,False
CUS0005295,49.0,48.23,4.78,644,215,19,0,0,"(48, 72]",0.09910843873108026,"(7, 30]",False,True
CUS0003219,69.0,63.0,7.61,303,155,18,0,0,"(48, 72]",0.1207936507936508,"(7, 30]",False,True
CUS0002231,16.0,12.87,3.27,712,202,34,0,0,"(12, 24]",0.2540792540792541,"(30, 60]",False,False
CUS0002049,57.0,117.05,4.58,521,293,11,1,0,"(48, 72]",0.039128577530969676,"(7, 30]",True,False
CUS0000132,15.0,24.16,6.72,613,144,14,0,0,"(12, 24]",0.2781456953642384,"(7, 30]",False,False
CUS0005013,13.0,55.52662624177525,8.66,375,37,15,0,0,"(12, 24]",0.15596121331579627,"(7, 30]",True,False
CUS0000591,32.0,53.13,5.05,396,119,20,1,0,"(24, 48]",0.0950498776585733,"(7, 30]",False,True
CUS0002713,1.0,66.31,7.26,864,172,5,0,0,"(0, 6]",0.10948574875584376,"(-1, 7]",False,True
CUS0007849,3.0,29.84,13.21,601,33,22,1,0,"(0, 6]",0.4426943699731904,"(7, 30]",False,False
CUS0003313,15.0,90.92,9.04,784,260,36,0,0,"(12, 24]",0.09942806863176418,"(30, 60]",True,False
CUS0005527,7.0,52.32,10.9,348,176,22,0,1,"(6, 12]",0.20833333333333334,"(7, 30]",False,True
CUS0000386,15.0,14.37,8.07,27,294,38,0,0,"(12, 24]",0.5615866388308978,"(30, 60]",False,False
CUS0001558,2.0,75.8,0.0,900,251,10,3,0,"(0, 6]",0.0,"(7, 30]",True,False
CUS0006569,15.0,68.21,17.37,873,118,20,1,0,"(12, 24]",0.2546547427063481,"(7, 30]",False,True
CUS0004240,28.0,20.8,5.04,282,90,20,1,1,"(24, 48]",0.2423076923076923,"(7, 30]",False,False
CUS0004622,7.0,12.07,6.65,730,127,22,2,0,"(6, 12]",0.5509527754763878,"(7, 30]",False,False
CUS0003118,26.0,65.63,0.0,96,204,2,2,0,"(24, 48]",0.0,"(-1, 7]",True,False
CUS0006770,16.0,20.1,21.1,583,152,3,0,0,"(12, 24]",1.0497512437810945,"(-1, 7]",False,False
CUS0004667,39.0,28.66,4.25,315,222,34,1,1,"(24, 48]",0.14829030006978366,"(30, 60]",False,False
CUS0003320,71.0,68.53,11.18,469,81,34,3,0,"(48, 72]",0.16314023055596089,"(30, 60]",True,False
CUS0007204,55.0,55.52662624177525,8.26,774,26,33,1,0,"(48, 72]",0.14875746212338073,"(30, 60]",False,True
CUS0005961,9.0,27.08,2.86,486,29,15,1,0,"(6, 12]",0.10561299852289513,"(7, 30]",False,False
CUS0004362,23.0,14.12,16.89,201,66,58,0,0,"(12, 24]",1.1961756373937678,"(30, 60]",False,False
CUS0002816,21.0,56.83,6.62,864,36,13,0,0,"(12, 24]",0.11648777054372692,"(7, 30]",False,True
CUS0007995,52.0,18.95,11.43,585,245,31,0,0,"(48, 72]",0.6031662269129288,"(30, 60]",False,False
CUS0005985,45.0,69.55,1.69,271,103,31,1,0,"(24, 48]",0.024299065420560748,"(30, 60]",True,False
CUS0001223,38.0,102.72,9.05,871,146,4,0,0,"(24, 48]",0.08810358255451714,"(-1, 7]",True,False
CUS0000619,26.0,48.93,17.58,543,77,23,2,0,"(24, 48]",0.3592887798896382,"(7, 30]",False,True
CUS0005053,41.0,67.0,0.0,284,47,28,0,0,"(24, 48]",0.0,"(7, 30]",False,True
CUS0007991,24.0,27.55,5.58,444,263,5,1,0,"(12, 24]",0.202540834845735,"(-1, 7]",False,False
CUS0006841,16.0,40.51,10.21,5,50,39,0,0,"(12, 24]",0.25203653418908917,"(30, 60]",False,True
CUS0001373,45.0,28.86,1.48,773,142,62,0,1,"(24, 48]",0.05128205128205128,,False,False
CUS0007655,55.0,29.3,15.2,920,86,19,0,0,"(48, 72]",0.5187713310580204,"(7, 30]",False,False
CUS0003251,2.0,22.32,7.97,189,190,30,0,0,"(0, 6]",0.357078853046595,"(7, 30]",False,False
CUS0005694,54.0,32.29,2.34,466,78,16,1,0,"(48, 72]",0.07246825642613812,"(7, 30]",False,True
CUS0001344,31.0,89.4,0.0,458,148,46,0,0,"(24, 48]",0.0,"(30, 60]",True,False
CUS0007717,2.0,27.77,15.09,973,45,12,0,0,"(0, 6]",0.5433921498019445,"(7, 30]",False,False
CUS0003836,4.0,54.68,14.67,430,40,0,0,0,"(0, 6]",0.2682882223847842,"(-1, 7]",False,True
CUS0001716,43.0,62.46,11.6,261,14,13,0,0,"(24, 48]",0.18571886007044508,"(7, 30]",False,True
CUS0002823,66.0,64.77,15.27,600,251,35,2,0,"(48, 72]",0.23575729504400186,"(30, 60]",False,True
CUS0003366,43.0,28.1,11.99,701,133,20,0,0,"(24, 48]",0.4266903914590747,"(7, 30]",False,False
CUS0003659,71.0,61.22,8.218195789745577,86,294,25,0,0,"(48, 72]",0.1342403755267164,"(7, 30]",False,True
CUS0000342,13.0,63.73,15.85,12,81,15,1,0,"(12, 24]",0.2487054762278362,"(7, 30]",True,False
CUS0004580,56.0,49.18,12.51,928,163,23,0,0,"(48, 72]",0.2543716958113054,"(7, 30]",False,True
CUS0002084,58.0,33.08,2.83,673,189,29,2,1,"(48, 72]",0.08555018137847643,"(7, 30]",False,True
CUS0004590,51.0,25.09,7.84,869,293,24,0,0,"(48, 72]",0.3124750896771622,"(7, 30]",False,False
CUS0004612,14.0,16.0,7.29,929,55,38,0,0,"(12, 24]",0.455625,"(30, 60]",False,False
CUS0004776,23.0,28.83,1.81,594,300,45,0,0,"(12, 24]",0.06278182448838017,"(30, 60]",False,False
CUS0001458,48.0,106.69,6.02,643,267,31,0,0,"(24, 48]",0.05642515699690692,"(30, 60]",True,False
CUS0002431,28.0,25.2,9.67,538,10,17,1,0,"(24, 48]",0.38373015873015875,"(7, 30]",False,False
CUS0003337,10.0,61.87,4.15,692,286,25,0,0,"(6, 12]",0.06707612736382738,"(7, 30]",True,False
CUS0006360,34.0,27.7,7.94,950,99,19,1,0,"(24, 48]",0.28664259927797836,"(7, 30]",False,False
CUS0005782,20.0,10.05,4.96,461,137,10,1,0,"(12, 24]",0.49353233830845766,"(7, 30]",False,False
CUS0007017,34.0,11.92,8.23,251,153,35,0,0,"(24, 48]",0.6904362416107382,"(30, 60]",False,False
CUS0001625,67.0,49.72,3.34,332,262,5,0,0,"(48, 72]",0.06717618664521319,"(-1, 7]",False,True
CUS0006270,48.0,109.24,6.61,894,208,5,0,0,"(24, 48]",0.06050897107286709,"(-1, 7]",True,False
CUS0003651,25.0,85.75,6.34,909,48,1,0,0,"(24, 48]",0.07393586005830903,"(-1, 7]",True,False
CUS0004584,36.0,44.06,0.0,25,287,7,1,0,"(24, 48]",0.0,"(-1, 7]",False,True
CUS0001743,10.0,13.54,4.89,353,249,56,7,0,"(6, 12]",0.36115214180206795,"(30, 60]",False,False
CUS0002536,20.0,45.79,0.0,56,257,33,1,0,"(12, 24]",0.0,"(30, 60]",False,True
CUS0006079,60.0,55.52662624177525,8.218195789745577,125,27,4,1,0,"(48, 72]",0.14800459429971002,"(-1, 7]",False,False
CUS0004867,43.0,59.73,8.54,310,281,10,1,0,"(24, 48]",0.1429767286120877,"(7, 30]",False,True
CUS0002389,6.0,44.19,12.25,47,27,15,5,1,"(0, 6]",0.27721203892283325,"(7, 30]",False,True
CUS0007674,52.0,112.78,15.46,522,95,9,1,0,"(48, 72]",0.13708104273807414,"(7, 30]",True,False
CUS0000970,33.0,24.64,7.71,453,259,7,3,0,"(24, 48]",0.31290584415584416,"(-1, 7]",False,False
CUS0001009,34.0,70.92,12.76,776,200,1,0,0,"(24, 48]",0.17992103778905807,"(-1, 7]",True,False
CUS0006389,56.0,15.37,11.0,857,299,30,1,0,"(48, 72]",0.715679895901106,"(7, 30]",False,False
CUS0004354,41.0,14.03,19.08,624,179,15,0,0,"(24, 48]",1.359942979330007,"(7, 30]",False,False
CUS0003340,52.0,50.72,3.14,675,98,62,0,0,"(48, 72]",0.06190851735015773,,False,True
CUS0002499,43.0,15.81,12.98,888,119,31,2,0,"(24, 48]",0.8209993674889311,"(30, 60]",False,False
CUS0000807,31.0,95.66,10.9,480,257,12,0,1,"(24, 48]",0.11394522266360026,"(7, 30]",True,False
CUS0005060,26.0,27.5,4.57,798,86,39,4,1,"(24, 48]",0.16618181818181818,"(30, 60]",False,False
CUS0000160,46.0,36.95,1.98,442,217,60,1,0,"(24, 48]",0.05358592692828146,"(30, 60]",False,True
CUS0004877,54.0,26.15,5.36,206,152,23,0,0,"(48, 72]",0.2049713193116635,"(7, 30]",False,False
CUS0002324,12.0,60.93,17.13,393,196,61,1,0,"(6, 12]",0.2811422944362383,,False,True
CUS0006459,12.0,67.37,5.71,708,135,34,0,0,"(6, 12]",0.08475582603532729,"(30, 60]",False,True
CUS0004207,23.0,13.91,0.0,576,32,26,1,1,"(12, 24]",0.0,"(7, 30]",False,False
CUS0005553,50.0,103.16,5.18,349,222,17,0,0,"(48, 72]",0.050213260953858085,"(7, 30]",True,False
CUS0003726,12.0,108.54,0.0,372,261,28,2,1,"(6, 12]",0.0,"(7, 30]",True,False
CUS0003724,25.0,29.43,7.81,776,175,32,0,0,"(24, 48]",0.26537546721032956,"(30, 60]",False,False
CUS0005864,69.0,113.62,6.64,777,40,17,0,0,"(48, 72]",0.05844041541982045,"(7, 30]",True,False
CUS0003549,9.0,27.56,17.64,390,195,32,1,0,"(6, 12]",0.6400580551523948,"(30, 60]",False,False
CUS0000718,6.0,27.0,11.4,303,101,27,1,0,"(0, 6]",0.4222222222222222,"(7, 30]",False,False
CUS0004394,49.0,23.37,19.98,256,237,17,3,0,"(48, 72]",0.8549422336328626,"(7, 30]",False,False
CUS0002951,62.0,67.61,11.5,827,230,60,4,0,"(48, 72]",0.1700931814820293,"(30, 60]",True,False
CUS0001411,45.0,55.4,0.13,698,12,8,5,0,"(24, 48]",0.0023465703971119133,"(7, 30]",False,True
CUS0000732,3.0,25.51,4.22,305,257,12,0,0,"(0, 6]",0.1654253234025872,"(7, 30]",False,False
CUS0002181,40.0,22.5,14.25,616,276,55,2,1,"(24, 48]",0.6333333333333333,"(30, 60]",False,False
CUS0006981,2.0,64.27,3.96,631,277,10,1,0,"(0, 6]",0.06161506145946787,"(7, 30]",False,True
CUS0006973,28.0,91.91,6.48,917,140,3,0,0,"(24, 48]",0.07050375367207051,"(-1, 7]",True,False
CUS0007785,5.0,29.61,3.46,472,47,53,1,1,"(0, 6]",0.11685241472475515,"(30, 60]",False,False
CUS0001895,30.0,119.44,19.39,233,91,5,1,0,"(24, 48]",0.16234092431346284,"(-1, 7]",True,False
CUS0001706,37.0,53.09,8.84,455,103,44,0,0,"(24, 48]",0.16650970050857034,"(30, 60]",False,True
CUS0001730,4.0,20.71,14.06,271,225,31,3,0,"(0, 6]",0.6788990825688074,"(30, 60]",False,False
CUS0002426,47.0,27.1,10.07,636,60,27,1,1,"(24, 48]",0.3715867158671587,"(7, 30]",False,False
CUS0005195,8.0,22.89,12.38,159,62,3,0,0,"(6, 12]",0.5408475316732198,"(-1, 7]",False,False
CUS0001064,22.0,29.78,8.02,499,88,26,1,0,"(12, 24]",0.2693082605775688,"(7, 30]",False,False
CUS0005885,65.0,26.59,11.38,312,258,25,2,0,"(48, 72]",0.4279804437758556,"(7, 30]",False,False
CUS0002331,28.0,56.63,2.8,992,184,43,0,0,"(24, 48]",0.04944375772558714,"(30, 60]",False,True
CUS0005229,1.0,47.44,7.52,186,229,47,0,0,"(0, 6]",0.15851602023608768,"(30, 60]",False,True
CUS0006078,19.0,15.74,9.48,118,127,32,0,0,"(12, 24]",0.602287166454892,"(30, 60]",False,False
CUS0007510,27.0,52.08,8.218195789745577,794,162,0,0,0,"(24, 48]",0.1577994583284481,"(-1, 7]",False,True
CUS0001236,47.0,30.14,18.41,949,103,18,3,0,"(24, 48]",0.6108161911081619,"(7, 30]",False,True
CUS0004129,12.0,57.13,1.94,640,206,21,6,1,"(6, 12]",0.03395764046910554,"(7, 30]",False,True
CUS0004296,45.0,65.74,9.31,486,112,47,1,0,"(24, 48]",0.1416184971098266,"(30, 60]",False,True
CUS0003980,59.0,20.48,13.27,781,266,21,2,0,"(48, 72]",0.64794921875,"(7, 30]",False,False
CUS0005530,59.0,59.83,10.05,77,44,4,1,0,"(48, 72]",0.1679759318067859,"(-1, 7]",False,True
CUS0003661,12.0,55.52662624177525,0.4,788,184,8,2,0,"(6, 12]",0.007203751192415532,"(7, 30]",False,True
CUS0006304,58.0,100.37,4.03,741,90,34,3,0,"(48, 72]",0.040151439673209124,"(30, 60]",True,False
CUS0000455,47.0,32.1,8.218195789745577,599,200,5,0,0,"(24, 48]",0.25601856042821114,"(-1, 7]",False,True
CUS0001044,56.0,14.42,8.44,890,151,40,1,0,"(48, 72]",0.5852981969486823,"(30, 60]",False,False
CUS0002354,11.0,23.57,10.63,551,270,26,0,0,"(6, 12]",0.45099703012303777,"(7, 30]",False,False
CUS0002476,69.0,14.65,10.02,21,42,67,2,0,"(48, 72]",0.6839590443686007,,False,False
CUS0000797,15.0,15.22,4.87,174,63,21,4,0,"(12, 24]",0.3199737187910644,"(7, 30]",False,False
CUS0000310,72.0,11.51,2.98,529,299,15,0,1,"(48, 72]",0.2589052997393571,"(7, 30]",False,False
CUS0005426,3.0,21.2,0.0,393,177,0,0,0,"(0, 6]",0.0,"(-1, 7]",False,False
CUS0002840,22.0,49.68,0.0,34,240,5,0,0,"(12, 24]",0.0,"(-1, 7]",False,True
CUS0003998,11.0,20.46,2.1,313,280,16,0,0,"(6, 12]",0.10263929618768329,"(7, 30]",False,False
CUS0002408,3.0,10.58,5.18,629,264,26,0,0,"(0, 6]",0.48960302457466914,"(7, 30]",False,False
CUS0001266,12.0,20.49,5.68,623,196,31,5,1,"(6, 12]",0.2772083943387018,"(30, 60]",False,False
CUS0001910,68.0,69.21,1.95,173,290,25,0,0,"(48, 72]",0.028175119202427396,"(7, 30]",False,True
CUS0005158,5.0,46.25,7.71,625,34,32,2,0,"(0, 6]",0.1667027027027027,"(30, 60]",False,True
CUS0005832,24.0,86.43,9.24,314,200,25,0,0,"(12, 24]",0.10690732384588685,"(7, 30]",True,False
CUS0004407,72.0,79.88,11.51,576,155,25,0,0,"(48, 72]",0.1440911367050576,"(7, 30]",True,False
CUS0007175,54.0,20.36,8.218195789745577,270,104,22,2,0,"(48, 72]",0.40364419399536233,"(7, 30]",False,False
CUS0005460,43.0,16.74,0.0,470,233,26,3,1,"(24, 48]",0.0,"(7, 30]",False,False
CUS0006137,37.0,11.46,12.51,358,47,13,0,0,"(24, 48]",1.0916230366492146,"(7, 30]",False,False
CUS0002546,4.0,16.9,0.99,427,222,43,0,1,"(0, 6]",0.058579881656804736,"(30, 60]",False,False
CUS0005068,29.0,25.74,26.36,385,36,6,6,0,"(24, 48]",1.0240870240870241,"(-1, 7]",False,False
CUS0002687,28.0,14.7,9.78,661,184,30,0,0,"(24, 48]",0.6653061224489796,"(7, 30]",False,False
CUS0003084,40.0,11.57,4.87,150,121,7,1,0,"(24, 48]",0.4209161624891962,"(-1, 7]",False,False
CUS0003826,10.0,86.86,0.0,430,0,21,2,0,"(6, 12]",0.0,"(7, 30]",True,False
CUS0005109,49.0,22.03,9.57,831,158,1,4,0,"(48, 72]",0.4344076259645937,"(-1, 7]",False,False
CUS0000004,51.0,49.62,11.84,682,91,15,1,0,"(48, 72]",0.23861346231358324,"(7, 30]",False,True
CUS0002685,66.0,28.85,0.0,621,213,10,1,0,"(48, 72]",0.0,"(7, 30]",False,False
CUS0006610,30.0,13.52,6.38,443,73,7,3,1,"(24, 48]",0.4718934911242604,"(-1, 7]",False,False
CUS0004018,42.0,55.52662624177525,8.53,98,191,8,0,0,"(24, 48]",0.1536199941782612,"(7, 30]",False,False
CUS0007458,12.0,28.24,4.78,707,221,1,0,0,"(6, 12]",0.16926345609065158,"(-1, 7]",False,False
CUS0007648,32.0,88.09,4.95,0,259,19,0,0,"(24, 48]",0.05619253036667045,"(7, 30]",True,False
CUS0007884,12.0,69.68,10.81,901,251,56,0,0,"(6, 12]",0.1551377726750861,"(30, 60]",True,False
CUS0007428,37.0,24.06,5.03,89,79,20,0,0,"(24, 48]",0.2090606816292602,"(7, 30]",False,False
CUS0007562,47.0,45.03,2.93,452,62,16,2,1,"(24, 48]",0.06506773262269598,"(7, 30]",False,True
CUS0001545,12.0,60.49,19.24,954,291,46,0,0,"(6, 12]",0.31806910233096375,"(30, 60]",True,False
CUS0003458,11.0,12.0,8.56,48,210,22,1,0,"(6, 12]",0.7133333333333334,"(7, 30]",False,False
CUS0006111,47.0,84.01,15.58,668,199,23,0,0,"(24, 48]",0.18545411260564218,"(7, 30]",True,False
CUS0006005,38.0,29.68,8.218195789745577,173,91,12,2,0,"(24, 48]",0.2768933891423712,"(7, 30]",False,False
CUS0006443,38.0,68.9,3.75,668,126,38,1,0,"(24, 48]",0.054426705370101594,"(30, 60]",True,False
CUS0000831,44.0,28.92,0.0,114,48,7,2,0,"(24, 48]",0.0,"(-1, 7]",False,False
CUS0007830,33.0,10.36,10.98,651,297,26,1,0,"(24, 48]",1.0598455598455598,"(7, 30]",False,False
CUS0004216,5.0,29.46,4.25,821,21,1,1,0,"(0, 6]",0.14426340801086218,"(-1, 7]",False,False
CUS0007508,68.0,45.21,7.48,912,278,3,1,0,"(48, 72]",0.16545012165450124,"(-1, 7]",False,True
CUS0002466,49.0,66.93,14.74,785,155,4,1,0,"(48, 72]",0.220230091139997,"(-1, 7]",False,True
CUS0001838,18.0,117.21,8.72,269,212,17,0,0,"(12, 24]",0.07439638256121492,"(7, 30]",True,False
CUS0000179,22.0,46.26,0.0,950,24,3,1,0,"(12, 24]",0.0,"(-1, 7]",False,True
CUS0007858,4.0,19.96,3.57,324,133,31,0,0,"(0, 6]",0.1788577154308617,"(30, 60]",False,False
CUS0000278,56.0,61.92,8.77,513,186,56,1,0,"(48, 72]",0.1416343669250646,"(30, 60]",False,True
CUS0000184,50.0,11.77,12.3,398,265,5,2,1,"(48, 72]",1.0450297366185217,"(-1, 7]",False,False
CUS0007258,9.0,67.11,11.76,276,112,42,1,0,"(6, 12]",0.17523468931604827,"(30, 60]",False,True
CUS0001444,4.0,104.35,9.38,952,57,9,5,0,"(0, 6]",0.0898897939626258,"(7, 30]",True,False
CUS0006932,3.0,33.36,0.98,518,14,28,2,0,"(0, 6]",0.029376498800959234,"(7, 30]",False,True
CUS0006977,72.0,28.8,2.99,857,137,21,0,0,"(48, 72]",0.10381944444444445,"(7, 30]",False,False
CUS0005638,46.0,15.6,8.81,752,72,21,0,0,"(24, 48]",0.5647435897435897,"(7, 30]",False,False
CUS0005913,50.0,18.64,10.93,112,188,64,0,0,"(48, 72]",0.5863733905579399,,False,False
CUS0007158,3.0,24.93,10.94,263,69,17,0,0,"(0, 6]",0.4388287204171681,"(7, 30]",False,False
CUS0005380,68.0,56.35,13.97,429,172,37,0,0,"(48, 72]",0.2479148181011535,"(30, 60]",False,True
CUS0002463,55.0,63.29,14.59,849,295,47,3,0,"(48, 72]",0.23052614947069047,"(30, 60]",True,False
CUS0000242,54.0,15.56,8.85,25,179,11,0,0,"(48, 72]",0.5687660668380462,"(7, 30]",False,False
CUS0007338,60.0,59.2,23.18,785,111,20,0,0,"(48, 72]",0.391554054054054,"(7, 30]",False,True
CUS0001209,22.0,22.75,5.74,178,166,24,6,1,"(12, 24]",0.25230769230769234,"(7, 30]",False,False
CUS0000102,64.0,18.46,8.218195789745577,330,28,10,1,0,"(48, 72]",0.44518937105880696,"(7, 30]",False,False
CUS0003923,17.0,99.23,14.37,896,238,19,1,0,"(12, 24]",0.1448150760858611,"(7, 30]",True,False
CUS0006227,27.0,111.07,1.68,109,101,23,4,0,"(24, 48]",0.015125596470694157,"(7, 30]",True,False
CUS0004857,45.0,48.36,4.91,211,246,45,0,0,"(24, 48]",0.10153019023986766,"(30, 60]",False,True
CUS0007597,49.0,29.74,3.26,335,227,35,3,0,"(48, 72]",0.10961667787491594,"(30, 60]",False,False
CUS0003477,14.0,19.01,18.68,809,239,0,0,0,"(12, 24]",0.9826407154129405,"(-1, 7]",False,False
CUS0001355,71.0,13.19,20.75,206,139,21,2,0,"(48, 72]",1.573161485974223,"(7, 30]",False,False
CUS0002054,16.0,68.46,7.72,199,69,4,1,0,"(12, 24]",0.11276657902424775,"(-1, 7]",False,True
CUS0005043,50.0,12.08,9.29,662,171,1,1,0,"(48, 72]",0.7690397350993377,"(-1, 7]",False,False
CUS0007715,72.0,66.68,6.32,276,70,27,3,0,"(48, 72]",0.09478104379124175,"(7, 30]",True,False
CUS0002975,42.0,62.29,11.84,322,177,25,0,0,"(24, 48]",0.1900786643120886,"(7, 30]",False,True
CUS0000922,65.0,18.43,13.02,903,239,18,3,0,"(48, 72]",0.7064568638090071,"(7, 30]",False,False
CUS0004893,68.0,17.15,9.84,582,136,11,7,1,"(48, 72]",0.5737609329446065,"(7, 30]",False,False
CUS0000730,47.0,84.03,13.9,296,39,22,3,0,"(24, 48]",0.16541711293585623,"(7, 30]",True,False
CUS0003961,44.0,53.64,0.0,876,258,10,0,0,"(24, 48]",0.0,"(7, 30]",False,True
CUS0001412,55.0,25.07,8.218195789745577,342,11,7,0,0,"(48, 72]",0.3278099636914869,"(-1, 7]",False,False
CUS0003512,24.0,43.73,8.218195789745577,303,29,21,1,1,"(12, 24]",0.18793038622788882,"(7, 30]",False,True
CUS0006672,65.0,11.64,8.218195789745577,478,265,19,5,0,"(48, 72]",0.7060305661293451,"(7, 30]",False,False
CUS0000599,22.0,67.44,6.11,814,144,31,0,0,"(12, 24]",0.09059905100830369,"(30, 60]",False,True
CUS0000315,19.0,46.18,6.52,691,111,43,0,0,"(12, 24]",0.1411866608921611,"(30, 60]",False,True
CUS0003096,21.0,14.93,13.27,199,44,1,0,0,"(12, 24]",0.8888144675150703,"(-1, 7]",False,False
CUS0001923,15.0,14.97,8.218195789745577,658,69,18,0,0,"(12, 24]",0.5489776746657032,"(7, 30]",False,False
CUS0000579,24.0,29.03,2.18,891,12,2,4,1,"(12, 24]",0.07509472959007923,"(-1, 7]",False,False
CUS0000832,25.0,73.4,18.65,841,191,50,1,0,"(24, 48]",0.2540871934604904,"(30, 60]",True,False
CUS0004978,10.0,17.54,0.67,869,94,12,0,0,"(6, 12]",0.03819840364880274,"(7, 30]",False,False
CUS0001321,23.0,25.74,0.0,144,266,32,2,0,"(12, 24]",0.0,"(30, 60]",False,False
CUS0000557,59.0,28.09,5.67,385,213,58,2,0,"(48, 72]",0.20185119259522963,"(30, 60]",False,False
CUS0004184,66.0,15.08,10.02,600,295,23,1,0,"(48, 72]",0.6644562334217506,"(7, 30]",False,False
CUS0003481,65.0,22.87,12.43,269,219,35,1,0,"(48, 72]",0.5435067774376913,"(30, 60]",False,False
CUS0007160,18.0,62.86,5.99,420,98,24,0,0,"(12, 24]",0.09529112313076679,"(7, 30]",False,True
CUS0005557,46.0,22.8,10.85,866,179,1,4,0,"(24, 48]",0.4758771929824561,"(-1, 7]",False,False
CUS0001131,42.0,19.27,10.62,268,16,30,0,0,"(24, 48]",0.5511157239231966,"(7, 30]",False,False
CUS0005164,44.0,19.79,2.48,837,8,13,2,1,"(24, 48]",0.12531581606872158,"(7, 30]",False,False
CUS0006482,62.0,29.34,13.97,263,137,15,1,0,"(48, 72]",0.47614178595773693,"(7, 30]",False,False
CUS0005598,64.0,116.77,9.61,928,300,16,0,0,"(48, 72]",0.08229853558276955,"(7, 30]",True,False
CUS0001697,23.0,56.38,9.91,425,184,14,0,0,"(12, 24]",0.17577155019510465,"(7, 30]",False,True
CUS0006547,38.0,54.73,13.7,519,134,6,1,0,"(24, 48]",0.2503197515074,"(-1, 7]",False,True
CUS0001014,66.0,27.1,13.1,32,228,16,0,0,"(48, 72]",0.48339483394833943,"(7, 30]",False,False
CUS0007389,19.0,69.69,0.39,61,147,29,0,0,"(12, 24]",0.005596211795092553,"(7, 30]",False,True
CUS0007321,21.0,34.79,8.88,72,131,4,0,0,"(12, 24]",0.25524576027594137,"(-1, 7]",False,True
CUS0004998,69.0,93.23,15.87,738,266,67,0,0,"(48, 72]",0.17022417676713503,,True,False
CUS0002152,71.0,18.85,8.218195789745577,946,139,23,2,0,"(48, 72]",0.43597855648517647,"(7, 30]",False,False
CUS0002756,47.0,22.22,8.218195789745577,217,295,14,0,0,"(24, 48]",0.3698557961181628,"(7, 30]",False,False
CUS0003576,59.0,25.73,5.2,943,15,0,0,0,"(48, 72]",0.20209871745044694,"(-1, 7]",False,False
CUS0000424,62.0,18.36,20.84,317,240,25,1,0,"(48, 72]",1.1350762527233116,"(7, 30]",False,False
CUS0005815,60.0,18.87,2.29,505,129,25,1,0,"(48, 72]",0.12135665076841547,"(7, 30]",False,False
CUS0007356,42.0,21.46,5.45,943,76,36,0,0,"(24, 48]",0.25396085740913327,"(30, 60]",False,False
CUS0005471,35.0,21.29,1.16,547,232,25,2,0,"(24, 48]",0.05448567402536402,"(7, 30]",False,False
CUS0003016,35.0,18.81,1.35,43,208,44,0,0,"(24, 48]",0.07177033492822968,"(30, 60]",False,False
CUS0001862,48.0,56.18,13.43,379,145,38,0,1,"(24, 48]",0.23905304378782485,"(30, 60]",False,True
CUS0002784,28.0,48.79,3.04,447,254,12,1,0,"(24, 48]",0.062307849969256,"(7, 30]",False,True
CUS0006080,41.0,13.8,8.218195789745577,745,68,38,4,1,"(24, 48]",0.5955214340395345,"(30, 60]",False,False
CUS0000827,16.0,17.71,14.97,361,227,38,1,0,"(12, 24]",0.8452851496329757,"(30, 60]",False,False
CUS0002898,33.0,12.99,9.83,827,73,29,0,0,"(24, 48]",0.7567359507313318,"(7, 30]",False,False
CUS0004763,3.0,23.85,9.34,989,274,1,1,0,"(0, 6]",0.39161425576519915,"(-1, 7]",False,False
CUS0000043,24.0,26.34,8.53,812,168,6,1,0,"(12, 24]",0.32384206529992404,"(-1, 7]",False,False
CUS0006614,22.0,55.52662624177525,18.12,612,41,6,0,0,"(12, 24]",0.3263299290164236,"(-1, 7]",False,False
CUS0006580,48.0,79.07,10.46,177,22,15,4,0,"(24, 48]",0.13228784621221704,"(7, 30]",True,False
CUS0006797,52.0,37.9,3.02,436,276,11,2,0,"(48, 72]",0.07968337730870713,"(7, 30]",False,True
CUS0002508,37.0,41.63,15.05,306,175,14,3,0,"(24, 48]",0.3615181359596445,"(7, 30]",False,True
CUS0000048,20.0,11.23,8.218195789745577,762,187,19,2,0,"(12, 24]",0.7318072831474245,"(7, 30]",False,False
CUS0000499,64.0,59.23,18.77,449,6,30,4,0,"(48, 72]",0.31690021948336994,"(7, 30]",False,True
CUS0002712,50.0,32.22,0.33,800,15,24,2,0,"(48, 72]",0.010242085661080076,"(7, 30]",False,True
CUS0006090,6.0,103.04,11.99,559,76,11,0,0,"(0, 6]",0.11636257763975155,"(7, 30]",True,False
CUS0003527,61.0,27.51,0.0,448,18,22,0,0,"(48, 72]",0.0,"(7, 30]",False,False
CUS0001822,33.0,20.33,11.67,461,239,28,0,0,"(24, 48]",0.574028529267093,"(7, 30]",False,False
CUS0006036,63.0,17.03,8.218195789745577,828,179,31,0,0,"(48, 72]",0.4825716846591648,"(30, 60]",False,False
CUS0006155,69.0,20.42,1.68,589,18,10,6,0,"(48, 72]",0.08227228207639568,"(7, 30]",False,False
CUS0006423,38.0,12.32,0.0,949,211,30,0,0,"(24, 48]",0.0,"(7, 30]",False,False
CUS0003847,61.0,10.32,0.0,8,290,37,0,0,"(48, 72]",0.0,"(30, 60]",False,False
CUS0007741,63.0,95.26,0.0,312,100,51,0,0,"(48, 72]",0.0,"(30, 60]",True,False
CUS0007274,33.0,15.62,0.0,264,263,17,0,0,"(24, 48]",0.0,"(7, 30]",False,False
CUS0005221,40.0,74.96,4.87,708,122,1,1,0,"(24, 48]",0.06496798292422626,"(-1, 7]",True,False
CUS0001173,48.0,83.56,13.17,847,87,56,0,0,"(24, 48]",0.15761129727142173,"(30, 60]",True,False
CUS0005026,17.0,15.42,1.19,258,202,57,5,1,"(12, 24]",0.07717250324254216,"(30, 60]",False,False
CUS0003768,2.0,14.3,13.94,747,243,12,1,0,"(0, 6]",0.9748251748251747,"(7, 30]",False,False
CUS0001364,3.0,63.1,4.48,316,258,34,0,0,"(0, 6]",0.07099841521394612,"(30, 60]",False,True
CUS0006075,33.0,21.12,11.04,563,251,11,0,0,"(24, 48]",0.5227272727272727,"(7, 30]",False,False
CUS0004395,11.0,23.0,3.33,332,45,60,0,0,"(6, 12]",0.14478260869565218,"(30, 60]",False,False
CUS0007713,58.0,10.98,8.47,772,295,49,2,0,"(48, 72]",0.7714025500910747,"(30, 60]",False,False
CUS0004901,68.0,18.63,6.09,151,66,47,0,0,"(48, 72]",0.32689210950080516,"(30, 60]",False,False
CUS0005510,6.0,20.48,13.47,458,278,2,1,0,"(0, 6]",0.65771484375,"(-1, 7]",False,False
CUS0004650,6.0,51.42,18.95,543,90,8,3,0,"(0, 6]",0.36853364449630494,"(7, 30]",False,True
CUS0003476,36.0,29.64,4.22,427,144,29,4,0,"(24, 48]",0.14237516869095815,"(7, 30]",False,False
CUS0001789,55.0,14.51,18.66,151,204,34,3,0,"(48, 72]",1.2860096485182633,"(30, 60]",False,False
CUS0000417,69.0,97.83,2.4,999,53,59,3,0,"(48, 72]",0.024532352039251762,"(30, 60]",True,False
CUS0002432,50.0,61.85,1.28,680,203,9,0,0,"(48, 72]",0.020695230396119646,"(7, 30]",False,True
CUS0007776,24.0,30.54,4.04,740,153,31,0,0,"(12, 24]",0.13228552717747216,"(30, 60]",False,True
CUS0001445,48.0,36.48,13.91,257,154,34,1,1,"(24, 48]",0.3813048245614035,"(30, 60]",False,True
CUS0004544,11.0,72.87,9.08,504,158,64,5,1,"(6, 12]",0.12460546178125428,,True,False
CUS0001864,7.0,65.4,0.0,483,272,12,0,1,"(6, 12]",0.0,"(7, 30]",False,True
CUS0006670,9.0,53.84,0.0,1,36,23,4,0,"(6, 12]",0.0,"(7, 30]",False,True
CUS0002680,30.0,24.09,11.73,434,276,56,2,1,"(24, 48]",0.48692403486924035,"(30, 60]",False,False
CUS0005673,45.0,86.03,3.88,363,233,37,1,0,"(24, 48]",0.045100546321050795,"(30, 60]",True,False
CUS0006658,4.0,58.08,6.31,900,181,18,4,0,"(0, 6]",0.10864325068870523,"(7, 30]",False,True
CUS0002287,72.0,17.06,14.96,986,182,34,4,1,"(48, 72]",0.8769050410316531,"(30, 60]",False,False
CUS0000412,20.0,34.62,1.73,979,288,54,0,0,"(12, 24]",0.04997111496244946,"(30, 60]",False,True
CUS0002838,33.0,25.5,12.08,770,273,10,3,0,"(24, 48]",0.47372549019607846,"(7, 30]",False,False
CUS0001089,13.0,14.67,2.82,208,161,34,0,1,"(12, 24]",0.19222903885480572,"(30, 60]",False,False
CUS0000130,70.0,40.37,4.74,207,227,30,5,0,"(48, 72]",0.11741392122863514,"(7, 30]",False,True
CUS0005664,10.0,47.57,8.218195789745577,850,93,16,0,0,"(6, 12]",0.17276005444073106,"(7, 30]",False,True
CUS0000302,27.0,52.49,16.3,181,249,7,8,0,"(24, 48]",0.31053534006477423,"(-1, 7]",False,True
CUS0007100,50.0,46.01,13.9,625,193,33,5,0,"(48, 72]",0.30210823733970876,"(30, 60]",False,True
CUS0005266,11.0,66.55,12.99,536,213,47,1,0,"(6, 12]",0.19519158527422992,"(30, 60]",False,True
CUS0007551,56.0,45.11,0.0,34,262,90,0,0,"(48, 72]",0.0,,False,True
CUS0006808,50.0,20.68,19.17,344,46,30,0,0,"(48, 72]",0.926982591876209,"(7, 30]",False,False
CUS0001516,24.0,16.4,7.61,603,209,11,0,0,"(12, 24]",0.4640243902439025,"(7, 30]",False,False
CUS0004335,37.0,107.44,4.34,812,174,4,0,0,"(24, 48]",0.04039463886820551,"(-1, 7]",True,False
CUS0004910,25.0,26.15,12.74,469,203,49,1,0,"(24, 48]",0.48718929254302107,"(30, 60]",False,False
CUS0006480,24.0,55.55,6.22,720,14,50,1,1,"(12, 24]",0.11197119711971197,"(30, 60]",False,True
CUS0006444,63.0,11.31,9.44,845,103,50,2,0,"(48, 72]",0.8346595932802828,"(30, 60]",False,False
CUS0005256,4.0,29.69,8.218195789745577,692,82,13,0,0,"(0, 6]",0.2768001276438389,"(7, 30]",False,False
CUS0002554,15.0,55.52662624177525,8.31,789,286,22,0,0,"(12, 24]",0.1496579310224327,"(7, 30]",False,True
CUS0003926,18.0,24.98,7.74,890,165,19,0,0,"(12, 24]",0.3098478783026421,"(7, 30]",False,False
CUS0003611,24.0,65.72,13.59,761,236,56,0,0,"(12, 24]",0.20678636640292147,"(30, 60]",True,False
CUS0002451,69.0,56.6,0.76,924,289,5,1,0,"(48, 72]",0.01342756183745583,"(-1, 7]",False,True
CUS0002482,12.0,21.45,17.99,449,266,1,1,0,"(6, 12]",0.8386946386946387,"(-1, 7]",False,False
CUS0005696,30.0,15.0,3.31,560,245,17,1,0,"(24, 48]",0.22066666666666668,"(7, 30]",False,False
CUS0003793,50.0,23.65,10.34,324,123,67,0,0,"(48, 72]",0.4372093023255814,,False,False
CUS0000493,27.0,112.07,8.24,305,179,2,3,0,"(24, 48]",0.07352547514946016,"(-1, 7]",True,False
CUS0003078,66.0,100.25,9.24,163,140,10,0,0,"(48, 72]",0.09216957605985038,"(7, 30]",True,False
CUS0003385,70.0,60.82,7.59,670,160,24,2,0,"(48, 72]",0.12479447550147978,"(7, 30]",False,True
CUS0006615,19.0,55.52662624177525,4.56,755,299,13,4,0,"(12, 24]",0.08212276359353705,"(7, 30]",False,False
CUS0001109,39.0,32.31,0.0,884,225,24,0,0,"(24, 48]",0.0,"(7, 30]",False,True
CUS0003082,71.0,98.99,9.08,567,64,8,0,0,"(48, 72]",0.09172643701383978,"(7, 30]",True,False
CUS0001646,69.0,21.66,8.15,352,223,43,1,0,"(48, 72]",0.376269621421976,"(30, 60]",False,False
CUS0001926,35.0,18.53,0.0,393,90,28,2,0,"(24, 48]",0.0,"(7, 30]",False,False
CUS0003129,10.0,63.98,10.88,557,39,2,0,0,"(6, 12]",0.17005314160675214,"(-1, 7]",True,False
CUS0001214,51.0,59.21,3.93,882,251,54,0,0,"(48, 72]",0.06637392332376288,"(30, 60]",False,True
CUS0006733,18.0,10.4,8.218195789745577,459,257,21,3,0,"(12, 24]",0.7902111336293823,"(7, 30]",False,False
CUS0006299,33.0,31.62,15.71,808,178,0,0,0,"(24, 48]",0.49683744465528146,"(-1, 7]",False,True
CUS0007739,53.0,57.2,13.78,487,216,27,0,0,"(48, 72]",0.24090909090909088,"(7, 30]",False,True
CUS0004221,22.0,39.91,2.89,386,62,26,0,0,"(12, 24]",0.07241292909045353,"(7, 30]",False,True
CUS0000405,48.0,20.69,10.49,763,135,41,0,0,"(24, 48]",0.5070082165297245,"(30, 60]",False,False
CUS0001414,6.0,13.18,13.34,325,245,65,1,1,"(0, 6]",1.0121396054628224,,False,False
CUS0004688,31.0,60.34,9.18,168,16,2,1,0,"(24, 48]",0.1521378853165396,"(-1, 7]",False,True
CUS0007390,20.0,108.35,5.78,383,91,12,1,0,"(12, 24]",0.05334563913244117,"(7, 30]",True,False
CUS0007489,56.0,43.06,13.34,587,218,5,2,0,"(48, 72]",0.3098002786809103,"(-1, 7]",False,True
CUS0007409,64.0,61.71,12.89,660,114,37,0,0,"(48, 72]",0.2088802463134014,"(30, 60]",False,True
CUS0006834,62.0,22.38,12.33,622,63,18,0,0,"(48, 72]",0.5509383378016086,"(7, 30]",False,False
CUS0000543,54.0,37.86,13.67,688,179,17,0,0,"(48, 72]",0.36106708927628106,"(7, 30]",False,True
CUS0006956,4.0,61.29,7.09,260,227,29,1,1,"(0, 6]",0.11567955620819056,"(7, 30]",True,False
CUS0005399,20.0,98.51,5.61,418,51,5,3,0,"(12, 24]",0.056948533143843266,"(-1, 7]",True,False
CUS0006982,28.0,23.35,7.54,849,284,12,0,1,"(24, 48]",0.3229122055674518,"(7, 30]",False,False
CUS0004579,55.0,109.42,0.0,41,265,17,3,0,"(48, 72]",0.0,"(7, 30]",True,False
CUS0000873,23.0,55.52662624177525,8.15,219,166,27,0,0,"(12, 24]",0.14677643054546646,"(7, 30]",False,True
CUS0001609,17.0,39.64,4.57,838,229,29,0,1,"(12, 24]",0.11528758829465187,"(7, 30]",False,True
CUS0000498,35.0,24.02,2.23,166,146,6,3,1,"(24, 48]",0.09283930058284763,"(-1, 7]",False,False
CUS0007470,36.0,104.1,16.79,869,164,3,7,0,"(24, 48]",0.16128722382324687,"(-1, 7]",True,False
CUS0004252,40.0,27.83,4.54,882,34,31,3,0,"(24, 48]",0.16313330937836867,"(30, 60]",False,False
CUS0005927,25.0,21.23,15.68,731,57,24,0,0,"(24, 48]",0.7385774846914743,"(7, 30]",False,False
CUS0002527,58.0,11.02,6.13,650,180,52,5,1,"(48, 72]",0.5562613430127041,"(30, 60]",False,False
CUS0006602,9.0,27.31,11.18,69,74,30,3,1,"(6, 12]",0.40937385573050167,"(7, 30]",False,False
CUS0003011,22.0,84.48,0.0,945,13,31,0,0,"(12, 24]",0.0,"(30, 60]",True,False
CUS0002400,59.0,103.48,12.25,263,245,20,2,0,"(48, 72]",0.11838036335523772,"(7, 30]",True,False
CUS0007507,30.0,25.86,13.11,115,161,25,0,0,"(24, 48]",0.5069605568445475,"(7, 30]",False,False
CUS0000924,19.0,91.28,6.98,928,162,33,1,0,"(12, 24]",0.07646801051709028,"(30, 60]",True,False
CUS0005498,32.0,28.19,1.91,89,48,48,0,0,"(24, 48]",0.06775452288045405,"(30, 60]",False,False
CUS0007462,64.0,20.6,0.0,98,291,17,3,0,"(48, 72]",0.0,"(7, 30]",False,False
CUS0004863,33.0,16.71,15.97,477,184,5,0,0,"(24, 48]",0.9557151406343507,"(-1, 7]",False,False
CUS0004244,10.0,25.81,9.47,731,105,5,2,0,"(6, 12]",0.36691204959318097,"(-1, 7]",False,False
CUS0000131,66.0,11.35,4.15,811,113,35,1,1,"(48, 72]",0.36563876651982385,"(30, 60]",False,False
CUS0002521,11.0,31.69,4.73,553,63,0,0,0,"(6, 12]",0.14925844114862732,"(-1, 7]",False,True
CUS0007430,42.0,45.68,5.7,117,280,58,0,1,"(24, 48]",0.12478108581436077,"(30, 60]",False,True
CUS0006193,52.0,61.3,3.95,381,13,22,0,0,"(48, 72]",0.06443719412724307,"(7, 30]",True,False
CUS0005722,48.0,22.3,11.9,277,55,27,0,0,"(24, 48]",0.5336322869955157,"(7, 30]",False,False
CUS0005977,8.0,25.08,12.24,714,186,32,0,1,"(6, 12]",0.48803827751196177,"(30, 60]",False,False
CUS0005128,59.0,76.58,13.32,13,137,58,1,0,"(48, 72]",0.17393575346043355,"(30, 60]",True,False
CUS0005974,65.0,10.6,12.35,1,266,11,1,0,"(48, 72]",1.1650943396226414,"(7, 30]",False,False
CUS0006402,31.0,91.43,5.65,53,54,14,5,0,"(24, 48]",0.06179590943891502,"(7, 30]",True,False
CUS0001287,4.0,78.1,13.76,21,277,15,0,0,"(0, 6]",0.17618437900128042,"(7, 30]",True,False
CUS0001273,26.0,14.22,12.84,776,211,25,1,0,"(24, 48]",0.9029535864978903,"(7, 30]",False,False
CUS0005004,27.0,13.01,17.14,995,174,66,0,0,"(24, 48]",1.3174481168332053,,False,False
CUS0005371,63.0,43.96,10.59,970,11,22,0,0,"(48, 72]",0.2409008189262966,"(7, 30]",False,True
CUS0000818,48.0,26.73,17.29,363,149,5,1,0,"(24, 48]",0.646838757949869,"(-1, 7]",False,False
CUS0007967,23.0,94.33,0.0,541,130,33,0,0,"(12, 24]",0.0,"(30, 60]",True,False
CUS0003389,4.0,55.52662624177525,1.03,306,81,31,2,0,"(0, 6]",0.018549659320469994,"(30, 60]",True,False
CUS0007955,1.0,55.52662624177525,13.02,496,58,3,1,0,"(0, 6]",0.23448210131312555,"(-1, 7]",False,True
CUS0006394,33.0,36.71,8.218195789745577,539,188,8,0,0,"(24, 48]",0.2238680411262756,"(7, 30]",False,True
CUS0000066,6.0,62.9,0.0,14,47,45,1,1,"(0, 6]",0.0,"(30, 60]",True,False
CUS0007867,50.0,42.17,7.56,124,126,4,0,0,"(48, 72]",0.17927436566279345,"(-1, 7]",False,True
CUS0001851,36.0,12.03,2.98,414,30,13,0,0,"(24, 48]",0.24771404821280135,"(7, 30]",False,False
CUS0000054,53.0,61.47,10.42,873,243,52,0,0,"(48, 72]",0.16951358386204654,"(30, 60]",False,True
CUS0004140,12.0,46.21,0.0,516,191,7,1,0,"(6, 12]",0.0,"(-1, 7]",False,True
CUS0006178,46.0,42.74,13.53,162,154,4,1,0,"(24, 48]",0.3165652784277024,"(-1, 7]",False,True
CUS0000918,38.0,69.49,8.24,618,161,17,0,0,"(24, 48]",0.11857821269247375,"(7, 30]",True,False
CUS0002486,28.0,59.24,7.15,336,13,0,3,0,"(24, 48]",0.12069547602970966,"(-1, 7]",False,True
CUS0004947,7.0,57.33,0.32,324,75,23,1,1,"(6, 12]",0.005581719867434154,"(7, 30]",False,True
CUS0005242,46.0,17.53,8.218195789745577,202,289,43,0,1,"(24, 48]",0.46880751795468206,"(30, 60]",False,False
CUS0002394,48.0,10.08,12.62,901,28,10,0,0,"(24, 48]",1.251984126984127,"(7, 30]",False,False
CUS0006372,54.0,55.52662624177525,9.62,779,203,12,1,0,"(48, 72]",0.17325021617759354,"(7, 30]",False,False
CUS0003669,37.0,28.28,9.11,13,131,45,1,0,"(24, 48]",0.32213578500707213,"(30, 60]",False,False
CUS0003815,60.0,84.88,2.17,521,251,44,6,0,"(48, 72]",0.02556550424128181,"(30, 60]",True,False
CUS0003832,4.0,25.99,11.69,171,120,17,3,0,"(0, 6]",0.4497883801462101,"(7, 30]",False,False
CUS0000266,31.0,62.67,8.218195789745577,460,8,21,1,0,"(24, 48]",0.13113444694025175,"(7, 30]",True,False
CUS0000824,23.0,18.89,14.83,25,84,3,0,0,"(12, 24]",0.7850714663843303,"(-1, 7]",False,False
CUS0003947,13.0,28.81,8.16,17,217,19,0,0,"(12, 24]",0.28323498785144047,"(7, 30]",False,False
CUS0007654,14.0,33.69,6.16,288,250,46,0,0,"(12, 24]",0.18284357376075988,"(30, 60]",False,True
CUS0001816,68.0,27.59,20.98,590,114,19,2,0,"(48, 72]",0.760420442189199,"(7, 30]",False,False
CUS0005845,21.0,32.0,14.2,390,61,17,0,0,"(12, 24]",0.44375,"(7, 30]",False,True
CUS0001715,66.0,15.54,5.76,261,65,36,0,1,"(48, 72]",0.37065637065637064,"(30, 60]",False,False
CUS0007733,62.0,20.95,17.42,351,9,13,0,0,"(48, 72]",0.8315035799522674,"(7, 30]",False,False
CUS0005918,56.0,21.03,14.25,686,52,61,0,0,"(48, 72]",0.6776034236804565,,False,False
CUS0007841,58.0,31.56,14.61,790,193,12,3,0,"(48, 72]",0.4629277566539924,"(7, 30]",False,True
CUS0002730,72.0,92.99,1.73,969,156,25,0,0,"(48, 72]",0.01860415098397677,"(7, 30]",True,False
CUS0001963,11.0,66.08,10.41,871,63,20,2,1,"(6, 12]",0.1575363196125908,"(7, 30]",True,False
CUS0006264,40.0,69.16,8.218195789745577,670,156,10,1,0,"(24, 48]",0.11882874189915525,"(7, 30]",False,True
CUS0001791,69.0,13.06,7.88,446,274,50,2,0,"(48, 72]",0.6033690658499234,"(30, 60]",False,False
CUS0000230,22.0,21.63,5.42,667,293,56,0,1,"(12, 24]",0.25057790106333794,"(30, 60]",False,False
CUS0000104,34.0,24.38,10.61,647,5,41,5,0,"(24, 48]",0.43519278096800657,"(30, 60]",False,False
CUS0001950,60.0,24.74,15.78,861,122,27,2,0,"(48, 72]",0.6378334680679062,"(7, 30]",False,False
CUS0001258,8.0,36.95,15.24,247,291,2,1,0,"(6, 12]",0.4124492557510149,"(-1, 7]",False,True
CUS0005648,59.0,20.11,8.75,63,166,35,2,0,"(48, 72]",0.4351069119840875,"(30, 60]",False,False
CUS0000382,49.0,55.52662624177525,4.5,564,271,9,1,0,"(48, 72]",0.08104220091467473,"(7, 30]",False,True
CUS0002744,14.0,36.87,5.67,898,289,7,2,0,"(12, 24]",0.15378356387306755,"(-1, 7]",False,True
CUS0002471,30.0,15.78,12.22,751,232,27,2,0,"(24, 48]",0.7743979721166033,"(7, 30]",False,False
CUS0002133,35.0,27.62,6.71,87,110,18,0,0,"(24, 48]",0.24293989862418536,"(7, 30]",False,False
CUS0003780,64.0,63.4,4.67,93,3,9,1,0,"(48, 72]",0.07365930599369085,"(7, 30]",False,True
CUS0004485,17.0,11.47,6.04,687,127,31,2,0,"(12, 24]",0.5265911072362685,"(30, 60]",False,False
CUS0004200,26.0,11.93,5.71,640,193,17,1,0,"(24, 48]",0.4786253143336128,"(7, 30]",False,False
CUS0004054,53.0,99.06,0.0,140,171,43,0,0,"(48, 72]",0.0,"(30, 60]",True,False
CUS0003673,13.0,19.18,9.72,410,281,56,0,0,"(12, 24]",0.5067778936392076,"(30, 60]",False,False
CUS0003734,67.0,28.21,8.18,388,108,64,8,1,"(48, 72]",0.28996809641970933,,False,False
CUS0005730,51.0,24.28,10.75,104,167,44,0,0,"(48, 72]",0.44275123558484347,"(30, 60]",False,False
CUS0006702,4.0,45.61,25.9,840,298,3,0,0,"(0, 6]",0.5678579258934444,"(-1, 7]",False,True
CUS0004132,17.0,25.17,16.06,189,20,33,2,0,"(12, 24]",0.6380611839491457,"(30, 60]",False,False
CUS0001038,37.0,15.29,7.71,216,223,46,0,0,"(24, 48]",0.5042511445389144,"(30, 60]",False,False
CUS0001395,6.0,13.69,11.03,535,262,27,1,0,"(0, 6]",0.8056975894813733,"(7, 30]",False,False
CUS0000755,33.0,31.99,5.02,580,15,14,3,1,"(24, 48]",0.15692403876211317,"(7, 30]",False,True
CUS0006167,48.0,72.93,11.95,854,37,10,3,0,"(24, 48]",0.1638557520910462,"(7, 30]",True,False
CUS0006593,34.0,35.76,10.76,411,75,24,0,0,"(24, 48]",0.30089485458612975,"(7, 30]",False,True
CUS0002880,34.0,46.44,15.69,140,106,11,0,1,"(24, 48]",0.33785529715762275,"(7, 30]",False,True
CUS0007931,11.0,26.33,4.14,75,273,12,0,0,"(6, 12]",0.15723509304975314,"(7, 30]",False,False
CUS0002594,62.0,10.71,0.0,160,120,32,2,0,"(48, 72]",0.0,"(30, 60]",False,False
CUS0005629,4.0,117.93,0.0,531,181,33,3,0,"(0, 6]",0.0,"(30, 60]",True,False
CUS0002662,8.0,13.62,14.41,298,88,1,6,0,"(6, 12]",1.0580029368575625,"(-1, 7]",False,False
CUS0005844,37.0,29.01,4.27,29,165,30,2,0,"(24, 48]",0.14719062392278523,"(7, 30]",False,False
CUS0004009,8.0,44.7,5.13,595,191,12,3,0,"(6, 12]",0.11476510067114093,"(7, 30]",False,True
CUS0005805,45.0,21.32,7.36,944,146,68,1,1,"(24, 48]",0.3452157598499062,,False,False
CUS0000954,53.0,58.74,11.93,32,130,24,4,0,"(48, 72]",0.2030983997276132,"(7, 30]",False,True
CUS0007835,4.0,19.12,0.0,7,241,49,1,1,"(0, 6]",0.0,"(30, 60]",False,False
CUS0005459,36.0,62.05,6.06,593,111,64,2,0,"(24, 48]",0.0976631748589847,,False,True
CUS0003034,24.0,22.58,0.0,409,210,16,2,0,"(12, 24]",0.0,"(7, 30]",False,False
CUS0000600,19.0,13.25,7.93,426,98,18,2,1,"(12, 24]",0.5984905660377359,"(7, 30]",False,False
CUS0003845,44.0,33.32,0.12,870,12,10,0,0,"(24, 48]",0.003601440576230492,"(7, 30]",False,True
CUS0003973,26.0,59.93,1.23,973,15,23,3,1,"(24, 48]",0.02052394460203571,"(7, 30]",False,True
CUS0003971,1.0,79.47,5.33,462,240,18,1,0,"(0, 6]",0.06706933434000252,"(7, 30]",True,False
CUS0003026,51.0,27.75,13.36,784,283,21,3,0,"(48, 72]",0.4814414414414414,"(7, 30]",False,False
CUS0006705,17.0,21.8,10.96,662,163,64,2,0,"(12, 24]",0.5027522935779817,,False,False
CUS0005052,22.0,11.86,4.59,140,146,35,0,0,"(12, 24]",0.38701517706576727,"(30, 60]",False,False
CUS0006810,47.0,106.53,1.57,840,187,61,0,0,"(24, 48]",0.01473763259175819,,True,False
CUS0003992,53.0,25.55,0.0,513,159,21,0,0,"(48, 72]",0.0,"(7, 30]",False,False
CUS0000697,44.0,55.52662624177525,12.9,582,282,21,5,0,"(24, 48]",0.2323209759554009,"(7, 30]",False,False
CUS0004683,57.0,46.59,7.61,949,131,56,3,0,"(48, 72]",0.16333977248336554,"(30, 60]",False,True
CUS0001712,5.0,36.44,11.64,692,33,13,2,0,"(0, 6]",0.3194291986827662,"(7, 30]",False,True
CUS0003246,43.0,26.31,8.6,152,215,46,0,0,"(24, 48]",0.32687191182060055,"(30, 60]",False,False
CUS0005922,38.0,27.55,4.43,695,144,58,7,1,"(24, 48]",0.16079854809437386,"(30, 60]",False,False
CUS0002235,59.0,61.2,9.04,511,207,70,0,0,"(48, 72]",0.14771241830065357,,False,True
CUS0006882,60.0,66.65,3.44,940,140,26,0,0,"(48, 72]",0.051612903225806445,"(7, 30]",True,False
CUS0003553,30.0,69.9,13.83,606,175,39,0,0,"(24, 48]",0.19785407725321888,"(30, 60]",False,True
CUS0003688,2.0,15.84,8.218195789745577,948,154,81,1,1,"(0, 6]",0.5188254917768672,,False,False
CUS0007320,45.0,35.8,13.5,408,156,28,0,1,"(24, 48]",0.3770949720670391,"(7, 30]",False,True
CUS0006240,6.0,23.02,9.42,49,105,8,4,1,"(0, 6]",0.40920938314509125,"(7, 30]",False,False
CUS0005482,28.0,60.91,10.37,86,153,13,6,1,"(24, 48]",0.17025119028074207,"(7, 30]",False,True
CUS0003535,69.0,50.25,5.66,81,24,22,0,0,"(48, 72]",0.11263681592039801,"(7, 30]",False,True
CUS0006265,15.0,47.73,6.97,641,60,8,0,0,"(12, 24]",0.14602975068091348,"(7, 30]",False,True
CUS0004270,14.0,20.86,4.91,893,179,6,0,0,"(12, 24]",0.23537871524448706,"(-1, 7]",False,False
CUS0000397,10.0,51.18,4.43,47,281,28,1,0,"(6, 12]",0.08655724892536146,"(7, 30]",False,True
CUS0005011,16.0,12.38,16.55,985,53,42,3,1,"(12, 24]",1.3368336025848142,"(30, 60]",False,False
CUS0003758,25.0,15.76,16.82,47,92,42,5,1,"(24, 48]",1.067258883248731,"(30, 60]",False,False
CUS0005273,9.0,13.11,14.06,859,115,17,3,0,"(6, 12]",1.0724637681159421,"(7, 30]",False,False
CUS0007289,41.0,10.13,12.84,583,230,57,1,1,"(24, 48]",1.2675222112537017,"(30, 60]",False,False
CUS0004035,60.0,21.21,11.22,768,288,0,2,0,"(48, 72]",0.528995756718529,"(-1, 7]",False,False
CUS0000035,65.0,20.62,12.6,914,175,14,1,0,"(48, 72]",0.6110572259941803,"(7, 30]",False,False
CUS0003585,60.0,55.52662624177525,7.73,976,283,34,0,0,"(48, 72]",0.13921249179343015,"(30, 60]",False,False
CUS0003791,58.0,86.37,6.56,419,167,11,0,0,"(48, 72]",0.07595229825170777,"(7, 30]",True,False
CUS0007177,61.0,58.25,9.51,371,25,20,1,0,"(48, 72]",0.16326180257510728,"(7, 30]",False,True
CUS0002642,55.0,10.21,14.79,961,248,31,0,0,"(48, 72]",1.4485798237022525,"(30, 60]",False,False
CUS0001245,64.0,11.43,13.0,484,273,4,4,0,"(48, 72]",1.1373578302712162,"(-1, 7]",False,False
CUS0002053,3.0,53.06,8.32,313,159,12,0,0,"(0, 6]",0.15680361854504335,"(7, 30]",False,True
CUS0003309,41.0,113.8,3.02,806,300,20,0,0,"(24, 48]",0.026537785588752198,"(7, 30]",True,False
CUS0002652,52.0,18.12,9.55,810,132,15,0,0,"(48, 72]",0.5270419426048565,"(7, 30]",False,False
CUS0006465,7.0,32.9,0.0,449,105,5,1,0,"(6, 12]",0.0,"(-1, 7]",False,True
CUS0003613,59.0,51.0,8.13,945,112,1,0,0,"(48, 72]",0.15941176470588236,"(-1, 7]",False,True
CUS0006649,55.0,12.28,7.49,368,221,28,1,0,"(48, 72]",0.6099348534201955,"(7, 30]",False,False
CUS0001437,15.0,51.73,7.24,248,234,5,0,0,"(12, 24]",0.13995747148656487,"(-1, 7]",False,True
CUS0007077,64.0,47.04,10.64,625,29,19,2,0,"(48, 72]",0.22619047619047622,"(7, 30]",False,True
CUS0001578,59.0,118.5,3.66,562,78,21,0,0,"(48, 72]",0.03088607594936709,"(7, 30]",True,False
CUS0001745,72.0,39.91,10.95,33,251,10,5,0,"(48, 72]",0.27436732648459033,"(7, 30]",False,True
CUS0000483,36.56668337929305,79.54,4.57,752,155,42,1,1,"(24, 48]",0.05745536836811667,"(30, 60]",True,False
CUS0003848,32.0,11.73,0.52,905,273,6,2,0,"(24, 48]",0.0443307757885763,"(-1, 7]",False,False
CUS0000801,71.0,66.93,0.0,137,105,41,0,0,"(48, 72]",0.0,"(30, 60]",False,True
CUS0004429,3.0,15.17,5.33,228,47,25,1,0,"(0, 6]",0.35135135135135137,"(7, 30]",False,False
CUS0004913,25.0,15.4,3.28,885,171,8,3,1,"(24, 48]",0.21298701298701297,"(7, 30]",False,False
CUS0001655,17.0,86.69,3.57,723,37,33,7,1,"(12, 24]",0.04118122044065059,"(30, 60]",True,False
CUS0005401,26.0,13.74,8.98,619,19,24,1,0,"(24, 48]",0.653566229985444,"(7, 30]",False,False
CUS0005734,16.0,26.17,5.89,71,14,26,0,0,"(12, 24]",0.22506687046236146,"(7, 30]",False,False
CUS0001775,13.0,102.71,8.65,385,249,78,0,1,"(12, 24]",0.08421770032129297,,True,False
CUS0002474,68.0,11.44,3.45,275,32,32,1,1,"(48, 72]",0.3015734265734266,"(30, 60]",False,False
CUS0005686,67.0,25.23,11.35,247,213,16,0,0,"(48, 72]",0.4498612762584225,"(7, 30]",False,False
CUS0007016,65.0,59.93,4.99,74,294,28,2,0,"(48, 72]",0.08326380777573837,"(7, 30]",False,True
CUS0002529,46.0,14.73,15.24,819,12,20,0,0,"(24, 48]",1.034623217922607,"(7, 30]",False,False
CUS0002295,65.0,20.76,17.3,816,210,31,0,0,"(48, 72]",0.8333333333333333,"(30, 60]",False,False
CUS0005038,19.0,79.59,0.0,160,63,8,0,0,"(12, 24]",0.0,"(7, 30]",True,False
CUS0002134,39.0,48.83,8.36,237,140,32,1,1,"(24, 48]",0.17120622568093385,"(30, 60]",False,True
CUS0003609,10.0,55.52662624177525,6.94,848,7,40,0,0,"(6, 12]",0.12498508318840948,"(30, 60]",True,False
CUS0001020,8.0,68.16,21.45,926,273,33,0,0,"(6, 12]",0.3147007042253521,"(30, 60]",False,True
CUS0003495,70.0,37.57,17.04,698,59,8,0,0,"(48, 72]",0.4535533670481767,"(7, 30]",False,True
CUS0002542,54.0,14.54,0.71,598,155,19,5,0,"(48, 72]",0.04883081155433287,"(7, 30]",False,False
CUS0000968,51.0,17.1,13.47,153,33,7,1,0,"(48, 72]",0.787719298245614,"(-1, 7]",False,False
CUS0004997,43.0,44.33,8.55,864,11,23,0,0,"(24, 48]",0.19287164448454774,"(7, 30]",False,True
CUS0003243,43.0,25.15,0.6,993,293,25,1,0,"(24, 48]",0.02385685884691849,"(7, 30]",False,False
CUS0007000,24.0,66.01,9.84,290,106,33,0,0,"(12, 24]",0.14906832298136644,"(30, 60]",True,False
CUS0003640,36.0,57.51,3.6,613,96,9,0,0,"(24, 48]",0.06259780907668232,"(7, 30]",False,True
CUS0005821,17.0,10.92,14.44,943,82,27,3,0,"(12, 24]",1.3223443223443223,"(7, 30]",False,False
CUS0007388,62.0,27.94,7.78,826,20,20,3,1,"(48, 72]",0.278453829634932,"(7, 30]",False,False
CUS0004037,16.0,72.97,0.79,162,138,21,1,0,"(12, 24]",0.010826367000137043,"(7, 30]",True,False
CUS0001519,13.0,43.31,7.23,79,194,18,0,0,"(12, 24]",0.16693604248441468,"(7, 30]",False,True
CUS0002751,56.0,17.85,6.63,685,41,16,0,0,"(48, 72]",0.3714285714285714,"(7, 30]",False,False
CUS0003839,58.0,66.15,10.64,575,95,42,0,0,"(48, 72]",0.16084656084656085,"(30, 60]",False,True
CUS0000492,4.0,78.3,5.13,65,215,1,0,0,"(0, 6]",0.06551724137931035,"(-1, 7]",True,False
CUS0003953,51.0,12.04,4.42,526,253,14,1,0,"(48, 72]",0.36710963455149503,"(7, 30]",False,False
CUS0000850,30.0,95.65,1.33,252,91,1,0,0,"(24, 48]",0.013904861474124413,"(-1, 7]",True,False
CUS0004123,17.0,102.71,5.94,752,38,12,0,0,"(12, 24]",0.05783273293739656,"(7, 30]",True,False
CUS0007582,28.0,28.66,3.6,559,253,46,3,0,"(24, 48]",0.1256106071179344,"(30, 60]",False,False
CUS0007375,19.0,21.34,4.92,22,217,24,0,1,"(12, 24]",0.23055295220243674,"(7, 30]",False,False
CUS0004717,38.0,18.69,8.12,356,60,11,5,0,"(24, 48]",0.43445692883895126,"(7, 30]",False,False
CUS0004922,33.0,15.13,8.02,283,11,24,2,0,"(24, 48]",0.5300727032385988,"(7, 30]",False,False
CUS0001462,40.0,21.5,4.48,533,114,8,0,0,"(24, 48]",0.20837209302325582,"(7, 30]",False,False
CUS0002234,44.0,64.87,12.79,137,143,9,4,0,"(24, 48]",0.19716355788500076,"(7, 30]",False,True
CUS0007517,70.0,84.6,6.6,646,140,26,0,0,"(48, 72]",0.07801418439716312,"(7, 30]",True,False
CUS0007880,3.0,54.32,12.91,744,144,28,0,0,"(0, 6]",0.23766568483063327,"(7, 30]",False,True
CUS0005653,70.0,11.85,8.97,756,230,32,2,0,"(48, 72]",0.7569620253164557,"(30, 60]",False,False
CUS0006442,27.0,15.74,11.12,419,257,13,0,0,"(24, 48]",0.7064803049555273,"(7, 30]",False,False
CUS0006894,61.0,28.25,10.79,452,298,27,0,0,"(48, 72]",0.38194690265486725,"(7, 30]",False,False
CUS0002035,10.0,16.02,14.76,445,122,14,0,0,"(6, 12]",0.9213483146067416,"(7, 30]",False,False
CUS0007265,43.0,12.59,20.28,396,264,15,1,0,"(24, 48]",1.6108022239872917,"(7, 30]",False,False
CUS0007337,20.0,12.26,7.19,556,237,20,0,0,"(12, 24]",0.5864600326264274,"(7, 30]",False,False
CUS0000872,58.0,25.16,11.85,313,224,0,1,0,"(48, 72]",0.47098569157392683,"(-1, 7]",False,False
CUS0005803,31.0,55.52662624177525,7.62,498,265,9,0,0,"(24, 48]",0.13723146021551588,"(7, 30]",False,True
CUS0002833,49.0,13.95,12.38,767,94,13,2,0,"(48, 72]",0.8874551971326166,"(7, 30]",False,False
CUS0002618,38.0,115.36,4.02,543,255,12,0,0,"(24, 48]",0.03484743411927878,"(7, 30]",True,False
CUS0003787,42.0,64.25,7.03,280,185,11,3,0,"(24, 48]",0.10941634241245136,"(7, 30]",True,False
CUS0006404,45.0,12.27,17.65,1,260,8,0,0,"(24, 48]",1.4384678076609616,"(7, 30]",False,False
CUS0001649,9.0,37.6,8.95,218,117,57,2,1,"(6, 12]",0.238031914893617,"(30, 60]",False,True
CUS0007414,61.0,24.42,8.64,631,53,23,1,0,"(48, 72]",0.3538083538083538,"(7, 30]",False,False
CUS0002621,62.0,69.83,11.33,238,213,26,0,0,"(48, 72]",0.16225118144064157,"(7, 30]",False,True
CUS0003618,2.0,31.45,0.0,304,202,51,0,0,"(0, 6]",0.0,"(30, 60]",False,True
CUS0002826,41.0,33.1,6.17,311,299,1,0,0,"(24, 48]",0.186404833836858,"(-1, 7]",False,True
CUS0007925,59.0,61.59,11.71,323,19,4,1,0,"(48, 72]",0.19012826757590517,"(-1, 7]",False,True
CUS0004719,38.0,26.66,14.23,524,182,11,0,0,"(24, 48]",0.5337584396099024,"(7, 30]",False,False
CUS0006060,39.0,53.21,9.55,722,270,14,1,0,"(24, 48]",0.17947754181544823,"(7, 30]",False,True
CUS0005915,51.0,13.64,6.81,803,74,18,4,1,"(48, 72]",0.4992668621700879,"(7, 30]",False,False
CUS0001170,42.0,15.04,10.71,575,205,44,0,0,"(24, 48]",0.7121010638297873,"(30, 60]",False,False
CUS0007242,25.0,30.09,0.47,311,191,15,6,1,"(24, 48]",0.015619807244931871,"(7, 30]",False,True
CUS0006026,55.0,22.85,13.94,118,210,9,1,0,"(48, 72]",0.6100656455142232,"(7, 30]",False,False
CUS0005588,61.0,63.94,3.18,296,215,7,1,0,"(48, 72]",0.04973412574288396,"(-1, 7]",False,True
CUS0002813,71.0,10.3,4.0,160,255,24,1,0,"(48, 72]",0.3883495145631068,"(7, 30]",False,False
CUS0001270,32.0,10.44,17.0,581,224,4,0,0,"(24, 48]",1.628352490421456,"(-1, 7]",False,False
CUS0004206,17.0,22.54,2.59,977,245,49,4,1,"(12, 24]",0.11490683229813664,"(30, 60]",False,False
CUS0002094,49.0,99.7,3.55,261,133,25,2,0,"(48, 72]",0.03560682046138415,"(7, 30]",True,False
CUS0003551,42.0,66.76,7.58,43,275,4,0,0,"(24, 48]",0.11354104254044337,"(-1, 7]",True,False
CUS0002484,64.0,21.23,13.94,321,198,6,0,0,"(48, 72]",0.6566179934055582,"(-1, 7]",False,False
CUS0001457,59.0,38.12,7.78,695,187,27,2,1,"(48, 72]",0.20409233997901366,"(7, 30]",False,True
CUS0006904,57.0,24.66,0.0,929,154,31,0,0,"(48, 72]",0.0,"(30, 60]",False,False
CUS0002593,26.0,112.31,8.218195789745577,630,93,5,2,0,"(24, 48]",0.0731742123563848,"(-1, 7]",True,False
CUS0002040,52.0,30.56,9.92,876,49,1,1,0,"(48, 72]",0.32460732984293195,"(-1, 7]",False,True
CUS0005579,23.0,27.5,13.66,14,290,19,4,0,"(12, 24]",0.49672727272727274,"(7, 30]",False,False
CUS0003280,19.0,11.71,0.78,165,10,43,1,0,"(12, 24]",0.06660973526900085,"(30, 60]",False,False
CUS0006697,60.0,11.15,6.97,288,34,6,0,0,"(48, 72]",0.6251121076233184,"(-1, 7]",False,False
CUS0007067,25.0,13.02,7.74,775,63,20,1,0,"(24, 48]",0.5944700460829494,"(7, 30]",False,False
CUS0000586,43.0,112.69,0.0,156,50,51,0,0,"(24, 48]",0.0,"(30, 60]",True,False
CUS0007038,40.0,101.74,11.91,646,61,44,3,0,"(24, 48]",0.11706310202476902,"(30, 60]",True,False
CUS0002852,31.0,42.91,7.97,557,171,39,6,0,"(24, 48]",0.18573759030529016,"(30, 60]",False,True
CUS0003911,52.0,21.92,14.42,475,66,19,2,0,"(48, 72]",0.6578467153284671,"(7, 30]",False,False
CUS0005422,54.0,12.09,0.0,136,36,12,0,0,"(48, 72]",0.0,"(7, 30]",False,False
CUS0000932,9.0,39.97,0.0,453,65,30,1,0,"(6, 12]",0.0,"(7, 30]",False,True
CUS0006051,8.0,25.29,10.09,600,175,27,0,0,"(6, 12]",0.39897192566231715,"(7, 30]",False,False
CUS0006214,72.0,60.98,22.92,719,185,54,4,1,"(48, 72]",0.3758609380124632,"(30, 60]",False,True
CUS0007359,13.0,60.57,10.65,509,276,58,1,0,"(12, 24]",0.17582961862308075,"(30, 60]",False,True
CUS0004210,10.0,19.95,13.42,362,4,18,0,0,"(6, 12]",0.6726817042606517,"(7, 30]",False,False
CUS0003537,51.0,21.46,6.07,96,32,26,0,0,"(48, 72]",0.282851817334576,"(7, 30]",False,False
CUS0002990,63.0,26.15,3.2,577,155,17,2,0,"(48, 72]",0.12237093690248567,"(7, 30]",False,False
CUS0007932,35.0,24.28,0.0,632,197,17,0,0,"(24, 48]",0.0,"(7, 30]",False,False
CUS0000122,47.0,52.82,0.0,941,75,25,6,1,"(24, 48]",0.0,"(7, 30]",False,True
CUS0007859,63.0,13.19,4.47,484,166,7,4,0,"(48, 72]",0.3388931008339651,"(-1, 7]",False,False
CUS0003273,66.0,22.38,4.23,874,223,65,3,0,"(48, 72]",0.18900804289544237,,False,False
CUS0006012,71.0,74.25,7.08,186,171,28,0,0,"(48, 72]",0.09535353535353536,"(7, 30]",True,False
CUS0002366,62.0,43.97,5.89,440,279,16,3,0,"(48, 72]",0.13395496929724812,"(7, 30]",False,True
CUS0005558,70.0,23.27,10.59,718,165,48,1,0,"(48, 72]",0.4550923936398797,"(30, 60]",False,False
CUS0007060,60.0,46.2,2.12,28,88,1,0,0,"(48, 72]",0.04588744588744589,"(-1, 7]",False,True
CUS0000883,7.0,55.52662624177525,2.91,849,279,5,0,0,"(6, 12]",0.052407289924823,"(-1, 7]",False,True
CUS0002200,59.0,67.12,8.49,573,126,7,1,0,"(48, 72]",0.12648986889153754,"(-1, 7]",False,True
CUS0000562,50.0,43.89,6.11,944,127,44,1,1,"(48, 72]",0.139211665527455,"(30, 60]",False,True
CUS0007622,10.0,39.27,8.33,814,29,15,2,0,"(6, 12]",0.2121212121212121,"(7, 30]",False,True
CUS0001426,66.0,118.59,4.23,828,50,5,2,0,"(48, 72]",0.035669112066784726,"(-1, 7]",True,False
CUS0004055,12.0,43.31,17.29,746,150,6,1,0,"(6, 12]",0.3992149619025629,"(-1, 7]",False,True
CUS0005866,45.0,68.9,0.0,106,89,81,5,1,"(24, 48]",0.0,,False,True
CUS0001358,57.0,15.02,6.58,847,63,17,3,0,"(48, 72]",0.43808255659121176,"(7, 30]",False,False
CUS0006248,49.0,37.84,17.71,796,204,3,0,0,"(48, 72]",0.4680232558139535,"(-1, 7]",False,True
CUS0005687,3.0,102.7,5.31,858,285,53,5,1,"(0, 6]",0.05170399221032132,"(30, 60]",True,False
CUS0000227,33.0,18.63,8.218195789745577,230,30,2,0,0,"(24, 48]",0.44112698817743307,"(-1, 7]",False,False
CUS0007024,63.0,64.83,10.95,792,162,14,5,0,"(48, 72]",0.1689032855159648,"(7, 30]",False,True
CUS0007284,71.0,29.26,0.89,977,151,55,4,0,"(48, 72]",0.030416951469583047,"(30, 60]",False,False
CUS0002177,27.0,25.32,13.08,761,202,17,0,0,"(24, 48]",0.5165876777251185,"(7, 30]",False,False
CUS0007178,59.0,83.59,0.0,568,147,22,2,0,"(48, 72]",0.0,"(7, 30]",True,False
CUS0001975,52.0,92.39,3.48,235,245,6,0,0,"(48, 72]",0.03766641411408161,"(-1, 7]",True,False
CUS0001689,5.0,108.52,9.21,304,152,23,0,0,"(0, 6]",0.08486914854404719,"(7, 30]",True,False
CUS0005635,63.0,89.23,2.33,853,171,20,0,0,"(48, 72]",0.026112294071500616,"(7, 30]",True,False
CUS0005203,71.0,112.99,0.0,103,277,2,2,0,"(48, 72]",0.0,"(-1, 7]",True,False
CUS0000344,61.0,11.82,8.218195789745577,827,58,19,0,0,"(48, 72]",0.6952788316197611,"(7, 30]",False,False
CUS0004076,10.0,40.13,1.93,212,165,34,0,0,"(6, 12]",0.048093695489658604,"(30, 60]",False,True
CUS0001971,62.0,22.54,2.58,264,46,11,3,0,"(48, 72]",0.11446317657497783,"(7, 30]",False,False
CUS0007366,25.0,52.9,8.218195789745577,15,291,29,0,0,"(24, 48]",0.15535341757553076,"(7, 30]",False,True
CUS0006385,71.0,73.3,8.218195789745577,279,29,16,0,0,"(48, 72]",0.11211726861862997,"(7, 30]",True,False
CUS0001770,51.0,68.16,8.42,280,107,9,1,0,"(48, 72]",0.12353286384976526,"(7, 30]",True,False
CUS0007264,24.0,28.93,7.67,309,200,4,1,0,"(12, 24]",0.26512270998963017,"(-1, 7]",False,False
CUS0003072,2.0,27.09,12.95,963,70,34,6,1,"(0, 6]",0.4780361757105943,"(30, 60]",False,False
CUS0006064,35.0,55.52662624177525,8.84,199,2,8,2,0,"(24, 48]",0.15920290135238324,"(7, 30]",False,True
CUS0003843,42.0,32.66,21.23,33,273,24,0,0,"(24, 48]",0.6500306184935702,"(7, 30]",False,True
CUS0005456,62.0,111.75,10.62,204,85,40,2,1,"(48, 72]",0.09503355704697986,"(30, 60]",True,False
CUS0006656,2.0,25.6,0.0,664,28,39,0,1,"(0, 6]",0.0,"(30, 60]",False,False
CUS0000848,40.0,55.52662624177525,9.98,572,170,11,3,1,"(24, 48]",0.17973359225076752,"(7, 30]",False,False
CUS0006031,56.0,16.63,11.22,756,181,3,0,0,"(48, 72]",0.6746843054720386,"(-1, 7]",False,False
CUS0003910,3.0,59.25,10.08,329,287,22,0,0,"(0, 6]",0.17012658227848101,"(7, 30]",False,True
CUS0000815,11.0,63.27,12.75,546,295,45,2,0,"(6, 12]",0.20151730678046467,"(30, 60]",False,True
CUS0007125,72.0,15.03,10.65,284,43,40,0,0,"(48, 72]",0.7085828343313374,"(30, 60]",False,False
CUS0002655,29.0,24.66,10.88,515,224,69,1,1,"(24, 48]",0.4412003244120033,,False,False
CUS0003589,22.0,57.36,21.87,501,229,36,1,0,"(12, 24]",0.3812761506276151,"(30, 60]",False,True
CUS0005574,63.0,15.68,13.78,231,159,35,3,0,"(48, 72]",0.8788265306122449,"(30, 60]",False,False
CUS0006077,70.0,26.87,12.25,81,73,1,0,0,"(48, 72]",0.4558987718645329,"(-1, 7]",False,False
CUS0004205,30.0,66.09,8.77,41,28,24,6,0,"(24, 48]",0.13269783628385534,"(7, 30]",True,False
CUS0007391,53.0,67.91,8.74,674,171,14,1,0,"(48, 72]",0.12869974966867914,"(7, 30]",True,False
CUS0001564,13.0,27.4,13.22,59,23,37,5,1,"(12, 24]",0.48248175182481756,"(30, 60]",False,False
CUS0003370,47.0,88.06,11.69,237,52,31,0,0,"(24, 48]",0.1327503974562798,"(30, 60]",True,False
CUS0000800,23.0,69.45,10.64,894,186,59,0,1,"(12, 24]",0.15320374370050396,"(30, 60]",False,True
CUS0000128,31.0,25.81,6.46,277,113,13,0,0,"(24, 48]",0.25029058504455637,"(7, 30]",False,False
CUS0005523,30.0,56.04,3.91,207,124,24,1,0,"(24, 48]",0.06977159172019987,"(7, 30]",False,True
CUS0002762,37.0,116.45,0.0,241,92,5,0,0,"(24, 48]",0.0,"(-1, 7]",True,False
CUS0004712,67.0,47.59,6.13,85,248,12,0,0,"(48, 72]",0.1288085732296701,"(7, 30]",False,True
CUS0006223,45.0,63.94,12.59,901,76,31,1,0,"(24, 48]",0.19690334688770722,"(30, 60]",False,True
CUS0006430,37.0,22.97,0.0,493,279,21,3,1,"(24, 48]",0.0,"(7, 30]",False,False
CUS0004948,38.0,68.92,0.0,443,62,45,0,0,"(24, 48]",0.0,"(30, 60]",False,True
CUS0003772,42.0,55.51,2.77,88,262,14,1,0,"(24, 48]",0.04990091875337777,"(7, 30]",False,True
CUS0001218,52.0,92.88,8.6,894,66,3,0,0,"(48, 72]",0.09259259259259259,"(-1, 7]",True,False
CUS0000529,34.0,58.97,4.35,882,245,3,0,0,"(24, 48]",0.07376632185857215,"(-1, 7]",False,True
CUS0001634,29.0,99.06,0.27,609,106,27,1,0,"(24, 48]",0.0027256208358570565,"(7, 30]",True,False
CUS0001648,41.0,42.36,10.49,96,263,11,7,0,"(24, 48]",0.2476392823418319,"(7, 30]",False,True
CUS0002815,12.0,29.0,13.06,213,23,18,1,0,"(6, 12]",0.4503448275862069,"(7, 30]",False,False
CUS0006208,3.0,15.5,8.218195789745577,727,234,4,0,0,"(0, 6]",0.5302061799835857,"(-1, 7]",False,False
CUS0007809,20.0,27.22,13.44,997,24,44,0,1,"(12, 24]",0.4937545922116091,"(30, 60]",False,False
CUS0005797,58.0,21.49,6.88,457,114,36,0,0,"(48, 72]",0.3201489064681247,"(30, 60]",False,False
CUS0000366,3.0,28.83,2.94,89,220,57,1,0,"(0, 6]",0.10197710718002082,"(30, 60]",False,False
CUS0004887,17.0,15.71,11.22,864,261,10,0,0,"(12, 24]",0.7141947803946531,"(7, 30]",False,False
CUS0003258,29.0,19.42,8.218195789745577,785,156,2,0,0,"(24, 48]",0.4231820695028618,"(-1, 7]",False,False
CUS0004275,26.0,63.79,0.0,422,33,46,0,0,"(24, 48]",0.0,"(30, 60]",True,False
CUS0004096,18.0,20.41,5.25,52,211,41,0,0,"(12, 24]",0.2572268495835375,"(30, 60]",False,False
CUS0002573,23.0,72.18,12.13,482,40,1,0,0,"(12, 24]",0.1680520919922416,"(-1, 7]",True,False
CUS0003533,17.0,19.51,8.93,887,103,25,0,1,"(12, 24]",0.4577139928241927,"(7, 30]",False,False
CUS0007182,67.0,25.32,7.83,402,44,14,0,0,"(48, 72]",0.30924170616113744,"(7, 30]",False,False
CUS0003186,11.0,32.75,11.99,776,260,2,0,0,"(6, 12]",0.3661068702290076,"(-1, 7]",False,True
CUS0004027,45.0,28.17,2.6,339,97,8,4,0,"(24, 48]",0.09229676961306355,"(7, 30]",False,False
CUS0002011,60.0,39.41,11.41,985,45,42,0,0,"(48, 72]",0.28952042628774427,"(30, 60]",False,True
CUS0003450,60.0,63.65,4.42,944,170,53,0,0,"(48, 72]",0.06944226237234878,"(30, 60]",True,False
CUS0005243,51.0,29.95,3.42,313,234,17,1,1,"(48, 72]",0.11419031719532555,"(7, 30]",False,False
CUS0001208,36.56668337929305,20.52,5.54,780,257,47,1,1,"(24, 48]",0.2699805068226121,"(30, 60]",False,False
CUS0004164,55.0,58.77,15.15,204,39,34,1,0,"(48, 72]",0.25778458397141396,"(30, 60]",False,True
CUS0000316,2.0,50.34,16.53,687,296,29,3,0,"(0, 6]",0.3283671036948749,"(7, 30]",False,True
CUS0001830,14.0,29.17,17.89,17,154,63,0,0,"(12, 24]",0.6133013369900583,,False,False
CUS0004757,67.0,51.93,7.98,995,110,32,3,0,"(48, 72]",0.15366839976891972,"(30, 60]",False,True
CUS0002686,66.0,64.04,15.84,825,259,52,0,0,"(48, 72]",0.24734540911930042,"(30, 60]",True,False
CUS0004614,53.0,13.37,5.0,844,268,38,5,1,"(48, 72]",0.3739715781600599,"(30, 60]",False,False
CUS0004040,41.0,110.37,17.29,230,278,64,0,0,"(24, 48]",0.15665488810365133,,True,False
CUS0002899,9.0,72.08,0.0,993,4,51,1,1,"(6, 12]",0.0,"(30, 60]",True,False
CUS0005314,40.0,109.11,3.49,887,216,30,0,0,"(24, 48]",0.03198606910457337,"(7, 30]",True,False
CUS0001308,7.0,24.03,0.17,410,77,16,0,0,"(6, 12]",0.0070744902205576365,"(7, 30]",False,False
CUS0003635,39.0,43.88,6.48,1000,179,15,0,0,"(24, 48]",0.14767547857793983,"(7, 30]",False,True
CUS0006469,64.0,67.23,8.54,469,207,0,1,0,"(48, 72]",0.12702662501859288,"(-1, 7]",False,True
CUS0003158,46.0,119.48,18.56,509,115,40,1,0,"(24, 48]",0.1553398058252427,"(30, 60]",True,False
CUS0002258,56.0,43.63885951963101,15.57,370,27,4,0,0,"(48, 72]",0.3567920924467747,"(-1, 7]",False,False
CUS0006172,14.0,20.3,1.02,529,272,42,0,1,"(12, 24]",0.05024630541871921,"(30, 60]",False,False
CUS0002825,35.0,13.1,4.11,946,221,18,0,0,"(24, 48]",0.31374045801526723,"(7, 30]",False,False
CUS0001925,69.0,68.23,10.65,461,102,4,0,0,"(48, 72]",0.15608969661439248,"(-1, 7]",False,True
CUS0003308,46.0,68.97,10.65,212,23,41,0,0,"(24, 48]",0.15441496302740323,"(30, 60]",False,True
CUS0000711,37.0,24.55,11.11,478,108,37,6,0,"(24, 48]",0.4525458248472505,"(30, 60]",False,False
CUS0007137,38.0,39.69,9.27,468,98,42,1,1,"(24, 48]",0.23356009070294784,"(30, 60]",False,True
CUS0002202,57.0,41.18,8.218195789745577,217,199,2,1,0,"(48, 72]",0.1995676490953273,"(-1, 7]",False,True
CUS0000725,5.0,15.02,19.12,115,243,0,1,1,"(0, 6]",1.2729693741677763,"(-1, 7]",False,False
CUS0005260,72.0,40.03,11.84,285,196,1,0,0,"(48, 72]",0.2957781663752186,"(-1, 7]",False,True
CUS0006364,44.0,23.97,9.16,462,217,13,3,0,"(24, 48]",0.38214434710054235,"(7, 30]",False,False
CUS0001565,20.0,17.03,12.53,510,261,4,1,1,"(12, 24]",0.7357604227833234,"(-1, 7]",False,False
CUS0002515,8.0,86.5,0.0,795,281,57,1,0,"(6, 12]",0.0,"(30, 60]",True,False
CUS0007777,43.0,18.19,8.77,888,87,15,1,0,"(24, 48]",0.4821330401319406,"(7, 30]",False,False
CUS0005732,41.0,18.18,17.07,139,266,31,0,0,"(24, 48]",0.9389438943894389,"(30, 60]",False,False
CUS0006478,35.0,105.76,6.39,612,122,60,1,0,"(24, 48]",0.0604198184568835,"(30, 60]",True,False
CUS0006497,68.0,56.83,6.6,688,269,33,1,0,"(48, 72]",0.11613584374450114,"(30, 60]",False,True
CUS0007787,44.0,36.63,7.75,491,206,30,0,0,"(24, 48]",0.21157521157521156,"(7, 30]",False,True
CUS0001841,29.0,65.52,9.9,116,188,42,0,0,"(24, 48]",0.15109890109890112,"(30, 60]",False,True
CUS0005049,53.0,14.71,1.87,539,29,28,1,0,"(48, 72]",0.12712440516655338,"(7, 30]",False,False
CUS0003468,58.0,21.88,1.59,784,152,5,0,0,"(48, 72]",0.07266910420475321,"(-1, 7]",False,False
CUS0007093,36.56668337929305,15.65,10.32,243,199,20,2,0,"(24, 48]",0.6594249201277955,"(7, 30]",False,False
CUS0004289,16.0,20.4,1.68,451,81,50,1,0,"(12, 24]",0.08235294117647059,"(30, 60]",False,False
CUS0007404,5.0,29.98,0.0,762,274,39,4,1,"(0, 6]",0.0,"(30, 60]",False,False
CUS0002850,70.0,32.22,14.46,333,159,36,0,0,"(48, 72]",0.44878957169459965,"(30, 60]",False,True
CUS0006971,54.0,17.98,0.0,125,124,49,0,0,"(48, 72]",0.0,"(30, 60]",False,False
CUS0003318,12.0,21.68,11.24,829,28,30,2,0,"(6, 12]",0.518450184501845,"(7, 30]",False,False
CUS0001114,43.0,27.68,4.22,107,12,36,2,0,"(24, 48]",0.15245664739884393,"(30, 60]",False,False
CUS0007996,24.0,116.41,7.21,718,224,7,8,1,"(12, 24]",0.0619362597714973,"(-1, 7]",True,False
CUS0005548,12.0,10.84,13.63,96,135,13,0,1,"(6, 12]",1.2573800738007381,"(7, 30]",False,False
CUS0001594,64.0,26.53,6.16,721,247,69,3,1,"(48, 72]",0.23218997361477572,,False,False
CUS0004003,43.0,93.48,9.42,68,252,59,3,0,"(24, 48]",0.10077021822849808,"(30, 60]",True,False
CUS0003499,41.0,96.84,8.19,961,190,31,3,0,"(24, 48]",0.0845724907063197,"(30, 60]",True,False
CUS0002022,10.0,39.2,5.13,103,281,9,0,0,"(6, 12]",0.1308673469387755,"(7, 30]",False,True
CUS0002220,40.0,22.51,0.0,122,115,20,0,0,"(24, 48]",0.0,"(7, 30]",False,False
CUS0002633,28.0,22.46,12.92,358,27,3,5,0,"(24, 48]",0.5752448797862867,"(-1, 7]",False,False
CUS0002320,64.0,25.97,7.23,77,299,21,6,1,"(48, 72]",0.2783981517135156,"(7, 30]",False,False
CUS0006961,1.0,54.74,4.73,513,150,56,0,0,"(0, 6]",0.08640847643405189,"(30, 60]",False,True
CUS0005125,36.0,26.71,8.31,984,204,42,0,0,"(24, 48]",0.3111194309247473,"(30, 60]",False,False
CUS0001672,24.0,42.49,0.0,843,87,20,3,0,"(12, 24]",0.0,"(7, 30]",False,True
CUS0002967,15.0,26.7,11.46,715,126,25,0,1,"(12, 24]",0.42921348314606744,"(7, 30]",False,False
CUS0001479,1.0,22.99,14.52,230,144,8,3,0,"(0, 6]",0.6315789473684211,"(7, 30]",False,False
CUS0005995,23.0,60.38,0.0,937,82,47,1,1,"(12, 24]",0.0,"(30, 60]",False,True
CUS0002352,43.0,26.1,16.11,30,237,23,1,1,"(24, 48]",0.6172413793103447,"(7, 30]",False,False
CUS0007297,18.0,27.61,1.4,966,190,4,0,0,"(12, 24]",0.05070626584570807,"(-1, 7]",False,False
CUS0002827,9.0,23.41,14.34,861,288,5,1,0,"(6, 12]",0.6125587355830842,"(-1, 7]",False,False
CUS0006506,53.0,54.64,9.13,561,165,20,0,0,"(48, 72]",0.16709370424597367,"(7, 30]",False,True
CUS0001755,18.0,55.52662624177525,0.0,664,216,52,0,1,"(12, 24]",0.0,"(30, 60]",False,False
CUS0004799,57.0,37.36,7.73,89,253,4,0,0,"(48, 72]",0.20690578158458245,"(-1, 7]",False,True
CUS0005981,10.0,11.37,16.58,452,151,36,1,0,"(6, 12]",1.4582233948988566,"(30, 60]",False,False
CUS0004554,2.0,13.53,9.72,914,136,16,3,1,"(0, 6]",0.7184035476718404,"(7, 30]",False,False
CUS0004848,47.0,26.89,11.1,355,37,31,1,0,"(24, 48]",0.41279285979918184,"(30, 60]",False,False
CUS0007742,55.0,106.63,0.0,546,75,17,2,1,"(48, 72]",0.0,"(7, 30]",True,False
CUS0006684,60.0,25.25,14.56,332,25,48,0,0,"(48, 72]",0.5766336633663367,"(30, 60]",False,False
CUS0002154,15.0,106.65,11.39,100,3,12,0,0,"(12, 24]",0.10679793717768402,"(7, 30]",True,False
CUS0003136,13.0,10.72,10.23,720,277,50,0,0,"(12, 24]",0.9542910447761194,"(30, 60]",False,False
CUS0005998,20.0,25.66,8.14,57,56,18,1,0,"(12, 24]",0.31722525331254875,"(7, 30]",False,False
CUS0004537,54.0,81.04,9.78,927,154,25,4,1,"(48, 72]",0.12068114511352417,"(7, 30]",True,False
CUS0007136,11.0,66.08,0.88,807,13,0,4,1,"(6, 12]",0.013317191283292978,"(-1, 7]",False,True
CUS0005755,62.0,15.89,0.0,381,6,3,0,0,"(48, 72]",0.0,"(-1, 7]",False,False
CUS0007208,56.0,11.76,10.08,47,114,17,3,0,"(48, 72]",0.8571428571428572,"(7, 30]",False,False
CUS0002207,47.0,61.71,14.55,628,237,27,2,0,"(24, 48]",0.23578026251823045,"(7, 30]",False,True
CUS0002566,29.0,21.64,9.85,229,93,30,5,0,"(24, 48]",0.4551756007393715,"(7, 30]",False,False
CUS0003266,60.0,30.74,0.0,458,166,23,1,1,"(48, 72]",0.0,"(7, 30]",False,True
CUS0006455,40.0,41.81,11.32,456,291,36,2,1,"(24, 48]",0.2707486247309256,"(30, 60]",False,True
CUS0005518,29.0,24.35,5.28,258,47,14,0,0,"(24, 48]",0.21683778234086243,"(7, 30]",False,False
CUS0000900,50.0,55.52662624177525,20.2,985,224,42,2,0,"(48, 72]",0.36378943521698437,"(30, 60]",False,True
CUS0005807,49.0,29.8,11.49,283,52,24,1,0,"(48, 72]",0.3855704697986577,"(7, 30]",False,False
CUS0007173,22.0,20.01,6.06,742,208,22,5,0,"(12, 24]",0.3028485757121439,"(7, 30]",False,False
CUS0007652,64.0,93.49,0.25,998,109,5,0,0,"(48, 72]",0.002674082789603166,"(-1, 7]",True,False
CUS0006821,70.0,67.85,10.34,1000,151,46,2,0,"(48, 72]",0.15239498894620487,"(30, 60]",False,True
CUS0007746,51.0,25.65,4.57,587,206,35,3,0,"(48, 72]",0.17816764132553609,"(30, 60]",False,False
CUS0005714,41.0,13.69,8.1,44,6,2,0,0,"(24, 48]",0.591672753834916,"(-1, 7]",False,False
CUS0007262,31.0,15.26,11.75,268,20,58,2,0,"(24, 48]",0.7699868938401049,"(30, 60]",False,False
CUS0002244,70.0,65.38,5.93,384,120,14,1,0,"(48, 72]",0.09070052003670848,"(7, 30]",False,True
CUS0001435,41.0,27.61,6.54,6,13,31,4,0,"(24, 48]",0.23687069902209346,"(30, 60]",False,False
CUS0005464,2.0,27.5,15.21,18,192,42,2,1,"(0, 6]",0.5530909090909091,"(30, 60]",False,False
CUS0003438,56.0,40.44,4.89,221,187,61,1,0,"(48, 72]",0.12091988130563798,,False,True
CUS0003813,19.0,65.56,11.91,775,37,27,4,0,"(12, 24]",0.18166564978645516,"(7, 30]",True,False
CUS0007645,56.0,59.51,8.62,809,183,31,2,0,"(48, 72]",0.14484960510838513,"(30, 60]",False,True
CUS0000085,28.0,17.81,2.71,95,204,3,0,0,"(24, 48]",0.15216170690623246,"(-1, 7]",False,False
CUS0001761,23.0,17.08,9.03,302,62,46,0,0,"(12, 24]",0.5286885245901639,"(30, 60]",False,False
CUS0000971,4.0,38.04,11.33,861,245,14,0,0,"(0, 6]",0.2978443743427971,"(7, 30]",False,True
CUS0001943,41.0,49.28,0.0,622,101,48,1,0,"(24, 48]",0.0,"(30, 60]",False,True
CUS0006228,43.0,107.18,6.37,732,100,51,3,0,"(24, 48]",0.05943272998693786,"(30, 60]",True,False
CUS0007929,63.0,11.69,8.218195789745577,554,37,42,3,1,"(48, 72]",0.7030107604572778,"(30, 60]",False,False
CUS0000019,42.0,75.04,13.6,192,196,35,0,0,"(24, 48]",0.1812366737739872,"(30, 60]",True,False
CUS0003058,2.0,49.77,9.35,504,176,1,0,0,"(0, 6]",0.18786417520594734,"(-1, 7]",False,True
CUS0004822,16.0,18.98,22.67,468,229,29,0,0,"(12, 24]",1.1944151738672286,"(7, 30]",False,False
CUS0007767,56.0,14.6,11.77,466,114,35,1,0,"(48, 72]",0.8061643835616438,"(30, 60]",False,False
CUS0003667,22.0,27.98,16.19,682,258,11,2,0,"(12, 24]",0.5786275911365262,"(7, 30]",False,False
CUS0007673,41.0,10.54,0.0,489,88,41,0,0,"(24, 48]",0.0,"(30, 60]",False,False
CUS0002556,62.0,55.52662624177525,0.0,824,13,41,0,0,"(48, 72]",0.0,"(30, 60]",False,False
CUS0003756,22.0,67.18,0.0,87,169,18,7,0,"(12, 24]",0.0,"(7, 30]",True,False
CUS0004539,43.0,30.35,6.29,550,34,50,3,1,"(24, 48]",0.2072487644151565,"(30, 60]",False,True
CUS0003176,60.0,68.18,16.8,888,201,49,0,0,"(48, 72]",0.2464065708418891,"(30, 60]",False,True
CUS0006622,46.0,23.45,7.4,333,177,46,0,1,"(24, 48]",0.31556503198294245,"(30, 60]",False,False
CUS0004809,34.0,55.72,17.56,124,98,9,2,0,"(24, 48]",0.3151471643933955,"(7, 30]",False,True
CUS0005342,9.0,29.05,8.73,811,38,15,0,0,"(6, 12]",0.30051635111876074,"(7, 30]",False,False
CUS0003538,28.0,27.81,6.54,735,243,20,2,0,"(24, 48]",0.23516720604099245,"(7, 30]",False,False
CUS0007681,58.0,97.32,0.52,347,252,36,1,0,"(48, 72]",0.005343197698314838,"(30, 60]",True,False
CUS0006514,10.0,39.76,8.218195789745577,128,288,6,2,0,"(6, 12]",0.2066950651344461,"(-1, 7]",False,True
CUS0006828,30.0,33.7,11.08,412,251,7,0,0,"(24, 48]",0.32878338278931746,"(-1, 7]",False,True
CUS0007915,54.0,57.01,9.1,480,78,5,0,0,"(48, 72]",0.15962111910191196,"(-1, 7]",False,True
CUS0000605,2.0,76.94,11.59,547,74,34,1,0,"(0, 6]",0.150636859890824,"(30, 60]",True,False
CUS0003727,49.0,28.26,4.8,732,178,40,3,0,"(48, 72]",0.16985138004246284,"(30, 60]",False,False
CUS0006515,1.0,57.03,4.05,995,146,1,1,0,"(0, 6]",0.07101525512887953,"(-1, 7]",False,True
CUS0001347,41.0,64.91,1.35,986,274,6,2,0,"(24, 48]",0.02079802803882299,"(-1, 7]",False,True
CUS0004755,4.0,110.26,14.04,898,265,21,0,0,"(0, 6]",0.12733538908035552,"(7, 30]",True,False
CUS0000894,57.0,17.06,10.56,754,52,10,1,0,"(48, 72]",0.6189917936694022,"(7, 30]",False,False
CUS0005286,5.0,19.02,10.76,474,150,0,4,1,"(0, 6]",0.5657202944269191,"(-1, 7]",False,False
CUS0005005,43.0,36.63,20.91,648,182,1,8,0,"(24, 48]",0.5708435708435708,"(-1, 7]",False,True
CUS0006153,36.0,47.4,8.218195789745577,567,188,36,0,0,"(24, 48]",0.17337965801151006,"(30, 60]",False,True
CUS0007696,16.0,17.13,0.0,606,11,55,0,1,"(12, 24]",0.0,"(30, 60]",False,False
CUS0006367,47.0,13.74,10.02,447,184,32,0,0,"(24, 48]",0.7292576419213973,"(30, 60]",False,False
CUS0004915,31.0,107.53,8.218195789745577,813,99,28,0,0,"(24, 48]",0.07642700446150448,"(7, 30]",True,False
CUS0003395,70.0,39.8,8.17,592,28,43,1,0,"(48, 72]",0.20527638190954775,"(30, 60]",False,True
CUS0002419,61.0,71.92,11.96,300,109,20,2,0,"(48, 72]",0.16629588431590658,"(7, 30]",True,False
CUS0006454,72.0,37.52,8.99,889,55,34,1,0,"(48, 72]",0.2396055437100213,"(30, 60]",False,True
CUS0004139,1.0,25.85,5.58,267,135,22,1,1,"(0, 6]",0.21586073500967118,"(7, 30]",False,False
CUS0000064,12.0,59.24,9.88,962,161,31,1,0,"(6, 12]",0.16677920324105336,"(30, 60]",False,True
CUS0005609,19.0,52.11,10.52,865,27,59,8,1,"(12, 24]",0.20188063711379772,"(30, 60]",False,True
CUS0000328,58.0,17.38,16.67,664,66,45,0,0,"(48, 72]",0.9591484464902188,"(30, 60]",False,False
CUS0005413,26.0,55.52662624177525,3.42,13,235,9,0,1,"(24, 48]",0.061592072695152794,"(7, 30]",False,False
CUS0000061,50.0,99.35,8.46,950,244,22,1,0,"(48, 72]",0.08515349773527933,"(7, 30]",True,False
CUS0006719,30.0,73.84,12.37,432,9,18,2,0,"(24, 48]",0.16752437703141926,"(7, 30]",True,False
CUS0001710,52.0,22.61,7.87,911,66,19,4,1,"(48, 72]",0.34807607253427686,"(7, 30]",False,False
CUS0003829,51.0,26.45,0.0,734,208,26,0,1,"(48, 72]",0.0,"(7, 30]",False,False
CUS0001316,3.0,26.26,4.06,592,105,40,0,1,"(0, 6]",0.15460776846915458,"(30, 60]",False,False
CUS0006106,14.0,10.63,9.75,212,201,28,5,0,"(12, 24]",0.9172154280338664,"(7, 30]",False,False
CUS0004044,5.0,29.36,6.2,298,213,10,7,1,"(0, 6]",0.2111716621253406,"(7, 30]",False,False
CUS0006590,35.0,14.13,3.27,250,127,37,1,0,"(24, 48]",0.2314225053078556,"(30, 60]",False,False
CUS0000720,13.0,50.66,8.46,342,208,15,1,0,"(12, 24]",0.16699565732333205,"(7, 30]",False,True
CUS0002689,32.0,39.41,6.05,590,210,14,0,0,"(24, 48]",0.1535143364628267,"(7, 30]",False,True
CUS0002585,48.0,57.98,7.33,501,128,4,0,0,"(24, 48]",0.12642290444981027,"(-1, 7]",False,True
CUS0007686,22.0,103.07,6.88,521,140,39,5,0,"(12, 24]",0.06675075191617348,"(30, 60]",True,False
CUS0005826,36.0,24.31,13.15,843,172,31,0,0,"(24, 48]",0.5409296585767175,"(30, 60]",False,False
CUS0006135,44.0,29.03,4.67,495,246,18,1,0,"(24, 48]",0.16086806751636237,"(7, 30]",False,False
CUS0002138,46.0,22.0,5.97,56,216,17,2,0,"(24, 48]",0.27136363636363636,"(7, 30]",False,False
CUS0003605,43.0,20.17,6.65,787,219,29,2,0,"(24, 48]",0.3296975706494794,"(7, 30]",False,False
CUS0001668,33.0,17.81,1.17,54,82,23,5,1,"(24, 48]",0.06569343065693431,"(7, 30]",False,False
CUS0004800,10.0,11.33,11.37,855,138,26,4,0,"(6, 12]",1.0035304501323918,"(7, 30]",False,False
CUS0006835,71.0,74.4,1.17,111,165,54,2,0,"(48, 72]",0.015725806451612902,"(30, 60]",True,False
CUS0006625,35.0,117.75,12.28,25,202,12,2,0,"(24, 48]",0.10428874734607219,"(7, 30]",True,False
CUS0007322,52.0,67.26,5.32,871,208,32,2,0,"(48, 72]",0.0790960451977401,"(30, 60]",False,True
CUS0006020,46.0,74.01,10.3,408,141,4,1,0,"(24, 48]",0.13917038238075935,"(-1, 7]",True,False
CUS0005176,34.0,72.56,6.39,89,146,65,2,0,"(24, 48]",0.08806504961411245,,True,False
CUS0005124,68.0,10.54,14.44,158,12,42,1,0,"(48, 72]",1.3700189753320684,"(30, 60]",False,False
CUS0002199,55.0,21.33,8.87,859,222,54,2,1,"(48, 72]",0.41584622597280824,"(30, 60]",False,False
CUS0003060,27.0,13.55,13.69,497,282,52,0,0,"(24, 48]",1.010332103321033,"(30, 60]",False,False
CUS0000784,11.0,10.82,16.18,306,243,37,0,0,"(6, 12]",1.4953789279112752,"(30, 60]",False,False
CUS0004796,31.0,12.83,6.4,396,91,37,2,1,"(24, 48]",0.4988308651597818,"(30, 60]",False,False
CUS0001659,35.0,43.46,8.35,985,297,5,3,0,"(24, 48]",0.19213069489185455,"(-1, 7]",False,True
CUS0004859,35.0,16.19,7.58,758,237,21,1,1,"(24, 48]",0.4681902408894379,"(7, 30]",False,False
CUS0002218,25.0,56.29,12.7,873,224,33,0,0,"(24, 48]",0.22561733878131107,"(30, 60]",False,True
CUS0004367,13.0,15.54,7.14,988,249,54,0,0,"(12, 24]",0.4594594594594595,"(30, 60]",False,False
CUS0004880,8.0,76.91,15.89,910,127,7,0,0,"(6, 12]",0.20660512287088806,"(-1, 7]",True,False
CUS0007775,22.0,16.8,10.36,79,165,16,0,0,"(12, 24]",0.6166666666666666,"(7, 30]",False,False
CUS0005283,14.0,25.02,25.25,517,115,47,0,0,"(12, 24]",1.0091926458832934,"(30, 60]",False,False
CUS0004939,36.0,105.67,6.62,35,27,26,4,0,"(24, 48]",0.06264786599791805,"(7, 30]",True,False
CUS0001785,62.0,65.75,8.218195789745577,541,9,41,5,0,"(48, 72]",0.1249915709467008,"(30, 60]",False,True
CUS0005103,19.0,85.57,21.4,815,58,26,0,0,"(12, 24]",0.2500876475400257,"(7, 30]",True,False
CUS0003942,6.0,99.46,7.64,298,122,20,0,0,"(0, 6]",0.07681479991956566,"(7, 30]",True,False
CUS0002501,39.0,14.5,0.17,159,5,29,3,0,"(24, 48]",0.011724137931034483,"(7, 30]",False,False
CUS0000451,20.0,55.52662624177525,8.18,785,254,10,2,1,"(12, 24]",0.14731671188489762,"(7, 30]",False,False
CUS0001945,69.0,37.21,2.72,283,52,57,0,0,"(48, 72]",0.07309862940069874,"(30, 60]",False,True
CUS0006814,42.0,81.98,6.96,883,37,29,0,0,"(24, 48]",0.08489875579409611,"(7, 30]",True,False
CUS0006829,6.0,27.76,10.58,108,65,46,2,1,"(0, 6]",0.3811239193083573,"(30, 60]",False,False
CUS0001103,41.0,54.45,0.0,320,253,2,0,0,"(24, 48]",0.0,"(-1, 7]",False,True
CUS0005663,32.0,69.49,5.17,756,11,8,5,0,"(24, 48]",0.0743991941286516,"(7, 30]",False,True
CUS0007090,25.0,52.35,4.16,597,26,49,0,0,"(24, 48]",0.07946513849092646,"(30, 60]",False,True
CUS0004556,70.0,40.44,0.0,659,51,5,0,0,"(48, 72]",0.0,"(-1, 7]",False,True
CUS0006930,50.0,77.95,0.55,220,209,39,4,0,"(48, 72]",0.007055805003207185,"(30, 60]",True,False
CUS0004161,58.0,66.56,4.66,454,297,40,2,0,"(48, 72]",0.07001201923076923,"(30, 60]",False,True
CUS0003431,34.0,48.77,1.75,580,48,30,7,1,"(24, 48]",0.035882714783678486,"(7, 30]",False,True
CUS0003550,20.0,47.74,2.83,758,211,12,1,0,"(12, 24]",0.05927943024717218,"(7, 30]",False,True
CUS0000622,71.0,55.52662624177525,0.68,382,282,51,0,0,"(48, 72]",0.012246377027106405,"(30, 60]",False,False
CUS0000629,30.0,37.49,10.75,176,92,21,0,0,"(24, 48]",0.2867431315017338,"(7, 30]",False,True
CUS0002738,9.0,11.83,7.25,690,205,20,0,0,"(6, 12]",0.6128486897717667,"(7, 30]",False,False
CUS0002654,29.0,94.59,14.76,817,289,8,0,0,"(24, 48]",0.1560418648905804,"(7, 30]",True,False
CUS0002453,7.0,38.08,1.33,861,230,54,1,1,"(6, 12]",0.034926470588235295,"(30, 60]",False,True
CUS0000449,18.0,47.6,1.2,257,113,26,0,0,"(12, 24]",0.025210084033613443,"(7, 30]",False,True
CUS0005542,34.0,40.03,5.86,954,89,13,1,0,"(24, 48]",0.14639020734449162,"(7, 30]",False,True
CUS0003504,7.0,46.77,6.99,945,147,6,3,0,"(6, 12]",0.14945477870429763,"(-1, 7]",False,True
CUS0007030,62.0,26.67,14.06,184,195,25,1,0,"(48, 72]",0.5271841019872516,"(7, 30]",False,False
CUS0004969,55.0,40.9,0.0,357,150,38,1,0,"(48, 72]",0.0,"(30, 60]",False,True
CUS0002991,20.0,10.88,14.56,221,228,12,4,0,"(12, 24]",1.338235294117647,"(7, 30]",False,False
CUS0004455,2.0,20.44,11.95,687,295,36,7,0,"(0, 6]",0.584637964774951,"(30, 60]",False,False
CUS0006777,34.0,11.88,0.0,488,132,11,0,0,"(24, 48]",0.0,"(7, 30]",False,False
CUS0000105,24.0,21.75,3.21,450,258,40,0,1,"(12, 24]",0.14758620689655172,"(30, 60]",False,False
CUS0005752,42.0,63.96,6.74,932,79,13,3,0,"(24, 48]",0.10537836147592246,"(7, 30]",False,True
CUS0006716,37.0,28.92,12.32,384,289,6,1,0,"(24, 48]",0.4260027662517289,"(-1, 7]",False,False
CUS0006738,10.0,49.29,12.91,591,100,30,0,0,"(6, 12]",0.2619192533982552,"(7, 30]",False,True
CUS0000394,31.0,12.47,11.03,857,87,43,0,0,"(24, 48]",0.8845228548516438,"(30, 60]",False,False
CUS0006874,53.0,25.79,12.12,444,290,43,1,0,"(48, 72]",0.46994959286545174,"(30, 60]",False,False
CUS0001225,49.0,70.42,3.96,647,113,7,1,0,"(48, 72]",0.05623402442487929,"(-1, 7]",True,False
CUS0002173,3.0,62.97,8.66,913,20,7,0,0,"(0, 6]",0.1375258059393362,"(-1, 7]",False,True
CUS0000154,46.0,68.79,2.14,725,82,53,3,1,"(24, 48]",0.031109172844890245,"(30, 60]",True,False
CUS0007397,42.0,12.72,0.0,95,51,0,0,0,"(24, 48]",0.0,"(-1, 7]",False,False
CUS0007374,11.0,56.33,1.47,547,220,26,0,0,"(6, 12]",0.026096218711166342,"(7, 30]",False,True
CUS0005645,43.0,13.5,17.33,853,209,9,0,0,"(24, 48]",1.2837037037037036,"(7, 30]",False,False
CUS0007795,58.0,18.79,6.6,314,154,66,1,0,"(48, 72]",0.35125066524747206,,False,False
CUS0004344,26.0,13.7,11.62,715,38,28,0,0,"(24, 48]",0.8481751824817518,"(7, 30]",False,False
CUS0000617,1.0,21.82,4.51,306,232,70,2,1,"(0, 6]",0.2066911090742438,,False,False
CUS0003594,32.0,11.65,13.59,452,79,18,0,0,"(24, 48]",1.1665236051502146,"(7, 30]",False,False
CUS0006212,31.0,19.33,0.0,343,227,21,0,0,"(24, 48]",0.0,"(7, 30]",False,False
CUS0002491,49.0,106.48,0.0,899,34,9,0,0,"(48, 72]",0.0,"(7, 30]",True,False
CUS0004690,3.0,16.7,8.86,90,34,11,1,1,"(0, 6]",0.5305389221556887,"(7, 30]",False,False
CUS0004934,31.0,77.82,10.19,21,123,5,0,0,"(24, 48]",0.1309432022616294,"(-1, 7]",True,False
CUS0002178,62.0,79.19,13.37,909,217,42,0,0,"(48, 72]",0.16883444879403964,"(30, 60]",True,False
CUS0007456,23.0,66.55,5.55,113,18,23,0,0,"(12, 24]",0.08339594290007513,"(7, 30]",False,True
CUS0000194,16.0,55.52662624177525,0.0,809,289,6,6,1,"(12, 24]",0.0,"(-1, 7]",True,False
CUS0005772,56.0,10.13,3.98,154,70,2,2,1,"(48, 72]",0.3928923988153998,"(-1, 7]",False,False
CUS0003041,14.0,28.66,10.65,61,240,31,0,0,"(12, 24]",0.37159804605722263,"(30, 60]",False,False
CUS0001802,60.0,12.97,7.37,520,155,18,3,0,"(48, 72]",0.5682343870470316,"(7, 30]",False,False
CUS0006338,44.0,17.65,9.34,863,1,7,1,0,"(24, 48]",0.5291784702549576,"(-1, 7]",False,False
CUS0007327,12.0,20.71,1.33,616,35,56,1,0,"(6, 12]",0.06422018348623854,"(30, 60]",False,False
CUS0001813,59.0,17.55,8.218195789745577,861,133,40,6,1,"(48, 72]",0.46827326437296735,"(30, 60]",False,False
CUS0000161,42.0,95.67,11.74,344,149,23,0,0,"(24, 48]",0.12271349430333438,"(7, 30]",True,False
CUS0004253,38.0,13.44,9.01,971,177,10,1,0,"(24, 48]",0.6703869047619048,"(7, 30]",False,False
CUS0000138,57.0,66.75,7.03,209,296,31,8,1,"(48, 72]",0.1053183520599251,"(30, 60]",False,True
CUS0005591,40.0,15.52,6.32,511,91,10,0,0,"(24, 48]",0.4072164948453609,"(7, 30]",False,False
CUS0000101,30.0,113.05,12.58,785,30,4,0,0,"(24, 48]",0.11127819548872181,"(-1, 7]",True,False
CUS0006958,46.0,12.74,11.16,962,211,7,1,0,"(24, 48]",0.8759811616954474,"(-1, 7]",False,False
CUS0001517,3.0,37.05,2.11,221,300,2,0,0,"(0, 6]",0.056950067476383266,"(-1, 7]",False,True
CUS0005478,59.0,37.92,0.0,935,119,7,0,0,"(48, 72]",0.0,"(-1, 7]",False,True
CUS0007624,52.0,29.93,4.41,846,8,1,0,0,"(48, 72]",0.14734380220514534,"(-1, 7]",False,False
CUS0005889,60.0,63.74,20.83,3,232,46,0,0,"(48, 72]",0.3267963602133668,"(30, 60]",False,True
CUS0001483,64.0,27.24,4.01,228,243,1,1,1,"(48, 72]",0.1472099853157122,"(-1, 7]",False,False
CUS0000822,3.0,58.99,20.18,460,235,32,1,0,"(0, 6]",0.34209187997965756,"(30, 60]",False,True
CUS0003277,25.0,39.33,6.68,359,48,25,0,0,"(24, 48]",0.16984490211034833,"(7, 30]",False,True
CUS0003216,40.0,11.7,11.45,973,143,32,0,0,"(24, 48]",0.9786324786324786,"(30, 60]",False,False
CUS0006922,60.0,59.12,2.9,29,133,32,3,0,"(48, 72]",0.04905277401894452,"(30, 60]",False,True
CUS0002601,18.0,63.1,3.71,877,80,11,5,0,"(12, 24]",0.058795562599049125,"(7, 30]",False,True
CUS0004053,40.0,24.69,8.0,94,104,39,2,1,"(24, 48]",0.3240178209801539,"(30, 60]",False,False
CUS0005361,8.0,116.04,11.73,882,199,2,2,0,"(6, 12]",0.10108583247156153,"(-1, 7]",True,False
CUS0004326,19.0,20.43,9.37,464,132,30,0,1,"(12, 24]",0.4586392559960842,"(7, 30]",False,False
CUS0004007,33.0,15.19,13.03,423,106,35,0,0,"(24, 48]",0.857801184990125,"(30, 60]",False,False
CUS0000674,60.0,47.39,5.7,950,164,12,0,0,"(48, 72]",0.12027853977632412,"(7, 30]",False,True
CUS0005034,11.0,12.99,8.52,921,79,69,1,0,"(6, 12]",0.6558891454965358,,False,False
CUS0000567,16.0,26.87,11.11,70,280,6,0,0,"(12, 24]",0.4134722739114253,"(-1, 7]",False,False
CUS0004949,49.0,111.36,10.33,552,200,55,2,0,"(48, 72]",0.09276221264367816,"(30, 60]",True,False
CUS0001994,69.0,55.2,6.95,901,254,38,0,0,"(48, 72]",0.12590579710144928,"(30, 60]",False,True
CUS0006097,7.0,29.16,15.45,998,247,32,2,0,"(6, 12]",0.529835390946502,"(30, 60]",False,False
CUS0003321,23.0,49.39,13.25,710,292,11,0,0,"(12, 24]",0.26827292974286293,"(7, 30]",False,True
CUS0004842,3.0,80.7,0.0,958,236,24,4,1,"(0, 6]",0.0,"(7, 30]",True,False
CUS0003652,14.0,23.07,19.95,309,90,11,2,0,"(12, 24]",0.8647594278283485,"(7, 30]",False,False
CUS0004596,28.0,52.19,5.56,422,21,45,2,1,"(24, 48]",0.10653381873922207,"(30, 60]",False,True
CUS0003242,21.0,22.08,14.03,370,292,25,0,0,"(12, 24]",0.6354166666666667,"(7, 30]",False,False
CUS0005483,69.0,93.22,4.81,436,101,3,4,1,"(48, 72]",0.05159836944861617,"(-1, 7]",True,False
CUS0005499,9.0,63.06,18.51,937,77,23,0,0,"(6, 12]",0.29352997145575643,"(7, 30]",False,True
CUS0002534,72.0,16.92,8.218195789745577,379,121,29,3,0,"(48, 72]",0.48570897102515226,"(7, 30]",False,False
CUS0007271,65.0,27.95,0.73,72,33,25,1,0,"(48, 72]",0.026118067978533093,"(7, 30]",False,False
CUS0007313,41.0,65.0,6.75,178,189,23,0,0,"(24, 48]",0.10384615384615385,"(7, 30]",False,True
CUS0001353,72.0,26.33,4.59,58,67,24,3,0,"(48, 72]",0.17432586403342196,"(7, 30]",False,False
CUS0006461,9.0,67.52,0.0,864,76,88,3,1,"(6, 12]",0.0,,False,True
CUS0001855,42.0,23.53,4.38,96,163,14,2,0,"(24, 48]",0.18614534636634084,"(7, 30]",False,False
CUS0001807,16.0,31.24,3.1,648,88,41,0,0,"(12, 24]",0.09923175416133163,"(30, 60]",False,True
CUS0001045,55.0,16.13,13.67,168,270,49,1,0,"(48, 72]",0.847489150650961,"(30, 60]",False,False
CUS0006249,47.0,48.18,7.35,172,90,29,1,0,"(24, 48]",0.15255292652552926,"(7, 30]",False,True
CUS0004294,9.0,106.18,10.68,257,95,29,0,0,"(6, 12]",0.10058391410811827,"(7, 30]",True,False
CUS0001100,14.0,55.22,3.91,809,180,60,2,1,"(12, 24]",0.0708076783773995,"(30, 60]",False,True
CUS0005304,38.0,88.4,7.3,227,277,33,0,0,"(24, 48]",0.08257918552036199,"(30, 60]",True,False
CUS0003364,40.0,12.56,3.35,566,11,5,1,0,"(24, 48]",0.26671974522292996,"(-1, 7]",False,False
CUS0004258,27.0,19.49,7.65,930,241,12,2,0,"(24, 48]",0.3925089789635711,"(7, 30]",False,False
CUS0006600,60.0,45.11,24.43,45,282,10,1,0,"(48, 72]",0.5415650631788961,"(7, 30]",False,True
CUS0007595,67.0,27.81,15.05,807,78,10,3,0,"(48, 72]",0.5411722402013665,"(7, 30]",False,False
CUS0000558,41.0,24.38,7.87,695,215,31,0,0,"(24, 48]",0.322805578342904,"(30, 60]",False,False
CUS0002002,14.0,10.38,2.46,121,297,53,1,0,"(12, 24]",0.23699421965317916,"(30, 60]",False,False
CUS0006467,5.0,16.1,8.9,636,51,14,0,0,"(0, 6]",0.5527950310559006,"(7, 30]",False,False
CUS0001570,4.0,47.56,0.58,690,30,24,2,1,"(0, 6]",0.012195121951219511,"(7, 30]",False,True
CUS0001763,33.0,109.22,7.18,484,34,24,0,0,"(24, 48]",0.06573887566379784,"(7, 30]",True,False
CUS0006466,43.0,19.59,3.15,45,94,16,1,0,"(24, 48]",0.16079632465543645,"(7, 30]",False,False
CUS0001765,60.0,46.66,8.88,908,192,39,3,0,"(48, 72]",0.19031290184312047,"(30, 60]",False,True
CUS0000400,49.0,17.29,4.51,963,13,71,0,0,"(48, 72]",0.2608444187391556,,False,False
CUS0004157,19.0,66.8,9.2,160,116,17,4,0,"(12, 24]",0.1377245508982036,"(7, 30]",True,False
CUS0006591,64.0,43.18,0.0,37,171,15,0,0,"(48, 72]",0.0,"(7, 30]",False,True
CUS0004023,20.0,117.47,7.72,579,0,31,0,0,"(12, 24]",0.06571890695496722,"(30, 60]",True,False
CUS0006943,58.0,10.11,5.04,969,5,25,0,0,"(48, 72]",0.49851632047477745,"(7, 30]",False,False
CUS0000666,59.0,33.74,0.82,534,105,21,0,0,"(48, 72]",0.024303497332542973,"(7, 30]",False,True
CUS0000891,11.0,23.94,2.75,648,100,39,2,0,"(6, 12]",0.1148705096073517,"(30, 60]",False,False
CUS0001844,37.0,13.78,14.53,330,254,6,0,0,"(24, 48]",1.0544267053701015,"(-1, 7]",False,False
CUS0002574,36.56668337929305,38.67,2.26,512,298,38,0,0,"(24, 48]",0.05844323765192655,"(30, 60]",False,True
CUS0002563,19.0,10.98,6.48,421,67,5,4,0,"(12, 24]",0.5901639344262295,"(-1, 7]",False,False
CUS0002380,59.0,39.53,13.31,739,75,23,1,0,"(48, 72]",0.33670629901340754,"(7, 30]",False,True
CUS0001506,54.0,25.35,8.3,561,57,53,0,0,"(48, 72]",0.32741617357001973,"(30, 60]",False,False
CUS0007307,70.0,84.5,8.27,397,143,61,1,0,"(48, 72]",0.09786982248520709,,True,False
CUS0002822,33.0,17.97,19.22,333,252,2,1,0,"(24, 48]",1.0695603784084586,"(-1, 7]",False,False
CUS0000738,43.0,13.12,20.81,706,110,13,1,0,"(24, 48]",1.5861280487804879,"(7, 30]",False,False
CUS0002157,28.0,15.87,12.97,426,196,13,6,1,"(24, 48]",0.8172652804032767,"(7, 30]",False,False
CUS0002641,16.0,103.65,8.42,502,169,47,0,0,"(12, 24]",0.08123492522913651,"(30, 60]",True,False
CUS0002069,54.0,74.47,14.69,467,33,41,0,0,"(48, 72]",0.19726064186920908,"(30, 60]",True,False
CUS0001977,49.0,25.23,1.41,612,236,10,0,0,"(48, 72]",0.05588585017835909,"(7, 30]",False,False
CUS0006960,68.0,38.03,7.4,772,67,50,0,0,"(48, 72]",0.19458322377070733,"(30, 60]",False,True
CUS0001363,41.0,59.5,6.04,606,21,13,0,0,"(24, 48]",0.10151260504201681,"(7, 30]",False,True
CUS0002003,57.0,73.9,9.77,145,271,15,0,0,"(48, 72]",0.1322056833558863,"(7, 30]",True,False
CUS0002779,63.0,45.27,6.62,123,245,10,3,0,"(48, 72]",0.14623370885796333,"(7, 30]",False,True
CUS0005970,72.0,45.38,4.1,339,200,15,1,0,"(48, 72]",0.09034817100044071,"(7, 30]",False,True
CUS0005751,5.0,21.92,12.27,239,33,51,0,0,"(0, 6]",0.5597627737226277,"(30, 60]",False,False
CUS0002512,49.0,13.66,3.72,81,257,26,4,1,"(48, 72]",0.27232796486090777,"(7, 30]",False,False
CUS0000178,2.0,12.63,6.53,53,139,28,8,1,"(0, 6]",0.5170229612034838,"(7, 30]",False,False
CUS0007677,37.0,20.01,0.0,270,185,19,0,0,"(24, 48]",0.0,"(7, 30]",False,False
CUS0007344,31.0,23.59,4.34,880,253,3,0,0,"(24, 48]",0.18397626112759644,"(-1, 7]",False,False
CUS0001881,23.0,53.51,9.54,67,41,39,1,0,"(12, 24]",0.17828443281629602,"(30, 60]",False,True
CUS0003021,23.0,26.7,0.0,72,38,40,0,0,"(12, 24]",0.0,"(30, 60]",False,False
CUS0002666,17.0,12.1,19.8,100,193,22,0,0,"(12, 24]",1.6363636363636365,"(7, 30]",False,False
CUS0007532,56.0,11.64,2.11,515,41,10,0,0,"(48, 72]",0.1812714776632302,"(7, 30]",False,False
CUS0005146,45.0,27.5,6.89,987,145,24,8,1,"(24, 48]",0.2505454545454545,"(7, 30]",False,False
CUS0000285,11.0,24.59,10.7,881,218,3,1,0,"(6, 12]",0.43513623424156156,"(-1, 7]",False,False
CUS0002277,59.0,41.09,7.24,621,52,13,1,0,"(48, 72]",0.17619858846434655,"(7, 30]",False,True
CUS0005668,4.0,21.75,10.47,431,188,0,1,0,"(0, 6]",0.4813793103448276,"(-1, 7]",False,False
CUS0001034,65.0,19.81,10.28,795,50,15,0,0,"(48, 72]",0.5189298334174659,"(7, 30]",False,False
CUS0001891,56.0,16.51,12.47,32,21,15,0,0,"(48, 72]",0.7552998182919443,"(7, 30]",False,False
CUS0005902,50.0,68.79,3.91,224,60,47,1,1,"(48, 72]",0.0568396569268789,"(30, 60]",False,True
CUS0002902,21.0,23.2,6.61,3,151,39,1,1,"(12, 24]",0.2849137931034483,"(30, 60]",False,False
CUS0002266,63.0,29.26,1.99,171,211,8,0,0,"(48, 72]",0.06801093643198906,"(7, 30]",False,False
CUS0004956,2.0,29.47,4.23,831,10,36,0,0,"(0, 6]",0.1435357991177469,"(30, 60]",False,False
CUS0007108,2.0,21.66,21.28,837,235,18,1,0,"(0, 6]",0.9824561403508772,"(7, 30]",False,False
CUS0000846,18.0,27.03,6.6,853,297,23,1,0,"(12, 24]",0.244173140954495,"(7, 30]",False,False
CUS0004986,67.0,119.31,8.218195789745577,722,129,39,1,0,"(48, 72]",0.06888103084188732,"(30, 60]",True,False
CUS0005405,18.0,18.15,8.09,21,25,40,1,0,"(12, 24]",0.4457300275482094,"(30, 60]",False,False
CUS0001603,24.0,10.98,8.07,532,130,32,1,0,"(12, 24]",0.7349726775956285,"(30, 60]",False,False
CUS0003182,2.0,28.75,0.0,448,80,5,1,1,"(0, 6]",0.0,"(-1, 7]",False,False
CUS0007201,27.0,46.56,5.09,984,290,21,0,1,"(24, 48]",0.10932130584192438,"(7, 30]",False,True
CUS0003938,9.0,110.97,7.26,273,174,25,3,0,"(6, 12]",0.06542308732089754,"(7, 30]",True,False
CUS0005928,20.0,64.13,0.0,9,102,4,1,0,"(12, 24]",0.0,"(-1, 7]",True,False
CUS0000248,50.0,15.99,11.29,974,271,1,2,0,"(48, 72]",0.706066291432145,"(-1, 7]",False,False
CUS0007964,68.0,55.77,7.39,935,267,55,1,0,"(48, 72]",0.13250851712390171,"(30, 60]",False,True
CUS0007661,64.0,55.52662624177525,21.33,489,71,48,0,0,"(48, 72]",0.3841400323355582,"(30, 60]",False,True
CUS0003583,19.0,39.73,14.87,355,203,24,1,0,"(12, 24]",0.3742763654669016,"(7, 30]",False,True
CUS0000719,70.0,44.88,18.95,604,83,65,1,0,"(48, 72]",0.4222370766488413,,False,True
CUS0002913,7.0,28.37,1.56,987,25,25,0,1,"(6, 12]",0.05498766302432147,"(7, 30]",False,False
CUS0005236,22.0,11.94,14.73,396,19,7,1,0,"(12, 24]",1.2336683417085428,"(-1, 7]",False,False
CUS0001809,17.0,97.32,0.0,21,25,9,7,1,"(12, 24]",0.0,"(7, 30]",True,False
CUS0005225,3.0,26.43,8.218195789745577,860,224,1,0,0,"(0, 6]",0.31094195193891705,"(-1, 7]",False,False
CUS0004463,69.0,19.48,16.24,925,232,31,0,0,"(48, 72]",0.8336755646817248,"(30, 60]",False,False
CUS0005924,60.0,28.73,0.0,838,166,40,0,0,"(48, 72]",0.0,"(30, 60]",False,False
CUS0007345,45.0,75.61,3.93,851,149,14,1,0,"(24, 48]",0.051977251686284885,"(7, 30]",True,False
CUS0007700,3.0,13.9,0.0,338,91,49,1,0,"(0, 6]",0.0,"(30, 60]",False,False
CUS0006356,10.0,23.23,1.94,602,242,9,0,0,"(6, 12]",0.08351269909599655,"(7, 30]",False,False
CUS0005618,23.0,27.18,11.01,109,286,76,0,1,"(12, 24]",0.40507726269315675,,False,False
CUS0004408,68.0,103.94,9.83,407,288,19,0,0,"(48, 72]",0.09457379257263807,"(7, 30]",True,False
CUS0006464,72.0,69.78,5.77,148,187,2,1,0,"(48, 72]",0.08268844941243908,"(-1, 7]",False,True
CUS0005809,52.0,112.98,0.0,713,195,33,0,0,"(48, 72]",0.0,"(30, 60]",True,False
CUS0005416,57.0,97.92,8.3,180,11,32,0,1,"(48, 72]",0.08476307189542484,"(30, 60]",True,False
CUS0002969,46.0,63.6,2.32,732,181,42,2,0,"(24, 48]",0.03647798742138365,"(30, 60]",False,True
CUS0001482,61.0,28.1,13.85,324,39,26,3,0,"(48, 72]",0.49288256227758004,"(7, 30]",False,False
CUS0006086,65.0,82.41,9.46,584,224,27,2,0,"(48, 72]",0.11479189418759861,"(7, 30]",True,False
CUS0005534,69.0,116.65,8.57,84,216,28,1,0,"(48, 72]",0.07346763823403343,"(7, 30]",True,False
CUS0001821,59.0,45.29,8.37,20,5,12,0,0,"(48, 72]",0.18480900861117244,"(7, 30]",False,True
CUS0003154,71.0,22.01,10.64,550,64,51,2,0,"(48, 72]",0.48341662880508857,"(30, 60]",False,False
CUS0002859,59.0,25.52,7.21,839,62,19,0,0,"(48, 72]",0.28252351097178685,"(7, 30]",False,False
CUS0003469,23.0,17.5,7.26,659,272,65,0,0,"(12, 24]",0.41485714285714287,,False,False
CUS0006241,9.0,99.98,16.12,85,209,28,0,0,"(6, 12]",0.16123224644928985,"(7, 30]",True,False
CUS0002077,59.0,27.12,12.62,102,225,7,0,0,"(48, 72]",0.465339233038348,"(-1, 7]",False,False
CUS0004264,50.0,13.47,0.0,579,175,42,0,0,"(48, 72]",0.0,"(30, 60]",False,False
CUS0007143,4.0,65.22,0.0,76,190,6,0,0,"(0, 6]",0.0,"(-1, 7]",True,False
CUS0000724,10.0,24.68,6.62,630,284,11,6,0,"(6, 12]",0.26823338735818475,"(7, 30]",False,False
CUS0004306,42.0,55.78,15.21,98,155,16,3,0,"(24, 48]",0.2726783793474364,"(7, 30]",False,True
CUS0002745,48.0,68.89,9.69,325,271,70,1,1,"(24, 48]",0.1406590216286834,,False,True
CUS0001621,54.0,80.36,6.84,496,268,32,1,0,"(48, 72]",0.08511697361871577,"(30, 60]",True,False
CUS0006837,49.0,62.77,9.68,88,146,43,0,0,"(48, 72]",0.1542137963995539,"(30, 60]",False,True
CUS0002961,28.0,40.92,16.64,727,38,51,0,0,"(24, 48]",0.40664711632453565,"(30, 60]",False,True
CUS0000607,49.0,105.42,5.22,88,229,28,1,0,"(48, 72]",0.04951622083096186,"(7, 30]",True,False
CUS0003205,30.0,69.66,2.92,496,223,12,0,0,"(24, 48]",0.04191788687912719,"(7, 30]",False,True
CUS0002697,20.0,11.99,13.58,688,253,54,0,1,"(12, 24]",1.1326105087572977,"(30, 60]",False,False
CUS0005706,1.0,116.9,10.54,294,77,61,7,1,"(0, 6]",0.09016253207869973,,True,False
CUS0005441,31.0,39.85,4.52,743,219,9,0,0,"(24, 48]",0.11342534504391466,"(7, 30]",False,True
CUS0003478,48.0,25.23,0.0,783,16,33,0,0,"(24, 48]",0.0,"(30, 60]",False,False
CUS0001820,62.0,65.12,10.21,277,203,15,0,0,"(48, 72]",0.15678746928746928,"(7, 30]",False,True
CUS0005828,48.0,113.81,2.28,298,265,25,1,0,"(24, 48]",0.020033388981636056,"(7, 30]",True,False
CUS0003764,6.0,22.84,8.218195789745577,834,42,10,1,0,"(0, 6]",0.3598159277471794,"(7, 30]",False,False
CUS0006004,26.0,28.09,12.07,566,293,22,1,0,"(24, 48]",0.42969028123887504,"(7, 30]",False,False
CUS0004321,66.0,20.04,9.0,228,61,2,2,0,"(48, 72]",0.44910179640718567,"(-1, 7]",False,False
CUS0005378,53.0,28.6,9.81,58,168,21,0,0,"(48, 72]",0.343006993006993,"(7, 30]",False,False
CUS0002335,69.0,11.99,4.99,608,290,20,0,0,"(48, 72]",0.4161801501251043,"(7, 30]",False,False
CUS0000331,25.0,14.53,14.5,720,164,2,2,0,"(24, 48]",0.9979353062629044,"(-1, 7]",False,False
CUS0002763,68.0,86.62,17.73,649,127,36,1,0,"(48, 72]",0.2046871392288155,"(30, 60]",True,False
CUS0005001,13.0,56.25,9.2,842,17,29,0,0,"(12, 24]",0.16355555555555554,"(7, 30]",False,True
CUS0007788,19.0,28.88,5.13,19,147,35,0,0,"(12, 24]",0.17763157894736842,"(30, 60]",False,False
CUS0003127,41.0,10.17,5.49,558,169,43,1,0,"(24, 48]",0.5398230088495576,"(30, 60]",False,False
CUS0007969,58.0,55.52662624177525,6.62,83,120,0,1,0,"(48, 72]",0.11922208223447706,"(-1, 7]",False,True
CUS0000110,21.0,28.15,2.09,761,288,30,0,0,"(12, 24]",0.07424511545293072,"(7, 30]",False,False
CUS0006534,36.56668337929305,40.27,8.64,500,162,65,4,0,"(24, 48]",0.2145517755152719,,False,True
CUS0002766,37.0,93.37,3.16,113,51,16,0,0,"(24, 48]",0.03384384706008354,"(7, 30]",True,False
CUS0002062,9.0,21.81,12.44,590,30,6,0,0,"(6, 12]",0.5703805593764328,"(-1, 7]",False,False
CUS0003196,17.0,21.65,2.21,46,95,34,0,1,"(12, 24]",0.10207852193995381,"(30, 60]",False,False
CUS0003657,63.0,15.72,5.92,880,199,23,4,1,"(48, 72]",0.37659033078880405,"(7, 30]",False,False
CUS0004457,3.0,37.21,0.0,561,257,11,2,1,"(0, 6]",0.0,"(7, 30]",False,True
CUS0005427,10.0,11.0,14.72,767,18,28,0,1,"(6, 12]",1.3381818181818181,"(7, 30]",False,False
CUS0004324,49.0,24.38,14.36,80,212,14,3,0,"(48, 72]",0.5890073831009024,"(7, 30]",False,False
CUS0006147,7.0,36.41,14.08,926,112,44,0,0,"(6, 12]",0.38670694864048344,"(30, 60]",False,True
CUS0006163,58.0,50.9,12.04,767,159,32,0,0,"(48, 72]",0.23654223968565816,"(30, 60]",False,True
CUS0006739,43.0,18.98,6.94,859,173,14,1,0,"(24, 48]",0.36564805057955746,"(7, 30]",False,False
CUS0001212,34.0,24.43,4.31,340,83,30,0,0,"(24, 48]",0.17642243143675806,"(7, 30]",False,False
CUS0002768,53.0,23.69,10.86,944,139,9,0,0,"(48, 72]",0.4584212747994934,"(7, 30]",False,False
CUS0006492,61.0,21.25,2.21,510,138,29,1,0,"(48, 72]",0.104,"(7, 30]",False,False
CUS0005320,6.0,23.2,2.44,97,282,15,4,1,"(0, 6]",0.10517241379310345,"(7, 30]",False,False
CUS0007031,38.0,14.62,11.86,63,34,1,8,1,"(24, 48]",0.811217510259918,"(-1, 7]",False,False
CUS0000169,36.0,28.71,5.84,89,69,15,0,0,"(24, 48]",0.20341344479275514,"(7, 30]",False,False
CUS0000156,63.0,40.78,12.0,924,42,52,1,0,"(48, 72]",0.2942618930848455,"(30, 60]",False,True
CUS0001685,17.0,36.43,11.45,73,237,15,0,0,"(12, 24]",0.3143013999451002,"(7, 30]",False,True
CUS0005116,54.0,29.94,11.48,275,266,60,2,0,"(48, 72]",0.3834335337341349,"(30, 60]",False,False
CUS0007989,61.0,87.31,12.57,934,251,11,1,0,"(48, 72]",0.14396976291375557,"(7, 30]",True,False
CUS0005524,20.0,13.59,17.07,21,288,13,3,0,"(12, 24]",1.2560706401766004,"(7, 30]",False,False
CUS0001057,23.0,48.41,10.07,952,40,5,2,0,"(12, 24]",0.2080148729601322,"(-1, 7]",False,True
CUS0003427,53.0,54.79,17.62,680,90,54,0,0,"(48, 72]",0.3215915313013324,"(30, 60]",False,True
CUS0006429,13.0,23.48,19.3,638,248,17,2,1,"(12, 24]",0.8219761499148212,"(7, 30]",False,False
CUS0006781,64.0,26.89,3.95,871,65,12,0,1,"(48, 72]",0.14689475641502417,"(7, 30]",False,False
CUS0003416,52.0,47.08,0.0,131,56,37,0,0,"(48, 72]",0.0,"(30, 60]",False,True
CUS0004703,70.0,53.52,19.45,16,93,23,0,0,"(48, 72]",0.36341554559043343,"(7, 30]",False,True
CUS0005724,52.0,54.37,5.58,828,290,11,0,0,"(48, 72]",0.10263012690822146,"(7, 30]",False,True
CUS0004413,37.0,67.41,12.51,105,85,6,5,0,"(24, 48]",0.1855807743658211,"(-1, 7]",False,True
CUS0002661,13.0,24.53,12.38,114,51,47,1,0,"(12, 24]",0.5046881369751325,"(30, 60]",False,False
CUS0003729,11.0,29.67,17.5,336,297,11,0,0,"(6, 12]",0.5898213683855746,"(7, 30]",False,False
CUS0002883,21.0,32.97,0.0,121,150,41,1,1,"(12, 24]",0.0,"(30, 60]",False,True
CUS0000233,30.0,61.03,1.76,577,60,64,1,0,"(24, 48]",0.02883827625757824,,False,True
CUS0005830,29.0,37.63,9.47,391,229,35,2,0,"(24, 48]",0.25166090884932235,"(30, 60]",False,True
CUS0007104,28.0,117.51,10.33,779,136,19,0,0,"(24, 48]",0.08790741213513743,"(7, 30]",True,False
CUS0003202,18.0,55.52662624177525,5.86,466,127,49,1,0,"(12, 24]",0.10553495496888755,"(30, 60]",False,True
CUS0005945,70.0,49.43,6.61,195,150,32,1,0,"(48, 72]",0.13372445883066963,"(30, 60]",False,True
CUS0004104,62.0,58.74,11.72,11,210,2,1,0,"(48, 72]",0.19952332311882873,"(-1, 7]",False,True
CUS0006975,11.0,44.57,12.68,569,14,4,6,1,"(6, 12]",0.28449629795826786,"(-1, 7]",False,True
CUS0007871,11.0,48.27,7.44,305,245,7,4,0,"(6, 12]",0.15413300186451212,"(-1, 7]",False,True
CUS0006266,37.0,112.43,16.55,266,296,18,0,0,"(24, 48]",0.1472027039046518,"(7, 30]",True,False
CUS0003274,42.0,13.69,12.85,816,105,41,0,1,"(24, 48]",0.9386413440467495,"(30, 60]",False,False
CUS0001744,59.0,14.02,12.52,393,297,34,0,0,"(48, 72]",0.8930099857346647,"(30, 60]",False,False
CUS0006198,18.0,22.21,11.79,743,56,4,0,0,"(12, 24]",0.5308419630796938,"(-1, 7]",False,False
CUS0004043,17.0,69.79,11.97,655,283,49,1,0,"(12, 24]",0.17151454363089266,"(30, 60]",False,True
CUS0007941,12.0,28.56,6.69,28,241,7,0,0,"(6, 12]",0.23424369747899162,"(-1, 7]",False,False
CUS0002740,40.0,29.76,2.79,581,56,0,1,0,"(24, 48]",0.09375,"(-1, 7]",False,False
CUS0003904,36.0,20.25,1.86,344,265,31,6,1,"(24, 48]",0.09185185185185185,"(30, 60]",False,False
CUS0003314,3.0,99.37,6.01,363,271,22,0,0,"(0, 6]",0.06048103049210023,"(7, 30]",True,False
CUS0005149,72.0,28.7,8.218195789745577,412,235,0,1,0,"(48, 72]",0.28634828535698875,"(-1, 7]",False,False
CUS0001702,3.0,14.85,8.218195789745577,128,142,8,2,1,"(0, 6]",0.553413857895325,"(7, 30]",False,False
CUS0001161,45.0,24.92,9.56,842,128,17,0,0,"(24, 48]",0.38362760834670945,"(7, 30]",False,False
CUS0002120,63.0,54.28,2.95,129,30,26,0,0,"(48, 72]",0.05434782608695653,"(7, 30]",False,True
CUS0004226,17.0,17.0,2.46,798,192,52,2,1,"(12, 24]",0.14470588235294118,"(30, 60]",False,False
CUS0003418,32.0,22.84,16.15,359,208,37,2,0,"(24, 48]",0.7070928196147109,"(30, 60]",False,False
CUS0005090,65.0,15.45,8.218195789745577,342,205,8,0,0,"(48, 72]",0.5319220575887105,"(7, 30]",False,False
CUS0001636,41.0,77.09,17.21,434,1,13,0,0,"(24, 48]",0.22324555714100403,"(7, 30]",True,False
CUS0003178,30.0,26.02,5.77,232,216,18,8,1,"(24, 48]",0.22175249807840122,"(7, 30]",False,False
CUS0004050,53.0,15.36,5.25,1,208,6,0,0,"(48, 72]",0.341796875,"(-1, 7]",False,False
CUS0001647,57.0,17.66,3.49,77,199,1,0,0,"(48, 72]",0.19762174405436014,"(-1, 7]",False,False
CUS0006806,36.0,41.09,8.218195789745577,749,100,39,0,0,"(24, 48]",0.20000476490011138,"(30, 60]",False,True
CUS0003647,67.0,11.63,4.41,231,152,39,0,0,"(48, 72]",0.3791917454858125,"(30, 60]",False,False
CUS0005215,9.0,88.58,8.218195789745577,78,65,36,0,1,"(6, 12]",0.09277710306779835,"(30, 60]",True,False
CUS0006021,58.0,55.52662624177525,8.87,535,188,24,1,0,"(48, 72]",0.1597431826918144,"(7, 30]",True,False
CUS0007545,11.0,116.56,6.65,796,165,39,5,0,"(6, 12]",0.05705216197666438,"(30, 60]",True,False
CUS0000464,72.0,25.39,0.35,441,212,20,0,0,"(48, 72]",0.01378495470657739,"(7, 30]",False,False
CUS0001362,31.0,99.22,8.218195789745577,424,297,13,2,0,"(24, 48]",0.08282801642557526,"(7, 30]",True,False
CUS0005007,17.0,13.33,3.79,397,240,31,1,1,"(12, 24]",0.2843210802700675,"(30, 60]",False,False
CUS0006609,39.0,46.88,10.89,422,57,3,6,1,"(24, 48]",0.2322952218430034,"(-1, 7]",False,True
CUS0006277,6.0,22.83,11.82,893,24,8,1,0,"(0, 6]",0.5177398160315375,"(7, 30]",False,False
CUS0002998,17.0,43.63885951963101,15.53,391,16,50,0,0,"(12, 24]",0.35587547820799037,"(30, 60]",False,False
CUS0001442,38.0,25.17,0.0,55,24,31,2,0,"(24, 48]",0.0,"(30, 60]",False,False
CUS0004502,38.0,13.35,5.61,811,191,3,0,0,"(24, 48]",0.42022471910112363,"(-1, 7]",False,False
CUS0005960,8.0,76.35,8.5,381,132,14,2,1,"(6, 12]",0.11132940406024887,"(7, 30]",True,False
CUS0005745,6.0,25.29,1.56,994,145,3,1,1,"(0, 6]",0.06168446026097272,"(-1, 7]",False,False
CUS0000908,24.0,55.52662624177525,8.7,813,211,16,1,0,"(12, 24]",0.1566815884350378,"(7, 30]",False,True
CUS0001197,46.0,60.39,13.17,685,161,85,1,0,"(24, 48]",0.21808246398410333,,False,True
CUS0002672,46.0,110.26,12.57,186,103,18,1,0,"(24, 48]",0.11400326500997641,"(7, 30]",True,False
CUS0004419,59.0,18.99,0.01,260,127,18,0,0,"(48, 72]",0.0005265929436545551,"(7, 30]",False,False
CUS0003656,63.0,21.97,14.55,210,73,21,1,0,"(48, 72]",0.6622667273554849,"(7, 30]",False,False
CUS0000300,10.0,31.2,11.2,776,133,16,0,0,"(6, 12]",0.358974358974359,"(7, 30]",False,True
CUS0006290,40.0,101.6,12.65,972,276,49,3,0,"(24, 48]",0.12450787401574805,"(30, 60]",True,False
CUS0002505,33.0,12.63,9.79,826,256,36,2,0,"(24, 48]",0.7751385589865398,"(30, 60]",False,False
CUS0001468,57.0,59.01,0.0,258,166,82,1,0,"(48, 72]",0.0,,False,True
CUS0004353,14.0,31.37,8.218195789745577,562,216,3,0,0,"(12, 24]",0.2619762763705954,"(-1, 7]",False,True
CUS0005637,7.0,14.73,4.01,29,230,51,2,1,"(6, 12]",0.27223353699932107,"(30, 60]",False,False
CUS0004921,67.0,14.24,11.58,989,62,3,1,0,"(48, 72]",0.8132022471910112,"(-1, 7]",False,False
CUS0002373,35.0,21.09,21.83,201,292,8,2,0,"(24, 48]",1.0350877192982455,"(7, 30]",False,False
CUS0002017,37.0,66.4,8.218195789745577,740,296,39,0,0,"(24, 48]",0.12376800888171048,"(30, 60]",False,True
CUS0001796,30.0,85.04,5.42,264,276,9,4,1,"(24, 48]",0.06373471307619943,"(7, 30]",True,False
CUS0006406,3.0,112.89,12.31,247,71,21,1,0,"(0, 6]",0.1090442023208433,"(7, 30]",True,False
CUS0004846,62.0,23.34,0.95,782,171,13,0,0,"(48, 72]",0.04070265638389031,"(7, 30]",False,False
CUS0000038,7.0,31.49,15.06,546,296,10,0,0,"(6, 12]",0.47824706255954275,"(7, 30]",False,True
CUS0003730,34.0,39.27,1.23,327,56,11,0,0,"(24, 48]",0.03132161955691367,"(7, 30]",False,True
CUS0002275,32.0,12.98,4.88,164,211,59,0,1,"(24, 48]",0.3759630200308166,"(30, 60]",False,False
CUS0004277,32.0,113.59,17.41,539,12,3,0,0,"(24, 48]",0.15327053437802624,"(-1, 7]",True,False
CUS0006832,43.0,25.7,10.99,961,57,22,2,0,"(24, 48]",0.4276264591439689,"(7, 30]",False,False
CUS0007807,5.0,14.3,11.33,352,41,56,3,1,"(0, 6]",0.7923076923076923,"(30, 60]",False,False
CUS0007410,5.0,14.29,12.4,585,200,7,0,0,"(0, 6]",0.8677396780965712,"(-1, 7]",False,False
CUS0005895,58.0,54.08,10.12,583,236,20,0,0,"(48, 72]",0.18713017751479288,"(7, 30]",False,True
CUS0003285,2.0,16.51,0.0,788,103,53,1,1,"(0, 6]",0.0,"(30, 60]",False,False
CUS0007503,63.0,25.6,3.71,734,160,35,2,1,"(48, 72]",0.14492187499999998,"(30, 60]",False,False
CUS0004664,15.0,108.45,18.45,941,269,25,0,0,"(12, 24]",0.1701244813278008,"(7, 30]",True,False
CUS0005661,26.0,65.09,13.27,245,11,13,1,0,"(24, 48]",0.20387156245198954,"(7, 30]",False,True
CUS0007494,25.0,61.03,23.06,694,66,1,0,0,"(24, 48]",0.37784696051122396,"(-1, 7]",True,False
CUS0005819,64.0,16.66,7.67,369,231,21,0,0,"(48, 72]",0.46038415366146457,"(7, 30]",False,False
CUS0004534,30.0,36.2,9.98,822,117,8,3,1,"(24, 48]",0.27569060773480664,"(7, 30]",False,True
CUS0003732,67.0,70.34,12.68,165,193,38,0,0,"(48, 72]",0.18026727324424224,"(30, 60]",True,False
CUS0002801,47.0,28.01,13.32,137,94,22,0,0,"(24, 48]",0.4755444484112817,"(7, 30]",False,False
CUS0002236,54.0,52.14,0.0,382,53,25,0,1,"(48, 72]",0.0,"(7, 30]",False,True
CUS0007192,59.0,16.37,10.98,603,144,7,0,0,"(48, 72]",0.6707391569945022,"(-1, 7]",False,False
CUS0002844,20.0,28.38,5.65,881,84,25,0,0,"(12, 24]",0.19908386187455956,"(7, 30]",False,False
CUS0001267,9.0,93.37,8.218195789745577,663,229,21,0,0,"(6, 12]",0.088017519436067,"(7, 30]",True,False
CUS0005957,59.0,71.44,0.38,408,54,20,0,0,"(48, 72]",0.005319148936170213,"(7, 30]",True,False
CUS0005154,10.0,81.04,7.75,858,221,1,0,0,"(6, 12]",0.09563178677196446,"(-1, 7]",True,False
CUS0002793,27.0,43.01,1.42,771,159,33,0,1,"(24, 48]",0.03301557777261102,"(30, 60]",False,True
CUS0004219,62.0,18.84,2.63,594,146,18,0,0,"(48, 72]",0.13959660297239915,"(7, 30]",False,False
CUS0005965,52.0,118.24,13.72,809,47,77,2,0,"(48, 72]",0.11603518267929636,,True,False
CUS0001577,50.0,38.76,13.18,543,170,9,1,0,"(48, 72]",0.34004127966976266,"(7, 30]",False,True
CUS0004815,62.0,20.67,0.0,90,143,46,0,0,"(48, 72]",0.0,"(30, 60]",False,False
CUS0001023,71.0,60.55,15.92,791,55,23,0,0,"(48, 72]",0.2629232039636664,"(7, 30]",True,False
CUS0000465,8.0,99.41,11.08,391,221,14,1,0,"(6, 12]",0.1114575998390504,"(7, 30]",True,False
CUS0005006,46.0,10.33,17.65,765,64,4,3,0,"(24, 48]",1.7086156824782186,"(-1, 7]",False,False
CUS0001422,15.0,53.78,19.87,895,285,16,0,0,"(12, 24]",0.3694682037932317,"(7, 30]",False,True
CUS0001758,2.0,101.59,9.43,943,25,3,1,0,"(0, 6]",0.09282409685992715,"(-1, 7]",True,False
CUS0004908,60.0,51.32,0.0,678,127,2,0,0,"(48, 72]",0.0,"(-1, 7]",False,True
CUS0000193,6.0,107.75,0.71,998,166,46,0,0,"(0, 6]",0.0065893271461716935,"(30, 60]",True,False
CUS0001230,27.0,33.26,17.81,453,281,0,0,0,"(24, 48]",0.5354780517137703,"(-1, 7]",False,True
CUS0002599,37.0,10.56,13.6,961,14,18,0,0,"(24, 48]",1.2878787878787878,"(7, 30]",False,False
CUS0004287,50.0,11.61,0.11,332,163,33,2,0,"(48, 72]",0.009474590869939707,"(30, 60]",False,False
CUS0003604,63.0,17.26,8.22,866,219,24,1,0,"(48, 72]",0.4762456546929316,"(7, 30]",False,False
CUS0002629,70.0,55.52662624177525,0.0,422,49,43,2,0,"(48, 72]",0.0,"(30, 60]",False,False
CUS0002789,58.0,20.77,17.29,929,144,24,1,0,"(48, 72]",0.8324506499759268,"(7, 30]",False,False
CUS0001720,54.0,18.42,0.52,864,185,1,2,0,"(48, 72]",0.02823018458197611,"(-1, 7]",False,False
CUS0003966,25.0,15.78,9.3,837,97,11,6,0,"(24, 48]",0.5893536121673004,"(7, 30]",False,False
CUS0005199,17.0,64.54,6.1,718,290,61,1,1,"(12, 24]",0.09451502943910751,,True,False
CUS0003654,19.0,18.95,3.57,587,25,22,0,1,"(12, 24]",0.18839050131926122,"(7, 30]",False,False
CUS0003355,18.0,117.03,16.38,981,205,22,2,0,"(12, 24]",0.1399641117662138,"(7, 30]",True,False
CUS0000196,39.0,118.84,11.19,77,292,3,0,0,"(24, 48]",0.09416021541568495,"(-1, 7]",True,False
CUS0003165,8.0,19.71,5.81,68,137,29,0,1,"(6, 12]",0.2947742262810756,"(7, 30]",False,False
CUS0006272,49.0,64.75,4.31,765,117,27,0,0,"(48, 72]",0.06656370656370655,"(7, 30]",False,True
CUS0006378,6.0,39.59,14.04,395,91,21,3,0,"(0, 6]",0.3546350088406163,"(7, 30]",False,True
CUS0005435,11.0,93.28,3.17,330,120,14,2,0,"(6, 12]",0.03398370497427101,"(7, 30]",True,False
CUS0006671,61.0,29.41,3.27,690,157,52,1,0,"(48, 72]",0.11118667120027202,"(30, 60]",False,False
CUS0003598,34.0,33.64,8.218195789745577,845,284,55,3,1,"(24, 48]",0.2442983290649696,"(30, 60]",False,True
CUS0004045,16.0,23.68,0.0,787,234,34,1,1,"(12, 24]",0.0,"(30, 60]",False,False
CUS0005290,71.0,27.54,8.9,345,261,15,0,0,"(48, 72]",0.32316630355846043,"(7, 30]",False,False
CUS0000855,64.0,16.24,4.31,317,280,26,2,1,"(48, 72]",0.26539408866995073,"(7, 30]",False,False
CUS0007566,10.0,12.49,7.63,942,193,6,0,0,"(6, 12]",0.610888710968775,"(-1, 7]",False,False
CUS0002273,55.0,116.83,6.16,946,13,8,6,0,"(48, 72]",0.052726183343319355,"(7, 30]",True,False
CUS0006761,45.0,11.78,4.19,150,49,24,1,1,"(24, 48]",0.35568760611205436,"(7, 30]",False,False
CUS0001144,27.0,65.43,11.99,851,61,21,0,0,"(24, 48]",0.18324927403331803,"(7, 30]",True,False
CUS0000271,42.0,38.0,0.0,17,126,26,0,0,"(24, 48]",0.0,"(7, 30]",False,True
CUS0006432,46.0,10.71,16.9,925,223,11,0,0,"(24, 48]",1.5779645191409895,"(7, 30]",False,False
CUS0001628,58.0,69.81,10.45,47,77,23,0,0,"(48, 72]",0.14969202120040107,"(7, 30]",False,True
CUS0002612,48.0,12.29,14.04,30,227,29,0,0,"(24, 48]",1.1423921887713588,"(7, 30]",False,False
CUS0000519,55.0,30.74,0.97,123,136,14,2,1,"(48, 72]",0.03155497722836695,"(7, 30]",False,True
CUS0002444,1.0,19.29,7.92,6,90,48,0,0,"(0, 6]",0.4105754276827372,"(30, 60]",False,False
CUS0004002,66.0,65.6,15.23,375,180,38,1,0,"(48, 72]",0.2321646341463415,"(30, 60]",True,False
CUS0005129,53.0,29.83,10.15,430,114,15,0,0,"(48, 72]",0.34026148172980225,"(7, 30]",False,False
CUS0007629,54.0,55.52662624177525,5.57,663,266,51,0,0,"(48, 72]",0.10031223535438628,"(30, 60]",False,False
CUS0002114,63.0,96.06,15.92,685,216,18,3,0,"(48, 72]",0.16572975223818445,"(7, 30]",True,False
CUS0003788,5.0,70.43,8.32,795,259,26,0,0,"(0, 6]",0.11813147806332527,"(7, 30]",True,False
CUS0004215,58.0,105.83,12.49,133,137,9,0,0,"(48, 72]",0.11801946518000567,"(7, 30]",True,False
CUS0000361,46.0,27.96,4.97,19,108,31,3,0,"(24, 48]",0.1777539341917024,"(30, 60]",False,False
CUS0007808,71.0,15.09,13.55,572,90,8,0,0,"(48, 72]",0.8979456593770709,"(7, 30]",False,False
CUS0006888,9.0,86.14,8.19,107,236,32,0,0,"(6, 12]",0.09507778035755746,"(30, 60]",True,False
CUS0000289,43.0,67.96,8.79,807,217,24,3,0,"(24, 48]",0.12934078869923485,"(7, 30]",False,True
CUS0002339,71.0,53.58,13.49,863,131,25,0,0,"(48, 72]",0.2517730496453901,"(7, 30]",False,True
CUS0007132,49.0,10.95,1.31,344,89,27,0,0,"(48, 72]",0.11963470319634704,"(7, 30]",False,False
CUS0003807,2.0,90.45,8.07,668,80,18,0,0,"(0, 6]",0.08922056384742952,"(7, 30]",True,False
CUS0007310,38.0,37.48,6.97,849,166,52,0,1,"(24, 48]",0.18596584845250802,"(30, 60]",False,True
CUS0000686,27.0,119.48,10.05,897,76,3,0,0,"(24, 48]",0.08411449614998326,"(-1, 7]",True,False
CUS0002145,13.0,19.55,12.25,984,50,15,4,1,"(12, 24]",0.6265984654731458,"(7, 30]",False,False
CUS0001419,32.0,43.11,10.79,411,207,36,0,0,"(24, 48]",0.2502899559266991,"(30, 60]",False,True
CUS0004555,14.0,17.98,7.44,410,239,2,0,0,"(12, 24]",0.41379310344827586,"(-1, 7]",False,False
CUS0003621,30.0,118.94,6.29,819,175,66,1,0,"(24, 48]",0.05288380696149319,,True,False
CUS0004498,21.0,41.48,0.0,258,228,41,2,1,"(12, 24]",0.0,"(30, 60]",False,True
CUS0006011,22.0,95.52,2.89,366,91,38,3,1,"(12, 24]",0.030255443886097154,"(30, 60]",True,False
CUS0006927,24.0,21.97,6.32,187,114,5,1,0,"(12, 24]",0.28766499772416937,"(-1, 7]",False,False
CUS0007921,72.0,12.47,0.0,111,295,41,0,0,"(48, 72]",0.0,"(30, 60]",False,False
CUS0004519,49.0,14.99,3.15,414,157,11,0,0,"(48, 72]",0.21014009339559706,"(7, 30]",False,False
CUS0007437,68.0,117.37,3.76,916,70,3,5,0,"(48, 72]",0.032035443469370366,"(-1, 7]",True,False
CUS0000416,11.0,21.72,0.0,769,47,2,1,0,"(6, 12]",0.0,"(-1, 7]",False,False
CUS0006355,25.0,16.82,6.69,306,61,7,5,0,"(24, 48]",0.3977407847800238,"(-1, 7]",False,False
CUS0007018,31.0,20.27,14.63,5,277,8,0,0,"(24, 48]",0.7217562900838679,"(7, 30]",False,False
CUS0004090,72.0,59.5,8.53,698,208,40,2,0,"(48, 72]",0.14336134453781513,"(30, 60]",False,True
CUS0004345,30.0,58.04,9.24,481,147,3,3,1,"(24, 48]",0.15920055134390076,"(-1, 7]",False,True
CUS0003201,44.0,11.07,2.38,850,15,16,0,0,"(24, 48]",0.2149954832881662,"(7, 30]",False,False
CUS0000537,71.0,16.31,16.97,695,167,15,3,0,"(48, 72]",1.040465971796444,"(7, 30]",False,False
CUS0000147,20.0,21.33,1.27,187,143,10,1,0,"(12, 24]",0.05954055321143929,"(7, 30]",False,False
CUS0001164,67.0,29.29,11.13,17,9,23,1,0,"(48, 72]",0.37999317173096625,"(7, 30]",False,False
CUS0003722,59.0,56.31,8.218195789745577,120,215,15,0,0,"(48, 72]",0.1459455831956238,"(7, 30]",False,True
CUS0000295,11.0,64.81,4.31,56,108,18,1,0,"(6, 12]",0.06650208301188087,"(7, 30]",False,True
CUS0004662,13.0,15.8,9.88,914,20,28,0,1,"(12, 24]",0.6253164556962025,"(7, 30]",False,False
CUS0002021,19.0,112.13,5.27,725,147,78,0,0,"(12, 24]",0.04699901899580843,,True,False
CUS0003374,72.0,27.09,16.79,726,47,37,0,0,"(48, 72]",0.6197858988556663,"(30, 60]",False,False
CUS0001151,1.0,72.69,5.27,927,265,14,0,1,"(0, 6]",0.07249965607373779,"(7, 30]",True,False
CUS0005039,28.0,17.23,2.86,499,152,27,0,0,"(24, 48]",0.16598955310504931,"(7, 30]",False,False
CUS0007091,29.0,34.74,9.51,446,163,41,1,0,"(24, 48]",0.27374784110535405,"(30, 60]",False,True
CUS0001597,54.0,109.49,12.78,698,211,23,0,0,"(48, 72]",0.1167229884007672,"(7, 30]",True,False
CUS0001427,16.0,62.92,3.85,872,248,1,1,1,"(12, 24]",0.06118881118881119,"(-1, 7]",False,True
CUS0002708,39.0,20.18,8.83,289,107,38,0,0,"(24, 48]",0.4375619425173439,"(30, 60]",False,False
CUS0007432,33.0,24.5,3.03,138,244,17,0,0,"(24, 48]",0.1236734693877551,"(7, 30]",False,False
CUS0000175,51.0,61.25,5.92,465,85,19,1,0,"(48, 72]",0.0966530612244898,"(7, 30]",False,True
CUS0003842,59.0,70.7,11.11,126,204,39,0,0,"(48, 72]",0.15714285714285714,"(30, 60]",True,False
CUS0005198,43.0,26.81,7.61,335,173,20,1,0,"(24, 48]",0.28384930995897056,"(7, 30]",False,False
CUS0001438,6.0,22.92,4.59,10,114,17,3,1,"(0, 6]",0.20026178010471202,"(7, 30]",False,False
CUS0003437,39.0,15.66,10.47,659,240,56,0,0,"(24, 48]",0.6685823754789273,"(30, 60]",False,False
CUS0000005,25.0,22.71,4.31,988,261,23,0,0,"(24, 48]",0.1897842360193747,"(7, 30]",False,False
CUS0000159,46.0,17.05,0.0,485,124,11,0,0,"(24, 48]",0.0,"(7, 30]",False,False
CUS0007225,16.0,70.24,14.06,108,58,9,0,0,"(12, 24]",0.20017084282460137,"(7, 30]",True,False
CUS0007205,39.0,24.0,17.38,822,233,4,0,0,"(24, 48]",0.7241666666666666,"(-1, 7]",False,False
CUS0004774,5.0,29.56,14.58,468,84,56,2,1,"(0, 6]",0.49323410013531804,"(30, 60]",False,False
CUS0002407,1.0,14.28,5.2,752,296,13,5,0,"(0, 6]",0.36414565826330536,"(7, 30]",False,False
CUS0002812,11.0,17.68,4.16,682,12,16,3,0,"(6, 12]",0.23529411764705885,"(7, 30]",False,False
CUS0001942,71.0,29.11,11.56,660,164,26,1,0,"(48, 72]",0.3971143936791481,"(7, 30]",False,False
CUS0002137,37.0,20.65,1.43,869,270,33,3,0,"(24, 48]",0.0692493946731235,"(30, 60]",False,False
CUS0002237,23.0,23.42,3.11,537,223,36,7,0,"(12, 24]",0.13279248505550809,"(30, 60]",False,False
CUS0001192,49.0,102.6,5.44,988,240,21,3,0,"(48, 72]",0.05302144249512671,"(7, 30]",True,False
CUS0007684,10.0,43.11,3.74,59,161,7,0,0,"(6, 12]",0.08675481326838322,"(-1, 7]",False,True
CUS0000057,47.0,32.15,0.42,571,45,25,0,0,"(24, 48]",0.013063763608087092,"(7, 30]",False,True
CUS0002424,35.0,14.66,20.4,824,133,22,4,1,"(24, 48]",1.3915416098226465,"(7, 30]",False,False
CUS0006631,36.0,17.12,0.0,4,153,13,0,0,"(24, 48]",0.0,"(7, 30]",False,False
CUS0002452,26.0,29.87,11.33,897,235,11,6,1,"(24, 48]",0.3793103448275862,"(7, 30]",False,False
CUS0000757,58.0,48.8,8.218195789745577,820,243,49,1,0,"(48, 72]",0.16840565142921265,"(30, 60]",False,True
CUS0000940,55.0,15.42,12.15,86,63,20,3,0,"(48, 72]",0.7879377431906615,"(7, 30]",False,False
CUS0007625,40.0,11.1,9.53,691,126,14,1,0,"(24, 48]",0.8585585585585586,"(7, 30]",False,False
CUS0001951,66.0,25.18,14.93,55,214,23,0,0,"(48, 72]",0.5929308975377283,"(7, 30]",False,False
CUS0001007,38.0,11.14,10.89,446,33,33,0,0,"(24, 48]",0.9775583482944344,"(30, 60]",False,False
CUS0000152,29.0,83.57,0.0,863,272,7,4,0,"(24, 48]",0.0,"(-1, 7]",True,False
CUS0003386,54.0,17.2,7.14,526,80,34,0,0,"(48, 72]",0.41511627906976745,"(30, 60]",False,False
CUS0002570,28.0,24.6,0.0,424,237,40,1,0,"(24, 48]",0.0,"(30, 60]",False,False
CUS0007509,27.0,106.05,15.89,112,270,35,2,0,"(24, 48]",0.14983498349834984,"(30, 60]",True,False
CUS0002085,71.0,74.01,6.3,552,108,34,1,0,"(48, 72]",0.0851236319416295,"(30, 60]",True,False
CUS0001698,23.0,25.74,4.73,871,193,11,0,0,"(12, 24]",0.1837606837606838,"(7, 30]",False,False
CUS0007692,67.0,15.49,4.97,356,87,53,2,0,"(48, 72]",0.32085216268560357,"(30, 60]",False,False
CUS0005900,63.0,29.03,0.0,646,61,4,0,0,"(48, 72]",0.0,"(-1, 7]",False,False
CUS0004701,63.0,23.41,19.3,217,266,26,3,0,"(48, 72]",0.8244340025630073,"(7, 30]",False,False
CUS0000880,1.0,53.35,3.4,228,11,52,1,1,"(0, 6]",0.06373008434864105,"(30, 60]",False,True
CUS0003449,55.0,76.42,5.86,714,133,29,0,1,"(48, 72]",0.07668149699031668,"(7, 30]",True,False
CUS0001979,61.0,37.25,18.24,169,168,16,0,0,"(48, 72]",0.4896644295302013,"(7, 30]",False,True
CUS0003996,59.0,41.81,1.22,552,41,6,0,0,"(48, 72]",0.029179622099976082,"(-1, 7]",False,True
CUS0005759,53.0,60.32,4.76,560,266,11,3,0,"(48, 72]",0.07891246684350132,"(7, 30]",True,False
CUS0001256,34.0,10.03,4.29,241,57,10,1,0,"(24, 48]",0.4277168494516451,"(7, 30]",False,False
CUS0002473,2.0,10.74,6.23,586,95,43,0,1,"(0, 6]",0.580074487895717,"(30, 60]",False,False
CUS0007803,60.0,41.34,9.05,550,24,46,8,1,"(48, 72]",0.2189163038219642,"(30, 60]",False,True
CUS0005520,3.0,22.4,7.45,891,26,13,0,1,"(0, 6]",0.33258928571428575,"(7, 30]",False,False
CUS0003563,56.0,14.56,0.0,193,30,25,4,1,"(48, 72]",0.0,"(7, 30]",False,False
CUS0000073,10.0,10.76,15.29,956,44,55,2,1,"(6, 12]",1.4210037174721188,"(30, 60]",False,False
CUS0000369,59.0,19.17,0.57,82,14,29,2,0,"(48, 72]",0.029733959311424096,"(7, 30]",False,False
CUS0002110,71.0,49.38,10.77,842,84,21,1,0,"(48, 72]",0.2181044957472661,"(7, 30]",False,True
CUS0006720,66.0,20.24,7.59,474,88,19,0,0,"(48, 72]",0.375,"(7, 30]",False,False
CUS0004158,4.0,15.86,7.26,991,105,45,1,0,"(0, 6]",0.4577553593947037,"(30, 60]",False,False
CUS0004802,42.0,113.89,8.218195789745577,20,68,50,3,0,"(24, 48]",0.07215906391909366,"(30, 60]",True,False
CUS0007403,23.0,60.74,11.02,173,293,14,1,0,"(12, 24]",0.18142904181758313,"(7, 30]",True,False
CUS0005778,40.0,28.14,7.19,264,76,7,3,0,"(24, 48]",0.2555081734186212,"(-1, 7]",False,False
CUS0003515,32.0,51.04,13.97,943,228,9,0,0,"(24, 48]",0.27370689655172414,"(7, 30]",False,True
CUS0002977,2.0,39.26,11.07,500,14,50,1,1,"(0, 6]",0.28196637799286806,"(30, 60]",False,True
CUS0000977,7.0,26.95,15.15,371,51,39,0,0,"(6, 12]",0.562152133580705,"(30, 60]",False,False
CUS0004360,72.0,60.57,2.63,520,120,34,3,0,"(48, 72]",0.04342083539706125,"(30, 60]",False,True
CUS0007659,22.0,20.83,10.54,870,161,37,1,0,"(12, 24]",0.5060009601536246,"(30, 60]",False,False
CUS0001677,3.0,11.45,9.19,881,226,2,0,1,"(0, 6]",0.8026200873362446,"(-1, 7]",False,False
CUS0001899,49.0,42.89,1.49,775,109,35,0,0,"(48, 72]",0.03474003264164141,"(30, 60]",False,True
CUS0002522,11.0,26.35,9.4,40,76,24,1,0,"(6, 12]",0.3567362428842505,"(7, 30]",False,False
CUS0002589,68.0,58.04,5.82,717,273,10,0,0,"(48, 72]",0.10027567195037905,"(7, 30]",False,True
CUS0002660,58.0,69.25,4.87,529,293,47,0,0,"(48, 72]",0.07032490974729241,"(30, 60]",False,True
CUS0002061,70.0,52.11,0.0,158,237,41,1,0,"(48, 72]",0.0,"(30, 60]",False,True
CUS0000206,30.0,72.03,8.6,465,129,7,0,0,"(24, 48]",0.11939469665417186,"(-1, 7]",True,False
CUS0002298,67.0,66.6,7.86,410,119,51,1,0,"(48, 72]",0.11801801801801803,"(30, 60]",False,True
CUS0007029,43.0,13.6,9.44,579,214,50,0,0,"(24, 48]",0.6941176470588235,"(30, 60]",False,False
CUS0001954,16.0,20.95,8.49,333,27,32,0,0,"(12, 24]",0.4052505966587112,"(30, 60]",False,False
CUS0005141,56.0,18.38,1.36,966,277,1,2,0,"(48, 72]",0.07399347116430904,"(-1, 7]",False,False
CUS0005040,29.0,59.15,4.27,502,187,17,0,0,"(24, 48]",0.07218934911242603,"(7, 30]",False,True
CUS0006194,7.0,43.56,0.0,676,75,12,1,0,"(6, 12]",0.0,"(7, 30]",False,True
CUS0007857,47.0,49.75,7.57,549,191,29,0,0,"(24, 48]",0.15216080402010052,"(7, 30]",False,True
CUS0005667,27.0,63.19,8.218195789745577,110,84,10,1,0,"(24, 48]",0.1300553218823481,"(7, 30]",False,True
CUS0002144,17.0,55.52662624177525,6.24,324,185,4,0,0,"(12, 24]",0.1123785186016823,"(-1, 7]",True,False
CUS0003334,54.0,19.08,8.218195789745577,613,26,14,0,0,"(48, 72]",0.4307230497770219,"(7, 30]",False,False
CUS0006599,33.0,96.91,0.0,489,29,13,0,0,"(24, 48]",0.0,"(7, 30]",True,False
CUS0004212,17.0,22.38,6.83,162,185,16,0,0,"(12, 24]",0.305183199285076,"(7, 30]",False,False
CUS0005443,32.0,97.96,15.88,981,159,15,1,0,"(24, 48]",0.162106982441813,"(7, 30]",True,False
CUS0004702,7.0,24.59,10.65,232,210,16,5,0,"(6, 12]",0.43310288735258234,"(7, 30]",False,False
CUS0007745,55.0,55.52662624177525,1.26,14,15,10,1,0,"(48, 72]",0.022691816256108926,"(7, 30]",True,False
CUS0002705,67.0,11.21,20.19,937,270,48,0,0,"(48, 72]",1.8010704727921498,"(30, 60]",False,False
CUS0001117,28.0,95.36,2.83,779,200,7,0,0,"(24, 48]",0.029677013422818792,"(-1, 7]",True,False
CUS0003111,23.0,14.67,0.7,985,176,27,0,1,"(12, 24]",0.04771642808452624,"(7, 30]",False,False
CUS0007486,9.0,102.91,4.08,715,1,44,0,0,"(6, 12]",0.0396462928772714,"(30, 60]",True,False
CUS0001869,38.0,58.79,16.42,315,180,22,0,0,"(24, 48]",0.2792992005443103,"(7, 30]",False,True
CUS0000338,14.0,46.81,0.84,769,56,19,1,0,"(12, 24]",0.01794488357188635,"(7, 30]",False,True
CUS0006740,41.0,95.02,9.12,178,21,26,3,0,"(24, 48]",0.09597979372763628,"(7, 30]",True,False
CUS0001116,70.0,112.07,7.35,592,3,24,4,0,"(48, 72]",0.06558400999375391,"(7, 30]",True,False
CUS0002627,33.0,14.35,14.26,607,164,33,0,1,"(24, 48]",0.9937282229965156,"(30, 60]",False,False
CUS0003693,25.0,22.84,8.28,393,2,32,0,0,"(24, 48]",0.3625218914185639,"(30, 60]",False,False
CUS0001958,17.0,35.14,8.218195789745577,586,245,39,2,1,"(12, 24]",0.23387011353857645,"(30, 60]",False,True
CUS0001998,33.0,17.1,5.08,114,145,7,2,0,"(24, 48]",0.2970760233918128,"(-1, 7]",False,False
CUS0004159,62.0,12.89,7.3,598,125,35,1,0,"(48, 72]",0.5663304887509697,"(30, 60]",False,False
CUS0005691,30.0,15.62,10.51,154,99,39,1,0,"(24, 48]",0.6728553137003841,"(30, 60]",False,False
CUS0004248,2.0,22.24,8.03,81,191,61,3,1,"(0, 6]",0.36106115107913667,,False,False
CUS0007240,18.0,19.13,12.68,233,79,17,0,0,"(12, 24]",0.6628332462101412,"(7, 30]",False,False
CUS0007354,64.0,26.47,5.14,171,151,16,2,0,"(48, 72]",0.19418209293539856,"(7, 30]",False,False
CUS0004063,59.0,80.09,1.27,171,60,18,0,0,"(48, 72]",0.015857160694219004,"(7, 30]",True,False
CUS0007260,51.0,104.57,0.97,406,197,44,0,0,"(48, 72]",0.009276083006598452,"(30, 60]",True,False
CUS0007506,54.0,115.95,3.52,966,172,44,8,0,"(48, 72]",0.030357912893488572,"(30, 60]",True,False
CUS0002422,71.0,21.29,13.62,217,58,37,0,0,"(48, 72]",0.6397369657116017,"(30, 60]",False,False
CUS0005077,45.0,43.0,7.95,63,293,24,3,0,"(24, 48]",0.18488372093023256,"(7, 30]",False,True
CUS0007063,3.0,15.28,4.74,562,180,23,1,0,"(0, 6]",0.31020942408376967,"(7, 30]",False,False
CUS0000426,40.0,55.52662624177525,7.11,831,283,16,3,0,"(24, 48]",0.12804667744518608,"(7, 30]",False,False
CUS0004075,12.0,19.48,7.29,845,175,4,3,0,"(6, 12]",0.3742299794661191,"(-1, 7]",False,False
CUS0004704,20.0,58.91,0.0,860,45,34,1,1,"(12, 24]",0.0,"(30, 60]",False,True
CUS0001280,35.0,66.83,10.23,335,176,71,1,0,"(24, 48]",0.15307496633248543,,True,False
CUS0005329,61.0,76.4,7.17,560,37,5,2,0,"(48, 72]",0.093848167539267,"(-1, 7]",True,False
CUS0002598,10.0,15.89,7.66,798,177,23,2,0,"(6, 12]",0.48206419131529266,"(7, 30]",False,False
CUS0000016,25.0,83.74,8.55,30,83,51,0,0,"(24, 48]",0.10210174349176022,"(30, 60]",True,False
CUS0000371,37.0,57.01,26.18,282,9,36,0,0,"(24, 48]",0.45921768110857747,"(30, 60]",False,True
CUS0001550,72.0,17.82,5.44,788,148,25,0,0,"(48, 72]",0.3052749719416386,"(7, 30]",False,False
CUS0002396,12.0,14.21,0.0,776,290,30,8,1,"(6, 12]",0.0,"(7, 30]",False,False
CUS0000447,6.0,60.17,5.81,575,180,17,0,0,"(0, 6]",0.09655974738241647,"(7, 30]",True,False
CUS0005702,58.0,18.41,11.14,876,5,12,2,0,"(48, 72]",0.6051059206952744,"(7, 30]",False,False
CUS0002865,5.0,67.38,9.48,799,43,46,0,0,"(0, 6]",0.1406945681211042,"(30, 60]",True,False
CUS0001733,31.0,59.81,4.67,760,64,1,0,0,"(24, 48]",0.07808058853034609,"(-1, 7]",False,True
CUS0003858,13.0,69.03,3.59,748,28,6,0,0,"(12, 24]",0.05200637404027234,"(-1, 7]",False,True
CUS0007979,24.0,42.51,12.31,555,9,26,2,0,"(12, 24]",0.2895789226064456,"(7, 30]",False,True
CUS0000070,13.0,24.19,4.43,591,39,40,4,1,"(12, 24]",0.1831335262505167,"(30, 60]",False,False
CUS0002439,38.0,41.13,8.34,783,209,17,0,0,"(24, 48]",0.20277169948942375,"(7, 30]",False,True
CUS0006284,70.0,16.55,8.26,867,116,41,0,0,"(48, 72]",0.49909365558912383,"(30, 60]",False,False
CUS0007752,13.0,53.38,13.55,450,133,54,4,0,"(12, 24]",0.2538403896590483,"(30, 60]",False,True
CUS0003485,7.0,68.54,18.06,283,11,9,0,0,"(6, 12]",0.2634957688940764,"(7, 30]",False,True
CUS0000094,72.0,55.52662624177525,6.18,49,55,12,1,1,"(48, 72]",0.11129795592281996,"(7, 30]",False,False
CUS0001088,40.0,22.44,1.2,288,0,13,0,1,"(24, 48]",0.053475935828877,"(7, 30]",False,False
CUS0001695,69.0,57.18,6.64,769,244,7,5,0,"(48, 72]",0.1161245190626093,"(-1, 7]",False,True
CUS0006176,28.0,14.7,4.95,451,219,20,1,0,"(24, 48]",0.33673469387755106,"(7, 30]",False,False
CUS0004070,21.0,14.83,16.0,181,142,31,0,0,"(12, 24]",1.078894133513149,"(30, 60]",False,False
CUS0006929,1.0,14.09,9.11,23,281,3,0,0,"(0, 6]",0.6465578424414478,"(-1, 7]",False,False
CUS0005790,44.0,35.19,3.16,627,15,6,2,0,"(24, 48]",0.08979823813583405,"(-1, 7]",False,True
CUS0002970,36.56668337929305,60.31,12.63,963,30,31,3,0,"(24, 48]",0.20941800696401924,"(30, 60]",False,True
CUS0002704,4.0,47.02,8.79,794,1,37,0,1,"(0, 6]",0.18694172692471286,"(30, 60]",False,True
CUS0002928,36.56668337929305,99.69,3.29,386,21,5,0,0,"(24, 48]",0.033002307152171735,"(-1, 7]",True,False
CUS0007395,23.0,11.45,4.74,164,183,10,2,0,"(12, 24]",0.4139737991266376,"(7, 30]",False,False
CUS0004051,36.0,23.94,0.0,545,160,42,3,1,"(24, 48]",0.0,"(30, 60]",False,False
CUS0004587,22.0,31.66,11.65,921,118,33,2,1,"(12, 24]",0.36797220467466835,"(30, 60]",False,True
CUS0001284,50.0,16.55,5.37,361,180,1,1,1,"(48, 72]",0.3244712990936556,"(-1, 7]",False,False
CUS0007072,59.0,10.11,6.73,310,167,44,0,0,"(48, 72]",0.665677546983185,"(30, 60]",False,False
CUS0000602,34.0,67.05,13.34,34,198,3,0,0,"(24, 48]",0.19895600298284863,"(-1, 7]",False,True
CUS0004393,1.0,52.37,5.02,724,209,35,1,0,"(0, 6]",0.09585640633950734,"(30, 60]",False,True
CUS0004208,26.0,111.73,7.96,604,215,23,1,0,"(24, 48]",0.07124317551239595,"(7, 30]",True,False
CUS0003392,27.0,29.78,1.83,367,229,12,1,0,"(24, 48]",0.06145063801208865,"(7, 30]",False,False
CUS0004705,46.0,52.54,5.07,655,149,20,0,0,"(24, 48]",0.09649790635706129,"(7, 30]",False,True
CUS0001882,4.0,27.32,5.98,15,274,43,8,1,"(0, 6]",0.21888726207906298,"(30, 60]",False,False
CUS0005155,48.0,118.87,0.0,385,107,25,0,1,"(24, 48]",0.0,"(7, 30]",True,False
CUS0002877,7.0,19.78,7.39,312,171,34,0,1,"(6, 12]",0.37360970677451966,"(30, 60]",False,False
CUS0003684,18.0,10.04,17.07,0,71,22,1,0,"(12, 24]",1.7001992031872513,"(7, 30]",False,False
CUS0000077,63.0,55.52662624177525,18.3,953,82,28,2,0,"(48, 72]",0.3295716170530106,"(7, 30]",False,False
CUS0007873,64.0,14.39,3.68,638,111,25,1,1,"(48, 72]",0.25573314801945796,"(7, 30]",False,False
CUS0004028,60.0,39.29,13.62,591,48,22,0,0,"(48, 72]",0.3466530923899211,"(7, 30]",False,True
CUS0004808,31.0,82.7,5.78,372,125,25,1,1,"(24, 48]",0.06989117291414752,"(7, 30]",True,False
CUS0007423,3.0,61.55,8.218195789745577,837,7,5,0,0,"(0, 6]",0.13352064646215397,"(-1, 7]",False,True
CUS0001297,47.0,56.68,7.51,584,132,76,2,0,"(24, 48]",0.13249823570924488,,False,True
CUS0002848,61.0,96.13,0.0,125,93,23,0,0,"(48, 72]",0.0,"(7, 30]",True,False
CUS0002469,4.0,18.04,16.18,589,178,38,6,1,"(0, 6]",0.8968957871396896,"(30, 60]",False,False
CUS0001526,21.0,40.63,7.27,265,81,3,0,0,"(12, 24]",0.1789318237755353,"(-1, 7]",False,True
CUS0002290,67.0,22.88,3.6,749,102,19,3,0,"(48, 72]",0.15734265734265734,"(7, 30]",False,False
CUS0004188,49.0,19.77,17.56,730,159,56,2,0,"(48, 72]",0.8882144663631765,"(30, 60]",False,False
CUS0004103,7.0,37.26,10.04,651,131,26,0,0,"(6, 12]",0.2694578636607622,"(7, 30]",False,True
CUS0001618,48.0,44.55,6.8,358,75,18,1,0,"(24, 48]",0.1526374859708193,"(7, 30]",False,True
CUS0005743,5.0,44.23,3.61,871,110,23,0,0,"(0, 6]",0.0816188107619263,"(7, 30]",False,True
CUS0001794,33.0,26.79,0.0,239,137,39,2,0,"(24, 48]",0.0,"(30, 60]",False,False
CUS0007381,38.0,44.84,5.69,128,175,31,2,0,"(24, 48]",0.1268956289027654,"(30, 60]",False,True
CUS0003461,11.0,52.8,3.57,387,63,54,1,0,"(6, 12]",0.06761363636363636,"(30, 60]",False,True
CUS0003483,44.0,12.13,12.81,172,297,21,1,0,"(24, 48]",1.0560593569661996,"(7, 30]",False,False
CUS0005587,5.0,77.59,15.21,581,161,14,1,1,"(0, 6]",0.19603041629075912,"(7, 30]",True,False
CUS0007583,6.0,11.98,0.11,757,28,8,0,0,"(0, 6]",0.009181969949916527,"(7, 30]",False,False
CUS0002861,62.0,43.92,10.96,1,285,10,2,0,"(48, 72]",0.24954462659380694,"(7, 30]",False,True
CUS0003160,31.0,18.0,3.9,800,31,14,0,0,"(24, 48]",0.21666666666666667,"(7, 30]",False,False
CUS0007679,7.0,82.85,9.95,449,152,17,5,1,"(6, 12]",0.12009656004828002,"(7, 30]",True,False
CUS0003707,11.0,40.51,15.89,279,285,4,0,0,"(6, 12]",0.3922488274500124,"(-1, 7]",False,True
CUS0006722,5.0,19.13,14.25,401,89,48,4,1,"(0, 6]",0.7449032932566649,"(30, 60]",False,False
CUS0004209,8.0,43.16,15.17,947,256,36,4,0,"(6, 12]",0.35148285449490274,"(30, 60]",False,True
CUS0000620,6.0,111.16,11.07,558,118,51,2,0,"(0, 6]",0.09958618207988486,"(30, 60]",True,False
CUS0000561,25.0,55.52662624177525,17.43,91,220,40,0,0,"(24, 48]",0.31390345820950677,"(30, 60]",False,False
CUS0000050,32.0,18.94,8.35,605,51,30,0,0,"(24, 48]",0.4408658922914466,"(7, 30]",False,False
CUS0003948,9.0,63.65,12.3,6,214,27,1,0,"(6, 12]",0.19324430479183033,"(7, 30]",False,True
CUS0003754,35.0,37.71,3.71,457,41,22,0,0,"(24, 48]",0.09838239193847785,"(7, 30]",False,True
CUS0005391,29.0,24.43,0.0,804,34,45,1,0,"(24, 48]",0.0,"(30, 60]",False,False
CUS0002170,56.0,78.74,3.44,852,199,27,0,0,"(48, 72]",0.04368808737617475,"(7, 30]",True,False
CUS0004838,32.0,51.46,16.3,740,215,5,0,0,"(24, 48]",0.31675087446560435,"(-1, 7]",False,True
CUS0005758,51.0,20.78,5.52,100,50,10,0,0,"(48, 72]",0.2656400384985563,"(7, 30]",False,False
CUS0000791,14.0,62.17,15.49,223,243,15,0,0,"(12, 24]",0.2491555412578414,"(7, 30]",False,True
CUS0000825,27.0,13.98,5.18,252,287,19,1,0,"(24, 48]",0.37052932761087265,"(7, 30]",False,False
CUS0005235,54.0,18.21,13.14,39,16,21,6,1,"(48, 72]",0.7215815485996705,"(7, 30]",False,False
CUS0004013,68.0,59.8,8.218195789745577,415,88,67,4,0,"(48, 72]",0.1374280232398926,,False,True
CUS0007465,7.0,117.09,11.71,412,165,29,2,0,"(6, 12]",0.10000854043897857,"(7, 30]",True,False
CUS0004282,52.0,10.41,5.07,950,125,40,0,0,"(48, 72]",0.48703170028818443,"(30, 60]",False,False
CUS0001918,60.0,60.76,5.66,381,114,4,4,0,"(48, 72]",0.09315339038841343,"(-1, 7]",False,True
CUS0007056,20.0,18.73,14.54,1,136,2,0,0,"(12, 24]",0.776294714361986,"(-1, 7]",False,False
CUS0007334,42.0,100.9,17.78,561,20,0,0,0,"(24, 48]",0.17621407333994055,"(-1, 7]",True,False
CUS0000542,47.0,10.21,14.2,803,176,8,0,0,"(24, 48]",1.3907933398628793,"(7, 30]",False,False
CUS0004356,37.0,78.56,7.14,544,195,3,0,0,"(24, 48]",0.09088594704684318,"(-1, 7]",True,False
CUS0002095,56.0,15.38,7.51,947,163,21,3,0,"(48, 72]",0.488296488946684,"(7, 30]",False,False
CUS0007735,61.0,52.06,8.218195789745577,852,81,9,3,0,"(48, 72]",0.15786008047916975,"(7, 30]",False,True
CUS0002636,71.0,29.91,2.79,40,210,5,1,1,"(48, 72]",0.09327983951855567,"(-1, 7]",False,False
CUS0002926,40.0,28.03,6.05,358,291,5,0,0,"(24, 48]",0.21584017124509453,"(-1, 7]",False,False
CUS0001857,32.0,29.83,2.02,53,288,14,0,0,"(24, 48]",0.06771706335903453,"(7, 30]",False,False
CUS0001058,20.0,19.63,7.69,418,115,29,3,1,"(12, 24]",0.39174732552216,"(7, 30]",False,False
CUS0005337,11.0,67.16,8.62,853,40,17,0,1,"(6, 12]",0.12835020845741513,"(7, 30]",False,True
CUS0006424,54.0,29.49,0.22,359,60,47,3,0,"(48, 72]",0.007460155985079688,"(30, 60]",False,False
CUS0001079,37.0,55.52662624177525,10.58,101,11,53,0,1,"(24, 48]",0.1905392190393908,"(30, 60]",False,False
CUS0003623,61.0,49.55,9.13,467,2,32,0,0,"(48, 72]",0.1842583249243189,"(30, 60]",False,True
CUS0003607,10.0,49.24,16.3,724,285,69,0,1,"(6, 12]",0.3310316815597076,,False,True
CUS0002737,60.0,17.79,0.52,642,102,31,0,0,"(48, 72]",0.02922990444069702,"(30, 60]",False,False
CUS0004509,3.0,117.07,0.0,298,89,62,0,0,"(0, 6]",0.0,,True,False
CUS0004568,1.0,64.25,2.45,353,60,7,2,1,"(0, 6]",0.03813229571984436,"(-1, 7]",True,False
CUS0000811,56.0,13.42,7.83,275,262,15,6,0,"(48, 72]",0.583457526080477,"(7, 30]",False,False
CUS0002327,48.0,96.71,12.01,186,252,9,3,0,"(24, 48]",0.1241857098542033,"(7, 30]",True,False
CUS0000081,12.0,18.12,9.67,291,222,25,0,1,"(6, 12]",0.5336644591611479,"(7, 30]",False,False
CUS0004114,70.0,15.25,7.94,337,144,27,0,0,"(48, 72]",0.520655737704918,"(7, 30]",False,False
CUS0003122,28.0,52.52,3.69,421,108,6,1,0,"(24, 48]",0.07025894897182025,"(-1, 7]",False,True
CUS0004097,70.0,55.52662624177525,4.88,236,161,38,0,0,"(48, 72]",0.08788576454746949,"(30, 60]",False,False
CUS0005367,32.0,10.95,0.0,595,230,43,2,0,"(24, 48]",0.0,"(30, 60]",False,False
CUS0006247,25.0,16.04,8.4,228,24,17,0,0,"(24, 48]",0.5236907730673317,"(7, 30]",False,False
CUS0003884,16.0,41.66,7.57,880,97,23,0,0,"(12, 24]",0.1817090734517523,"(7, 30]",False,True
CUS0007620,59.0,36.28,0.87,846,150,7,0,0,"(48, 72]",0.023980154355016537,"(-1, 7]",False,True
CUS0002378,22.0,27.56,2.57,19,101,7,0,0,"(12, 24]",0.09325108853410741,"(-1, 7]",False,False
CUS0005788,61.0,89.3,8.99,189,160,47,7,1,"(48, 72]",0.10067189249720046,"(30, 60]",True,False
CUS0003116,10.0,24.87,7.41,887,194,55,5,1,"(6, 12]",0.2979493365500603,"(30, 60]",False,False
CUS0000237,26.0,20.4,13.56,384,239,42,3,0,"(24, 48]",0.6647058823529413,"(30, 60]",False,False
CUS0002897,64.0,61.53,0.0,194,37,17,1,0,"(48, 72]",0.0,"(7, 30]",True,False
CUS0004403,70.0,13.03,1.3,398,149,18,1,0,"(48, 72]",0.09976976208749042,"(7, 30]",False,False
CUS0006121,15.0,21.87,6.43,210,285,13,3,1,"(12, 24]",0.2940100594421582,"(7, 30]",False,False
CUS0005307,31.0,13.85,11.46,949,56,3,0,0,"(24, 48]",0.8274368231046932,"(-1, 7]",False,False
CUS0001591,27.0,25.64,8.218195789745577,839,28,19,1,0,"(24, 48]",0.32052245669834545,"(7, 30]",False,False
CUS0001732,62.0,53.21,18.35,217,34,33,1,0,"(48, 72]",0.3448599887239241,"(30, 60]",False,True
CUS0007870,6.0,54.91,4.28,204,114,44,1,0,"(0, 6]",0.07794572937534147,"(30, 60]",False,True
CUS0003063,64.0,50.67,5.4,424,103,27,0,0,"(48, 72]",0.10657193605683837,"(7, 30]",False,True
CUS0006016,35.0,102.72,8.47,166,292,20,0,0,"(24, 48]",0.08245716510903428,"(7, 30]",True,False
CUS0002916,65.0,112.66,10.92,908,239,18,1,0,"(48, 72]",0.0969288123557607,"(7, 30]",True,False
CUS0003105,28.0,88.46,10.68,561,84,72,0,0,"(24, 48]",0.12073253447886051,,True,False
CUS0000955,23.0,12.46,17.76,11,88,21,1,0,"(12, 24]",1.4253611556982344,"(7, 30]",False,False
CUS0000259,37.0,104.18,9.23,904,153,8,2,0,"(24, 48]",0.08859665962756767,"(7, 30]",True,False
CUS0006783,38.0,93.17,14.12,23,131,63,1,0,"(24, 48]",0.15155092841043252,,True,False
CUS0005438,41.0,116.11,2.3,61,276,13,0,0,"(24, 48]",0.019808801998105245,"(7, 30]",True,False
CUS0005795,22.0,87.07,14.23,747,238,46,1,0,"(12, 24]",0.1634317216033077,"(30, 60]",True,False
CUS0004595,17.0,61.57,4.77,88,202,19,0,0,"(12, 24]",0.07747279519246386,"(7, 30]",False,True
CUS0002748,15.0,83.78,16.16,878,179,51,0,0,"(12, 24]",0.19288613034137025,"(30, 60]",True,False
CUS0005769,17.0,11.87,18.28,869,262,48,2,0,"(12, 24]",1.5400168491996633,"(30, 60]",False,False
CUS0000936,49.0,27.45,10.88,931,195,54,3,1,"(48, 72]",0.39635701275045543,"(30, 60]",False,False
CUS0001424,19.0,25.22,2.73,470,97,56,1,0,"(12, 24]",0.10824742268041238,"(30, 60]",False,False
CUS0003257,20.0,69.18,3.07,66,88,13,1,0,"(12, 24]",0.04437698756866146,"(7, 30]",False,True
CUS0002190,28.0,17.37,13.62,415,266,38,0,0,"(24, 48]",0.7841105354058721,"(30, 60]",False,False
CUS0002415,17.0,13.81,5.98,258,56,6,0,0,"(12, 24]",0.4330195510499638,"(-1, 7]",False,False
CUS0000180,49.0,65.23,0.07,564,79,22,0,0,"(48, 72]",0.0010731258623332823,"(7, 30]",False,True
CUS0007529,57.0,11.7,9.74,884,96,35,0,0,"(48, 72]",0.8324786324786325,"(30, 60]",False,False
CUS0006573,51.0,27.98,0.0,379,253,23,3,1,"(48, 72]",0.0,"(7, 30]",False,False
CUS0005178,60.0,40.38,13.69,217,149,87,3,1,"(48, 72]",0.3390292223873204,,False,True
CUS0003407,53.0,66.21,3.01,710,7,6,0,0,"(48, 72]",0.04546141066304184,"(-1, 7]",True,False
CUS0001852,42.0,86.24,11.18,657,38,83,1,0,"(24, 48]",0.1296382189239332,,True,False
CUS0006895,1.0,42.31,4.65,853,138,31,3,1,"(0, 6]",0.10990309619475301,"(30, 60]",False,True
CUS0005027,56.0,67.17,3.61,415,132,65,4,0,"(48, 72]",0.053744231055530736,,False,True
CUS0005208,15.0,88.21,14.41,633,181,43,1,0,"(12, 24]",0.16336016324679742,"(30, 60]",True,False
CUS0001160,40.0,28.06,5.69,940,247,14,0,0,"(24, 48]",0.20277975766215256,"(7, 30]",False,False
CUS0003632,1.0,27.11,5.94,206,107,5,1,0,"(0, 6]",0.21910734046477318,"(-1, 7]",False,False
CUS0002582,41.0,29.29,12.68,936,41,20,0,0,"(24, 48]",0.43291225674291567,"(7, 30]",False,False
CUS0007249,13.0,55.52662624177525,0.0,563,264,42,0,0,"(12, 24]",0.0,"(30, 60]",False,False
CUS0001184,6.0,90.15,15.87,255,7,13,3,1,"(0, 6]",0.17603993344425956,"(7, 30]",True,False
CUS0003247,65.0,16.31,6.21,313,148,14,2,0,"(48, 72]",0.38074800735744946,"(7, 30]",False,False
CUS0000103,16.0,38.73,21.34,847,189,37,0,0,"(12, 24]",0.5509940614510715,"(30, 60]",False,True
CUS0007468,49.0,22.92,10.79,198,35,53,0,0,"(48, 72]",0.47076788830715527,"(30, 60]",False,False
CUS0007481,32.0,19.12,11.79,876,224,4,0,0,"(24, 48]",0.6166317991631799,"(-1, 7]",False,False
CUS0003963,21.0,112.7,4.54,557,196,32,4,0,"(12, 24]",0.04028393966282165,"(30, 60]",True,False
CUS0007628,34.0,24.12,8.03,648,65,85,5,1,"(24, 48]",0.3329187396351575,,False,False
CUS0006606,41.0,90.61,0.0,430,222,9,3,0,"(24, 48]",0.0,"(7, 30]",True,False
CUS0002807,18.0,16.19,3.24,484,138,33,0,0,"(12, 24]",0.20012353304508956,"(30, 60]",False,False
CUS0003956,42.0,10.89,8.218195789745577,274,116,7,4,0,"(24, 48]",0.7546552607663523,"(-1, 7]",False,False
CUS0002348,12.0,29.73,15.99,202,229,31,1,0,"(6, 12]",0.5378405650857719,"(30, 60]",False,False
CUS0000384,30.0,52.95,10.45,973,292,40,0,0,"(24, 48]",0.19735599622285172,"(30, 60]",False,True
CUS0001957,51.0,96.06,17.99,409,262,12,0,0,"(48, 72]",0.187278784093275,"(7, 30]",True,False
CUS0004058,39.0,112.74,7.9,467,245,37,0,0,"(24, 48]",0.07007273372361186,"(30, 60]",True,False
CUS0001331,22.0,20.58,12.03,947,159,15,3,1,"(12, 24]",0.5845481049562682,"(7, 30]",False,False
CUS0003864,72.0,98.68,8.55,491,108,19,1,0,"(48, 72]",0.08664369679773004,"(7, 30]",True,False
CUS0000974,52.0,54.07,5.38,414,107,21,0,0,"(48, 72]",0.09950064730904383,"(7, 30]",False,True
CUS0002118,37.0,27.18,3.17,206,275,22,2,0,"(24, 48]",0.1166298749080206,"(7, 30]",False,False
CUS0003853,32.0,20.76,7.04,386,18,57,6,1,"(24, 48]",0.33911368015414256,"(30, 60]",False,False
CUS0003098,4.0,25.1,9.69,113,288,28,2,1,"(0, 6]",0.38605577689243026,"(7, 30]",False,False
CUS0007676,66.0,92.86,6.68,843,34,41,0,0,"(48, 72]",0.0719362481154426,"(30, 60]",True,False
CUS0004106,15.0,67.77,7.09,680,151,28,0,0,"(12, 24]",0.10461856278589347,"(7, 30]",False,True
CUS0007358,72.0,112.19,7.99,684,56,48,2,0,"(48, 72]",0.07121846866922187,"(30, 60]",True,False
CUS0002606,54.0,30.71,0.0,11,268,59,1,0,"(48, 72]",0.0,"(30, 60]",False,True
CUS0003354,15.0,47.48,11.08,894,105,1,0,0,"(12, 24]",0.23336141533277172,"(-1, 7]",False,True
CUS0006109,63.0,17.28,7.27,104,96,64,2,0,"(48, 72]",0.42071759259259256,,False,False
CUS0004462,36.0,55.52662624177525,6.08,203,179,25,2,0,"(24, 48]",0.10949701812471609,"(7, 30]",False,False
CUS0006523,35.0,11.67,11.55,599,61,27,1,0,"(24, 48]",0.9897172236503857,"(7, 30]",False,False
CUS0003703,61.0,17.24,16.23,296,30,11,0,0,"(48, 72]",0.9414153132250581,"(7, 30]",False,False
CUS0000381,24.0,83.56,15.62,836,146,17,1,0,"(12, 24]",0.18693154619435134,"(7, 30]",True,False
CUS0004886,57.0,74.56,2.73,67,299,35,0,0,"(48, 72]",0.03661480686695279,"(30, 60]",True,False
CUS0003670,25.0,68.85,13.94,241,299,59,3,0,"(24, 48]",0.20246913580246914,"(30, 60]",True,False
CUS0006349,20.0,11.34,4.64,883,139,6,2,0,"(12, 24]",0.4091710758377425,"(-1, 7]",False,False
CUS0001783,25.0,43.63885951963101,0.0,417,52,28,0,0,"(24, 48]",0.0,"(7, 30]",False,False
CUS0004493,19.0,100.08,7.62,488,16,55,0,0,"(12, 24]",0.07613908872901679,"(30, 60]",True,False
CUS0001340,64.0,31.88,6.01,526,189,63,1,0,"(48, 72]",0.18851944792973652,,False,True
CUS0002032,56.0,62.13,0.0,314,130,48,1,1,"(48, 72]",0.0,"(30, 60]",False,True
CUS0005509,60.0,90.95,11.72,104,42,7,0,0,"(48, 72]",0.12886201209455744,"(-1, 7]",True,False
CUS0006617,42.0,18.85,8.06,765,157,2,0,0,"(24, 48]",0.42758620689655175,"(-1, 7]",False,False
CUS0003397,2.0,50.4,9.1,3,20,26,1,0,"(0, 6]",0.18055555555555555,"(7, 30]",False,True
CUS0003752,68.0,116.26,8.14,218,157,33,0,0,"(48, 72]",0.07001548253913642,"(30, 60]",True,False
CUS0002915,6.0,26.25,6.56,796,90,63,4,1,"(0, 6]",0.24990476190476188,,False,False
CUS0007922,37.0,45.41,10.13,131,244,24,1,0,"(24, 48]",0.22307861704470383,"(7, 30]",False,True
CUS0004798,62.0,109.77,13.13,731,182,12,2,0,"(48, 72]",0.11961373781543228,"(7, 30]",True,False
CUS0004397,48.0,56.37,9.34,260,28,20,2,1,"(24, 48]",0.16569097037431257,"(7, 30]",False,True
CUS0005839,50.0,20.7,6.45,30,228,23,0,0,"(48, 72]",0.3115942028985507,"(7, 30]",False,False
CUS0006258,22.0,23.41,14.27,248,27,41,1,0,"(12, 24]",0.6095685604442546,"(30, 60]",False,False
CUS0000045,60.0,86.18,13.55,666,64,30,1,0,"(48, 72]",0.15722905546530516,"(7, 30]",True,False
CUS0004954,56.0,12.89,11.77,199,128,11,1,0,"(48, 72]",0.91311093871218,"(7, 30]",False,False
CUS0007416,21.0,38.62,6.88,40,164,12,0,0,"(12, 24]",0.1781460383221129,"(7, 30]",False,True
CUS0003590,62.0,113.02,11.47,953,293,11,0,0,"(48, 72]",0.10148646257299594,"(7, 30]",True,False
CUS0001397,62.0,33.15,7.83,494,137,19,2,0,"(48, 72]",0.23619909502262446,"(7, 30]",False,True
CUS0004257,65.0,47.18,14.93,442,35,45,0,0,"(48, 72]",0.3164476473081814,"(30, 60]",False,True
CUS0006527,13.0,64.73,0.0,372,271,20,4,0,"(12, 24]",0.0,"(7, 30]",False,True
CUS0003706,30.0,106.04,8.218195789745577,305,206,35,1,0,"(24, 48]",0.07750090333596357,"(30, 60]",True,False
CUS0006166,18.0,20.68,6.28,909,106,26,3,1,"(12, 24]",0.3036750483558994,"(7, 30]",False,False
CUS0001043,36.56668337929305,28.25,13.06,13,209,26,0,0,"(24, 48]",0.4623008849557522,"(7, 30]",False,False
CUS0003463,29.0,21.84,3.62,943,8,57,0,0,"(24, 48]",0.16575091575091574,"(30, 60]",False,False
CUS0007924,40.0,35.04,0.62,203,156,20,0,0,"(24, 48]",0.01769406392694064,"(7, 30]",False,True
CUS0005777,6.0,17.92,3.67,931,288,9,0,0,"(0, 6]",0.20479910714285712,"(7, 30]",False,False
CUS0004111,31.0,69.24,2.54,633,99,10,8,0,"(24, 48]",0.036683997689197,"(7, 30]",False,True
CUS0003717,5.0,118.08,5.44,983,165,41,5,1,"(0, 6]",0.04607046070460705,"(30, 60]",True,False
CUS0003883,51.0,23.65,4.92,920,93,22,2,0,"(48, 72]",0.2080338266384778,"(7, 30]",False,False
CUS0002821,14.0,20.29,9.88,976,2,21,2,0,"(12, 24]",0.48693937900443574,"(7, 30]",False,False
CUS0002944,19.0,33.44,9.2,816,130,9,0,0,"(12, 24]",0.2751196172248804,"(7, 30]",False,True
CUS0002015,5.0,119.7,3.51,822,169,1,4,0,"(0, 6]",0.02932330827067669,"(-1, 7]",True,False
CUS0000525,14.0,13.32,9.63,695,228,5,2,0,"(12, 24]",0.722972972972973,"(-1, 7]",False,False
CUS0005434,56.0,20.8,10.22,121,27,9,4,1,"(48, 72]",0.4913461538461539,"(7, 30]",False,False
CUS0000034,43.0,64.92,6.25,871,260,56,8,1,"(24, 48]",0.09627233518176216,"(30, 60]",False,True
CUS0002714,7.0,24.1,12.5,460,189,12,5,0,"(6, 12]",0.5186721991701244,"(7, 30]",False,False
CUS0007987,33.0,16.94,5.65,227,90,32,0,0,"(24, 48]",0.333530106257379,"(30, 60]",False,False
CUS0003187,40.0,44.88,1.75,98,293,17,2,1,"(24, 48]",0.03899286987522282,"(7, 30]",False,True
CUS0003899,13.0,13.66,16.88,898,19,20,0,0,"(12, 24]",1.2357247437774523,"(7, 30]",False,False
CUS0003108,2.0,10.75,7.02,811,189,49,0,0,"(0, 6]",0.6530232558139535,"(30, 60]",False,False
CUS0007171,26.0,30.63,6.73,457,9,10,2,0,"(24, 48]",0.21971922951354883,"(7, 30]",False,True
CUS0004458,52.0,55.52662624177525,3.38,389,295,51,0,1,"(48, 72]",0.060871697575911245,"(30, 60]",False,True
CUS0006951,10.0,59.92,9.62,241,117,23,0,0,"(6, 12]",0.16054739652870492,"(7, 30]",False,True
CUS0004560,19.0,72.09,14.37,946,80,67,6,0,"(12, 24]",0.19933416562630044,,True,False
CUS0002392,3.0,22.83,8.51,628,24,10,3,0,"(0, 6]",0.3727551467367499,"(7, 30]",False,False
CUS0000841,66.0,55.52662624177525,11.06,536,103,26,5,0,"(48, 72]",0.19918372047028945,"(7, 30]",False,True
CUS0005861,54.0,19.31,14.57,1000,75,0,6,1,"(48, 72]",0.7545313309166236,"(-1, 7]",False,False
CUS0007118,47.0,22.73,5.27,853,183,43,1,0,"(24, 48]",0.23185217773867134,"(30, 60]",False,False
CUS0002677,31.0,91.83,0.0,344,125,32,3,0,"(24, 48]",0.0,"(30, 60]",True,False
CUS0007539,29.0,17.55,7.2,208,23,3,1,0,"(24, 48]",0.41025641025641024,"(-1, 7]",False,False
CUS0006112,44.0,25.52,9.14,729,196,46,1,1,"(24, 48]",0.35815047021943575,"(30, 60]",False,False
CUS0004813,55.0,61.2,6.52,782,230,89,0,0,"(48, 72]",0.10653594771241828,,False,True
CUS0003145,45.0,60.07,5.13,1000,239,44,1,0,"(24, 48]",0.08540036623938738,"(30, 60]",False,True
CUS0000232,18.0,21.28,2.46,91,4,16,2,0,"(12, 24]",0.11560150375939848,"(7, 30]",False,False
CUS0007635,36.0,55.52662624177525,10.48,393,100,39,1,1,"(24, 48]",0.18873828124128694,"(30, 60]",False,False
CUS0001889,7.0,14.64,14.21,672,29,4,2,1,"(6, 12]",0.9706284153005464,"(-1, 7]",False,False
CUS0003036,23.0,69.0,6.01,357,245,46,1,1,"(12, 24]",0.08710144927536231,"(30, 60]",True,False
CUS0000334,1.0,117.55,8.48,839,252,26,0,0,"(0, 6]",0.07213951509995747,"(7, 30]",True,False
CUS0002089,17.0,86.38,3.54,408,40,20,2,0,"(12, 24]",0.040981708728872426,"(7, 30]",True,False
CUS0003784,60.0,46.76,12.59,630,180,1,8,0,"(48, 72]",0.26924721984602223,"(-1, 7]",False,True
CUS0000737,16.0,35.72,8.75,108,238,17,4,1,"(12, 24]",0.24496080627099664,"(7, 30]",False,True
CUS0007373,12.0,57.19,11.02,968,187,28,0,1,"(6, 12]",0.19269102990033224,"(7, 30]",False,True
CUS0002072,67.0,18.15,3.82,776,90,16,2,1,"(48, 72]",0.21046831955922865,"(7, 30]",False,False
CUS0000089,44.0,89.18,18.34,561,1,55,5,0,"(24, 48]",0.20565149136577707,"(30, 60]",True,False
CUS0006588,42.0,62.23,0.26,175,14,3,0,0,"(24, 48]",0.004178049172424876,"(-1, 7]",False,True
CUS0004895,50.0,12.16,14.1,599,37,6,6,0,"(48, 72]",1.1595394736842104,"(-1, 7]",False,False
CUS0004586,20.0,55.52662624177525,8.03,737,194,0,0,0,"(12, 24]",0.1446153051877418,"(-1, 7]",False,True
CUS0007226,55.0,15.32,16.53,368,191,29,1,0,"(48, 72]",1.078981723237598,"(7, 30]",False,False
CUS0001860,3.0,64.45,16.28,585,239,10,6,0,"(0, 6]",0.2525989138867339,"(7, 30]",False,True
CUS0003664,42.0,34.14,8.82,862,23,12,0,0,"(24, 48]",0.2583479789103691,"(7, 30]",False,True
CUS0006261,58.0,64.5,13.83,588,8,40,1,1,"(48, 72]",0.2144186046511628,"(30, 60]",False,True
CUS0003198,63.0,66.25,0.0,89,217,33,0,0,"(48, 72]",0.0,"(30, 60]",False,True
CUS0003606,22.0,13.98,4.64,782,17,12,3,0,"(12, 24]",0.33190271816881256,"(7, 30]",False,False
CUS0001191,39.0,99.78,0.0,397,94,15,3,1,"(24, 48]",0.0,"(7, 30]",True,False
CUS0002399,22.0,52.3,2.39,829,0,44,1,0,"(12, 24]",0.045697896749521995,"(30, 60]",False,True
CUS0002726,2.0,32.37,6.09,263,188,13,0,0,"(0, 6]",0.18813716404077852,"(7, 30]",False,True
CUS0002345,10.0,46.44,8.36,508,176,27,1,0,"(6, 12]",0.18001722652885443,"(7, 30]",False,True
CUS0005682,56.0,51.5,27.37,454,7,3,0,0,"(48, 72]",0.5314563106796116,"(-1, 7]",False,True
CUS0003993,41.0,73.7,0.0,419,272,59,0,0,"(24, 48]",0.0,"(30, 60]",True,False
CUS0004128,21.0,62.2,8.218195789745577,994,124,40,0,0,"(12, 24]",0.13212533424028258,"(30, 60]",False,True
CUS0007012,23.0,20.16,14.42,968,166,94,0,0,"(12, 24]",0.7152777777777778,,False,False
CUS0004273,32.0,86.44,16.82,895,84,29,3,0,"(24, 48]",0.19458583988894032,"(7, 30]",True,False
CUS0006056,67.0,85.71,8.68,238,207,24,0,0,"(48, 72]",0.10127173025317933,"(7, 30]",True,False
CUS0006528,72.0,43.06,3.81,866,97,21,0,0,"(48, 72]",0.08848118903855086,"(7, 30]",False,True
CUS0005376,50.0,30.54,14.86,746,43,26,0,0,"(48, 72]",0.4865749836280288,"(7, 30]",False,True
CUS0000243,21.0,111.97,15.37,690,233,35,0,0,"(12, 24]",0.13726891131553093,"(30, 60]",True,False
CUS0000358,60.0,23.55,5.59,926,28,63,0,0,"(48, 72]",0.2373673036093418,,False,False
CUS0005507,38.0,35.82,8.218195789745577,222,50,54,0,0,"(24, 48]",0.22943036822293628,"(30, 60]",False,True
CUS0001015,9.0,22.65,0.0,556,244,32,2,0,"(6, 12]",0.0,"(30, 60]",False,False
CUS0006347,24.0,42.31,10.64,258,2,12,0,0,"(12, 24]",0.2514771921531553,"(7, 30]",False,True
CUS0002330,22.0,30.23,12.87,508,34,36,0,0,"(12, 24]",0.4257360238173999,"(30, 60]",False,True
CUS0001737,8.0,42.59,15.92,215,64,70,3,0,"(6, 12]",0.3737966658840103,,False,True
CUS0004250,15.0,107.24,0.0,100,183,80,6,1,"(12, 24]",0.0,,True,False
CUS0004086,67.0,75.67,14.96,608,57,11,3,0,"(48, 72]",0.19770054182635127,"(7, 30]",True,False
CUS0000540,43.0,10.99,10.05,684,23,2,0,0,"(24, 48]",0.9144676979071884,"(-1, 7]",False,False
CUS0002919,2.0,34.93,15.51,212,95,10,2,0,"(0, 6]",0.44403091898081876,"(7, 30]",False,True
CUS0005245,6.0,115.67,4.09,332,160,56,0,0,"(0, 6]",0.03535921155009942,"(30, 60]",True,False
CUS0003419,26.0,104.12,4.27,580,283,52,0,0,"(24, 48]",0.04101037264694583,"(30, 60]",True,False
CUS0005105,43.0,87.51,0.35,983,286,37,0,0,"(24, 48]",0.003999542909381784,"(30, 60]",True,False
CUS0002104,6.0,113.63,4.12,342,266,1,0,0,"(0, 6]",0.036258030449705186,"(-1, 7]",True,False
CUS0004897,23.0,32.28,4.7,131,197,1,2,0,"(12, 24]",0.14560099132589838,"(-1, 7]",False,True
CUS0006437,16.0,11.02,1.67,943,89,3,1,0,"(12, 24]",0.15154264972776768,"(-1, 7]",False,False
CUS0007535,20.0,18.98,8.16,658,263,15,1,0,"(12, 24]",0.42992623814541625,"(7, 30]",False,False
CUS0006513,61.0,17.51,2.27,973,192,86,2,1,"(48, 72]",0.1296402055968018,,False,False
CUS0006823,10.0,15.76,3.43,474,51,33,0,1,"(6, 12]",0.21763959390862944,"(30, 60]",False,False
CUS0000254,17.0,55.52662624177525,15.24,996,188,7,0,0,"(12, 24]",0.27446292043103176,"(-1, 7]",False,False
CUS0007269,6.0,49.81,16.06,462,283,50,3,1,"(0, 6]",0.3224252158201164,"(30, 60]",False,True
CUS0006700,45.0,23.73,0.0,825,82,10,0,0,"(24, 48]",0.0,"(7, 30]",False,False
CUS0006574,32.0,74.31,21.17,368,42,26,1,0,"(24, 48]",0.28488763288924773,"(7, 30]",True,False
CUS0003290,53.0,11.28,8.57,757,102,33,1,0,"(48, 72]",0.7597517730496455,"(30, 60]",False,False
CUS0004898,23.0,60.44,4.57,959,59,25,4,1,"(12, 24]",0.0756121773659828,"(7, 30]",False,True
CUS0006780,66.0,12.26,12.18,293,161,22,0,0,"(48, 72]",0.9934747145187602,"(7, 30]",False,False
CUS0006842,38.0,14.23,8.218195789745577,18,211,25,0,0,"(24, 48]",0.5775260569041164,"(7, 30]",False,False
CUS0006318,44.0,28.54,5.54,828,91,0,1,0,"(24, 48]",0.1941135248773651,"(-1, 7]",False,False
CUS0001568,69.0,19.53,2.37,799,68,9,1,0,"(48, 72]",0.12135176651305683,"(7, 30]",False,False
CUS0007519,2.0,17.29,9.22,148,219,65,0,0,"(0, 6]",0.5332562174667439,,False,False
CUS0006830,49.0,107.08,5.35,722,296,30,3,0,"(48, 72]",0.0499626447515876,"(7, 30]",True,False
CUS0003442,17.0,57.57,13.41,372,242,18,0,0,"(12, 24]",0.23293381969775925,"(7, 30]",False,True
CUS0007439,71.0,63.54,19.38,987,116,27,0,0,"(48, 72]",0.3050047214353163,"(7, 30]",False,True
CUS0004347,68.0,66.84,3.63,957,74,15,0,0,"(48, 72]",0.054308797127468576,"(7, 30]",True,False
CUS0000211,23.0,67.28,8.218195789745577,204,181,27,0,0,"(12, 24]",0.1221491645324848,"(7, 30]",True,False
CUS0006434,20.0,41.47,13.01,954,238,59,0,0,"(12, 24]",0.3137207619966241,"(30, 60]",False,True
CUS0003429,12.0,29.23,20.0,829,191,24,0,0,"(6, 12]",0.6842285323297982,"(7, 30]",False,False
CUS0005440,15.0,16.87,19.56,345,253,10,1,0,"(12, 24]",1.1594546532305867,"(7, 30]",False,False
CUS0007323,50.0,19.28,3.51,979,196,25,4,0,"(48, 72]",0.18205394190871368,"(7, 30]",False,False
CUS0004501,7.0,88.88,9.73,739,214,31,0,0,"(6, 12]",0.10947344734473448,"(30, 60]",True,False
CUS0001750,3.0,79.8,3.67,233,245,59,0,0,"(0, 6]",0.04598997493734336,"(30, 60]",True,False
CUS0004699,55.0,12.53,2.49,232,205,25,1,0,"(48, 72]",0.19872306464485237,"(7, 30]",False,False
CUS0004710,34.0,104.26,12.81,207,272,19,1,0,"(24, 48]",0.12286591214272012,"(7, 30]",True,False
CUS0005481,21.0,61.33,10.0,74,255,8,2,0,"(12, 24]",0.16305233980107614,"(7, 30]",False,True
CUS0001294,54.0,24.38,11.13,315,268,30,5,1,"(48, 72]",0.4565217391304348,"(7, 30]",False,False
CUS0007106,64.0,92.09,7.92,951,295,26,0,0,"(48, 72]",0.08600282332500814,"(7, 30]",True,False
CUS0000293,66.0,10.76,0.0,396,300,32,0,0,"(48, 72]",0.0,"(30, 60]",False,False
CUS0007088,25.0,24.53,4.12,9,254,21,2,0,"(24, 48]",0.16795760293518142,"(7, 30]",False,False
CUS0004904,49.0,83.45,12.76,734,101,5,0,0,"(48, 72]",0.1529059316956261,"(-1, 7]",True,False
CUS0001121,11.0,115.26,11.55,399,196,23,0,0,"(6, 12]",0.10020822488287351,"(7, 30]",True,False
CUS0003820,37.0,23.19,6.37,455,67,40,0,0,"(24, 48]",0.2746873652436395,"(30, 60]",False,False
CUS0004600,20.0,80.67,1.11,738,216,16,0,0,"(12, 24]",0.013759761993306063,"(7, 30]",True,False
CUS0000350,44.0,61.14,8.218195789745577,743,268,24,0,0,"(24, 48]",0.13441602534749061,"(7, 30]",True,False
CUS0000076,4.0,29.77,10.33,399,111,8,1,0,"(0, 6]",0.3469936177359758,"(7, 30]",False,False
CUS0002159,46.0,19.17,8.1,613,22,3,2,0,"(24, 48]",0.42253521126760557,"(-1, 7]",False,False
CUS0000090,52.0,78.87,6.37,319,112,1,4,0,"(48, 72]",0.0807658171674908,"(-1, 7]",True,False
CUS0005502,68.0,21.61,0.0,716,115,50,0,0,"(48, 72]",0.0,"(30, 60]",False,False
CUS0007357,60.0,14.65,4.61,227,31,28,0,0,"(48, 72]",0.31467576791808877,"(7, 30]",False,False
CUS0000644,63.0,22.34,8.94,837,0,40,0,0,"(48, 72]",0.4001790510295434,"(30, 60]",False,False
CUS0001227,18.0,56.22,4.27,986,219,29,4,1,"(12, 24]",0.075951618641053,"(7, 30]",False,True
CUS0006551,1.0,39.09,17.95,528,99,27,4,0,"(0, 6]",0.45919672550524426,"(7, 30]",False,True
CUS0001312,44.0,63.47,9.26,681,240,30,3,0,"(24, 48]",0.14589569875531747,"(7, 30]",True,False
CUS0000623,29.0,32.83,6.8,677,204,39,0,0,"(24, 48]",0.2071276271702711,"(30, 60]",False,True
CUS0004819,30.0,79.43,1.36,642,46,26,1,0,"(24, 48]",0.01712199420873725,"(7, 30]",True,False
CUS0003599,26.0,10.98,8.29,112,57,3,0,0,"(24, 48]",0.7550091074681238,"(-1, 7]",False,False
CUS0000684,36.0,11.66,13.4,614,294,51,0,0,"(24, 48]",1.1492281303602059,"(30, 60]",False,False
CUS0000191,63.0,20.78,9.34,135,144,36,0,0,"(48, 72]",0.44947064485081806,"(30, 60]",False,False
CUS0005036,9.0,46.44,8.09,83,58,19,0,0,"(6, 12]",0.17420327304048236,"(7, 30]",False,True
CUS0001883,24.0,53.64,14.87,142,250,24,7,1,"(12, 24]",0.2772184936614467,"(7, 30]",False,True
CUS0003561,60.0,106.6,0.14,207,47,5,4,0,"(48, 72]",0.0013133208255159477,"(-1, 7]",True,False
CUS0002791,5.0,50.84,14.04,120,186,14,4,0,"(0, 6]",0.27616050354051924,"(7, 30]",False,True
CUS0002635,34.0,89.85,10.74,80,126,26,3,0,"(24, 48]",0.11953255425709516,"(7, 30]",True,False
CUS0003919,48.0,115.01,2.17,735,83,29,0,0,"(24, 48]",0.018867924528301886,"(7, 30]",True,False
CUS0003649,69.0,102.46,17.43,820,138,10,0,0,"(48, 72]",0.17011516689439782,"(7, 30]",True,False
CUS0005258,55.0,12.41,7.01,82,150,28,0,0,"(48, 72]",0.5648670427074939,"(7, 30]",False,False
CUS0000099,35.0,20.97,3.87,851,145,6,0,0,"(24, 48]",0.18454935622317598,"(-1, 7]",False,False
CUS0004390,69.0,71.26,0.0,868,119,25,1,0,"(48, 72]",0.0,"(7, 30]",True,False
CUS0005294,48.0,60.43,6.47,105,272,75,0,1,"(24, 48]",0.10706602680787689,,False,True
CUS0003319,20.0,55.52662624177525,0.0,598,287,23,0,0,"(12, 24]",0.0,"(7, 30]",True,False
CUS0003453,20.0,16.35,15.62,409,251,20,0,0,"(12, 24]",0.9553516819571864,"(7, 30]",False,False
CUS0006063,30.0,26.22,0.64,553,29,40,0,1,"(24, 48]",0.02440884820747521,"(30, 60]",False,False
CUS0005506,8.0,28.21,8.218195789745577,805,1,26,2,0,"(6, 12]",0.29132207691405804,"(7, 30]",False,False
CUS0002658,8.0,26.33,8.55,538,79,16,0,0,"(6, 12]",0.32472464868970763,"(7, 30]",False,False
CUS0003413,7.0,12.59,13.67,892,4,11,0,0,"(6, 12]",1.0857823669579032,"(7, 30]",False,False
CUS0004420,27.0,91.55,11.19,525,283,13,2,0,"(24, 48]",0.12222829055161114,"(7, 30]",True,False
CUS0007638,49.0,26.13,12.35,185,192,7,0,0,"(48, 72]",0.472636815920398,"(-1, 7]",False,False
CUS0004110,38.0,55.52662624177525,13.24,143,229,15,0,0,"(24, 48]",0.2384441644689541,"(7, 30]",True,False
CUS0001729,24.0,22.98,7.73,246,4,21,3,0,"(12, 24]",0.33637946040034816,"(7, 30]",False,False
CUS0005248,40.0,55.52662624177525,11.21,890,286,46,1,0,"(24, 48]",0.2018851271674453,"(30, 60]",False,False
CUS0000188,33.0,11.48,10.17,687,105,17,0,0,"(24, 48]",0.8858885017421603,"(7, 30]",False,False
CUS0006399,38.0,55.52662624177525,8.13,547,247,43,2,0,"(24, 48]",0.1464162429858457,"(30, 60]",False,True
CUS0005222,43.0,43.45,6.05,32,20,1,0,0,"(24, 48]",0.13924050632911392,"(-1, 7]",False,True
CUS0007802,60.0,69.52,5.63,348,289,27,3,1,"(48, 72]",0.08098388952819333,"(7, 30]",False,True
CUS0007765,32.0,18.51,9.19,833,128,41,0,0,"(24, 48]",0.4964883846569421,"(30, 60]",False,False
CUS0006662,3.0,19.2,7.89,467,116,14,0,0,"(0, 6]",0.4109375,"(7, 30]",False,False
CUS0006324,70.0,15.35,0.67,917,2,47,0,0,"(48, 72]",0.04364820846905538,"(30, 60]",False,False
CUS0007820,53.0,15.3,1.55,254,273,18,2,0,"(48, 72]",0.10130718954248366,"(7, 30]",False,False
CUS0006974,9.0,10.27,18.32,123,103,26,6,0,"(6, 12]",1.7838364167478094,"(7, 30]",False,False
CUS0002197,38.0,78.65,15.33,60,124,4,0,0,"(24, 48]",0.19491417673235853,"(-1, 7]",True,False
CUS0007463,14.0,35.02,13.84,839,163,13,2,0,"(12, 24]",0.395202741290691,"(7, 30]",False,True
CUS0004374,11.0,67.94,6.91,963,118,21,1,0,"(6, 12]",0.1017073888725346,"(7, 30]",False,True
CUS0001930,70.0,55.52662624177525,11.45,38,283,42,0,0,"(48, 72]",0.2062073778828946,"(30, 60]",False,True
CUS0003811,58.0,21.5,8.95,255,71,28,0,1,"(48, 72]",0.41627906976744183,"(7, 30]",False,False
CUS0003517,67.0,98.49,12.34,417,133,17,3,0,"(48, 72]",0.12529190780789928,"(7, 30]",True,False
CUS0003379,35.0,21.53,3.15,702,121,20,2,0,"(24, 48]",0.14630747793776125,"(7, 30]",False,False
CUS0000044,41.0,28.96,7.87,239,22,11,0,0,"(24, 48]",0.2717541436464088,"(7, 30]",False,False
CUS0001961,56.0,28.47,17.6,738,47,12,0,0,"(48, 72]",0.6181945907973306,"(7, 30]",False,False
CUS0006066,42.0,64.16,3.41,980,233,111,2,0,"(24, 48]",0.053148379052369084,,True,False
CUS0006701,64.0,22.95,0.0,488,211,19,2,0,"(48, 72]",0.0,"(7, 30]",False,False
CUS0005352,47.0,36.27,18.65,508,221,29,0,0,"(24, 48]",0.5141990625861593,"(7, 30]",False,True
CUS0004823,15.0,16.33,15.89,123,195,4,1,0,"(12, 24]",0.9730557256582978,"(-1, 7]",False,False
CUS0007892,18.0,23.07,2.54,912,273,1,2,0,"(12, 24]",0.11009969657563935,"(-1, 7]",False,False
CUS0004138,21.0,55.52662624177525,0.0,450,40,15,1,0,"(12, 24]",0.0,"(7, 30]",False,False
CUS0005497,54.0,27.66,0.75,224,35,54,7,1,"(48, 72]",0.027114967462039046,"(30, 60]",False,False
CUS0004016,7.0,55.52662624177525,2.02,870,90,41,0,0,"(6, 12]",0.03637894352169844,"(30, 60]",False,False
CUS0007257,21.0,29.69,9.54,738,238,21,0,0,"(12, 24]",0.3213203098686426,"(7, 30]",False,False
CUS0007615,23.0,114.94,0.0,909,204,35,0,0,"(12, 24]",0.0,"(30, 60]",True,False
CUS0003799,35.0,25.45,0.0,365,252,0,1,0,"(24, 48]",0.0,"(-1, 7]",False,False
CUS0005831,20.0,22.8,15.53,483,58,35,6,1,"(12, 24]",0.6811403508771929,"(30, 60]",False,False
CUS0001690,9.0,76.61,6.14,251,233,25,0,1,"(6, 12]",0.08014619501370578,"(7, 30]",True,False
CUS0001391,24.0,37.89,0.33,229,109,2,0,0,"(12, 24]",0.00870942201108472,"(-1, 7]",False,True
CUS0006812,69.0,25.89,6.75,514,13,18,0,0,"(48, 72]",0.2607184241019699,"(7, 30]",False,False
CUS0005672,59.0,43.63885951963101,5.79,19,77,38,4,0,"(48, 72]",0.13267991106402216,"(30, 60]",False,False
CUS0004805,24.0,55.52662624177525,4.81,386,272,56,2,1,"(12, 24]",0.08662510808879677,"(30, 60]",False,False
CUS0002225,51.0,15.68,18.53,827,161,25,0,0,"(48, 72]",1.1817602040816328,"(7, 30]",False,False
CUS0001699,11.0,27.51,6.36,854,140,18,0,0,"(6, 12]",0.2311886586695747,"(7, 30]",False,False
CUS0002437,23.0,105.4,18.65,719,26,6,1,0,"(12, 24]",0.17694497153700187,"(-1, 7]",True,False
CUS0005800,41.0,50.39,3.66,926,261,0,1,0,"(24, 48]",0.07263345901964675,"(-1, 7]",False,True
CUS0001776,14.0,59.78,22.79,945,149,4,1,0,"(12, 24]",0.38123118099698894,"(-1, 7]",False,True
CUS0002922,40.0,117.29,10.81,473,44,2,0,0,"(24, 48]",0.09216471992497229,"(-1, 7]",True,False
CUS0000367,64.0,113.8,11.63,152,238,40,8,1,"(48, 72]",0.10219683655536028,"(30, 60]",True,False
CUS0005092,40.0,27.49,15.99,769,278,14,1,0,"(24, 48]",0.5816660603855948,"(7, 30]",False,False
CUS0007213,14.0,59.01,12.63,72,39,16,2,1,"(12, 24]",0.21403152008134216,"(7, 30]",False,True
CUS0000665,2.0,55.52662624177525,10.78,503,120,56,0,1,"(0, 6]",0.19414109463559856,"(30, 60]",False,True
CUS0007936,70.0,28.45,0.66,666,7,6,0,0,"(48, 72]",0.02319859402460457,"(-1, 7]",False,False
CUS0000356,59.0,54.08,16.15,17,191,88,0,0,"(48, 72]",0.2986316568047337,,False,True
CUS0006039,44.0,65.91,11.72,503,47,3,3,0,"(24, 48]",0.17781823698983465,"(-1, 7]",False,True
CUS0000928,42.0,113.01,5.78,858,229,49,0,0,"(24, 48]",0.05114591629059375,"(30, 60]",True,False
CUS0003134,68.0,29.98,9.41,284,39,19,0,0,"(48, 72]",0.3138759172781855,"(7, 30]",False,False
CUS0003556,70.0,19.37,9.61,321,218,2,0,0,"(48, 72]",0.4961280330407847,"(-1, 7]",False,False
CUS0001314,59.0,61.9,5.38,286,21,23,0,0,"(48, 72]",0.08691437802907916,"(7, 30]",False,True
CUS0007633,12.0,47.16,19.47,19,79,27,1,0,"(6, 12]",0.4128498727735369,"(7, 30]",False,True
CUS0003838,34.0,20.62,11.54,907,268,13,3,0,"(24, 48]",0.559650824442289,"(7, 30]",False,False
CUS0003330,3.0,43.45,12.22,678,201,29,2,0,"(0, 6]",0.2812428078250863,"(7, 30]",False,True
CUS0002526,55.0,40.46,9.92,632,89,63,0,0,"(48, 72]",0.24518042511122096,,False,True
CUS0000930,30.0,28.65,12.14,684,66,15,0,0,"(24, 48]",0.42373472949389185,"(7, 30]",False,False
CUS0004417,55.0,66.37,14.08,360,87,3,4,0,"(48, 72]",0.21214404098237155,"(-1, 7]",False,True
CUS0006638,66.0,11.82,7.08,194,4,0,2,0,"(48, 72]",0.5989847715736041,"(-1, 7]",False,False
CUS0003435,45.0,89.17,13.82,210,300,17,0,0,"(24, 48]",0.15498486037905124,"(7, 30]",True,False
CUS0005111,8.0,26.35,13.62,550,277,37,2,0,"(6, 12]",0.5168880455407969,"(30, 60]",False,False
CUS0005750,49.0,16.37,7.09,210,225,11,1,0,"(48, 72]",0.43310934636530235,"(7, 30]",False,False
CUS0004445,35.0,101.8,8.218195789745577,454,15,12,1,0,"(24, 48]",0.08072883879907247,"(7, 30]",True,False
CUS0003094,1.0,28.2,1.13,601,243,30,0,0,"(0, 6]",0.0400709219858156,"(7, 30]",False,False
CUS0004589,58.0,60.64,9.86,973,130,12,0,0,"(48, 72]",0.16259894459102903,"(7, 30]",False,True
CUS0001166,21.0,58.33,8.28,890,26,18,0,0,"(12, 24]",0.14195096862677867,"(7, 30]",False,True
CUS0000577,31.0,17.29,8.18,65,225,38,0,0,"(24, 48]",0.47310584152689417,"(30, 60]",False,False
CUS0003341,62.0,18.0,11.37,660,46,11,0,0,"(48, 72]",0.6316666666666666,"(7, 30]",False,False
CUS0005377,51.0,17.18,12.4,969,295,14,2,0,"(48, 72]",0.7217694994179279,"(7, 30]",False,False
CUS0007479,67.0,16.32,6.61,186,204,17,1,0,"(48, 72]",0.4050245098039216,"(7, 30]",False,False
CUS0001500,29.0,68.2,0.0,708,71,3,0,1,"(24, 48]",0.0,"(-1, 7]",False,True
CUS0006734,56.0,21.63,12.84,815,170,28,0,0,"(48, 72]",0.593619972260749,"(7, 30]",False,False
CUS0006800,7.0,59.04,9.37,432,228,32,1,0,"(6, 12]",0.1587059620596206,"(30, 60]",False,True
CUS0002409,49.0,42.98,12.21,208,50,62,0,0,"(48, 72]",0.28408562121917175,,False,True
CUS0001001,12.0,57.1,9.38,611,281,10,0,0,"(6, 12]",0.16427320490367778,"(7, 30]",False,True
CUS0004856,10.0,27.72,4.94,267,122,22,0,1,"(6, 12]",0.17821067821067824,"(7, 30]",False,False
CUS0007878,61.0,18.34,12.02,821,190,27,1,0,"(48, 72]",0.6553980370774264,"(7, 30]",False,False
CUS0004927,7.0,33.68,15.91,856,294,1,3,0,"(6, 12]",0.4723871733966746,"(-1, 7]",False,True
CUS0002227,5.0,16.21,0.0,628,218,21,6,1,"(0, 6]",0.0,"(7, 30]",False,False
CUS0000456,39.0,24.7,8.218195789745577,993,269,5,0,0,"(24, 48]",0.3327204773176347,"(-1, 7]",False,False
CUS0001779,41.0,23.6,9.64,666,189,76,2,0,"(24, 48]",0.40847457627118644,,False,False
CUS0000634,38.0,118.06,7.29,683,165,37,8,0,"(24, 48]",0.06174826359478231,"(30, 60]",True,False
CUS0005968,22.0,63.2,9.74,752,234,39,2,0,"(12, 24]",0.1541139240506329,"(30, 60]",False,True
CUS0002846,16.0,12.29,10.18,757,220,50,0,0,"(12, 24]",0.8283157038242474,"(30, 60]",False,False
CUS0005316,2.0,105.49,2.76,183,287,48,1,0,"(0, 6]",0.026163617404493317,"(30, 60]",True,False
CUS0001217,53.0,111.66,12.8,332,148,14,1,0,"(48, 72]",0.11463370947519255,"(7, 30]",True,False
CUS0007233,4.0,29.61,1.98,973,217,1,0,1,"(0, 6]",0.0668693009118541,"(-1, 7]",False,False
CUS0003029,66.0,10.97,9.44,897,244,24,0,0,"(48, 72]",0.86052871467639,"(7, 30]",False,False
CUS0002518,7.0,63.72,4.28,998,89,60,3,1,"(6, 12]",0.06716886377903328,"(30, 60]",False,True
CUS0000748,33.0,49.32,9.27,536,180,28,0,0,"(24, 48]",0.18795620437956204,"(7, 30]",False,True
CUS0000015,52.0,16.59,13.97,316,265,4,1,0,"(48, 72]",0.84207353827607,"(-1, 7]",False,False
CUS0005926,38.0,35.75,11.0,704,184,17,0,0,"(24, 48]",0.3076923076923077,"(7, 30]",False,True
CUS0007441,19.0,24.82,8.218195789745577,297,295,21,0,0,"(12, 24]",0.3311118368148903,"(7, 30]",False,False
CUS0004500,67.0,55.52662624177525,0.56,432,300,11,0,0,"(48, 72]",0.010085251669381746,"(7, 30]",True,False
CUS0005799,55.0,76.36,8.01,878,257,42,1,0,"(48, 72]",0.10489785227867994,"(30, 60]",True,False
CUS0003702,60.0,77.26,7.67,163,70,47,5,0,"(48, 72]",0.09927517473466217,"(30, 60]",True,False
CUS0007415,39.0,60.23,7.31,440,124,10,1,0,"(24, 48]",0.12136808899219657,"(7, 30]",True,False
CUS0007872,60.0,48.48,21.65,553,117,20,3,1,"(48, 72]",0.4465759075907591,"(7, 30]",False,True
CUS0001711,17.0,33.35,0.0,985,172,68,0,1,"(12, 24]",0.0,,False,True
CUS0004718,3.0,10.79,12.99,66,263,45,0,0,"(0, 6]",1.2038924930491197,"(30, 60]",False,False
CUS0001537,4.0,51.06,9.11,175,5,43,0,0,"(0, 6]",0.17841754798276535,"(30, 60]",False,True
CUS0003991,46.0,102.95,21.49,103,73,38,2,0,"(24, 48]",0.20874210781932975,"(30, 60]",True,False
CUS0007789,70.0,69.15,10.15,689,94,37,0,0,"(48, 72]",0.1467823571945047,"(30, 60]",False,True
CUS0001725,18.0,95.17,3.96,881,97,25,4,0,"(12, 24]",0.04160975097194494,"(7, 30]",True,False
CUS0003162,43.0,98.21,18.57,856,218,46,5,1,"(24, 48]",0.18908461460136444,"(30, 60]",True,False
CUS0005382,26.0,115.78,13.86,710,128,61,2,0,"(24, 48]",0.11970979443772671,,True,False
CUS0006045,45.0,106.03,13.31,35,258,35,1,0,"(24, 48]",0.12553051023295295,"(30, 60]",True,False
CUS0004322,49.0,63.55,5.72,16,15,48,1,0,"(48, 72]",0.0900078678206137,"(30, 60]",False,True
CUS0006344,40.0,13.5,3.86,230,255,33,2,0,"(24, 48]",0.2859259259259259,"(30, 60]",False,False
CUS0002060,47.0,62.87,0.0,730,79,41,2,1,"(24, 48]",0.0,"(30, 60]",True,False
CUS0001384,9.0,55.52662624177525,15.06,800,280,27,2,0,"(6, 12]",0.2712212323944448,"(7, 30]",False,False
CUS0007636,72.0,27.55,4.44,183,56,9,2,0,"(48, 72]",0.16116152450090745,"(7, 30]",False,False
CUS0003810,37.0,36.04,7.57,231,140,24,1,0,"(24, 48]",0.2100443951165372,"(7, 30]",False,True
CUS0006085,48.0,82.83,8.03,868,235,9,2,0,"(24, 48]",0.09694555112881806,"(7, 30]",True,False
CUS0001835,7.0,55.52662624177525,4.59,986,81,32,4,1,"(6, 12]",0.08266304493296822,"(30, 60]",False,False
CUS0005808,64.0,83.05,11.63,608,84,1,0,0,"(48, 72]",0.1400361228175798,"(-1, 7]",True,False
CUS0005119,67.0,55.74,14.14,904,65,39,0,0,"(48, 72]",0.2536777897380696,"(30, 60]",False,True
CUS0007869,62.0,10.26,10.63,298,69,30,0,0,"(48, 72]",1.0360623781676415,"(7, 30]",False,False
CUS0002124,62.0,114.87,9.6,827,194,35,0,0,"(48, 72]",0.0835727343954035,"(30, 60]",True,False
CUS0002754,1.0,13.74,9.03,905,100,1,2,1,"(0, 6]",0.6572052401746724,"(-1, 7]",False,False
CUS0004422,31.0,74.65,4.41,918,57,21,0,0,"(24, 48]",0.059075686537173475,"(7, 30]",True,False
CUS0001342,50.0,19.17,17.08,153,87,47,1,0,"(48, 72]",0.8909754825247781,"(30, 60]",False,False
CUS0001078,21.0,22.86,11.48,250,73,17,0,0,"(12, 24]",0.5021872265966755,"(7, 30]",False,False
CUS0006819,57.0,16.09,0.0,524,240,50,0,0,"(48, 72]",0.0,"(30, 60]",False,False
CUS0001221,33.0,38.68,13.03,642,223,10,0,0,"(24, 48]",0.33686659772492245,"(7, 30]",False,True
CUS0005063,24.0,91.98,5.06,139,252,12,0,0,"(12, 24]",0.05501195912154815,"(7, 30]",True,False
CUS0003955,67.0,51.41,5.91,620,27,30,3,0,"(48, 72]",0.11495817934254038,"(7, 30]",False,True
CUS0002379,32.0,26.77,6.24,983,154,34,0,0,"(24, 48]",0.23309675009338812,"(30, 60]",False,False
CUS0000272,22.0,46.48,9.62,802,134,6,0,0,"(12, 24]",0.2069707401032702,"(-1, 7]",False,True
CUS0002259,15.0,104.03,9.14,15,216,31,0,1,"(12, 24]",0.08785927136402961,"(30, 60]",True,False
CUS0006411,48.0,17.08,5.45,940,60,5,3,0,"(24, 48]",0.3190866510538642,"(-1, 7]",False,False
CUS0004355,72.0,16.96,6.91,841,259,16,0,0,"(48, 72]",0.4074292452830189,"(7, 30]",False,False
CUS0003088,14.0,10.73,11.15,394,34,26,1,0,"(12, 24]",1.0391425908667289,"(7, 30]",False,False
CUS0005883,68.0,57.49,0.0,491,251,27,1,0,"(48, 72]",0.0,"(7, 30]",False,True
CUS0004916,11.0,89.84,7.52,189,186,8,0,0,"(6, 12]",0.08370436331255565,"(7, 30]",True,False
CUS0001196,11.0,26.4,4.82,259,147,13,0,0,"(6, 12]",0.18257575757575759,"(7, 30]",False,False
CUS0002717,61.0,82.84,8.218195789745577,807,227,22,1,0,"(48, 72]",0.09920564690663419,"(7, 30]",True,False
CUS0007157,22.0,23.61,17.15,313,242,10,2,0,"(12, 24]",0.7263871240999576,"(7, 30]",False,False
CUS0000273,42.0,10.46,0.0,933,39,30,0,0,"(24, 48]",0.0,"(7, 30]",False,False
CUS0001549,67.0,26.31,8.81,556,287,10,1,0,"(48, 72]",0.33485366780691755,"(7, 30]",False,False
CUS0007023,27.0,29.96,10.42,398,133,2,0,0,"(24, 48]",0.3477970627503338,"(-1, 7]",False,False
CUS0004198,2.0,103.43,1.35,237,78,37,1,1,"(0, 6]",0.01305230590737697,"(30, 60]",True,False
CUS0003818,1.0,25.6,9.59,566,37,14,0,1,"(0, 6]",0.37460937499999997,"(7, 30]",False,False
CUS0004597,8.0,76.39,14.39,970,137,29,0,0,"(6, 12]",0.18837544181175547,"(7, 30]",True,False
CUS0007804,33.0,85.38,6.1,423,241,36,1,0,"(24, 48]",0.07144530334973062,"(30, 60]",True,False
CUS0004421,22.0,39.35,4.98,951,1,0,3,0,"(12, 24]",0.12655654383735707,"(-1, 7]",False,True
CUS0002088,9.0,39.35,3.64,580,138,41,0,1,"(6, 12]",0.09250317662007623,"(30, 60]",False,True
CUS0004428,62.0,64.47,9.19,292,91,49,2,0,"(48, 72]",0.1425469210485497,"(30, 60]",False,True
CUS0004820,64.0,55.52662624177525,11.5,245,202,27,0,0,"(48, 72]",0.20710784678194655,"(7, 30]",True,False
CUS0004195,33.0,27.55,4.51,30,7,4,0,0,"(24, 48]",0.16370235934664246,"(-1, 7]",False,False
CUS0003095,64.0,36.28,4.56,254,224,43,6,1,"(48, 72]",0.12568908489525907,"(30, 60]",False,True
CUS0007431,26.0,68.89,16.08,124,39,31,2,0,"(24, 48]",0.23341559007112786,"(30, 60]",True,False
CUS0006152,42.0,25.02,10.14,466,98,13,1,0,"(24, 48]",0.40527577937649883,"(7, 30]",False,False
CUS0004936,8.0,16.61,11.12,458,115,4,2,0,"(6, 12]",0.6694762191450933,"(-1, 7]",False,False
CUS0000305,2.0,18.21,0.28,321,196,28,3,0,"(0, 6]",0.015376166941241077,"(7, 30]",False,False
CUS0003200,29.0,20.21,13.03,379,23,13,2,0,"(24, 48]",0.6447303315190499,"(7, 30]",False,False
CUS0002794,29.0,67.18,20.77,684,138,23,3,0,"(24, 48]",0.30916939565346824,"(7, 30]",False,True
CUS0000631,22.0,34.12,7.48,215,100,3,0,0,"(12, 24]",0.21922626025791328,"(-1, 7]",False,True
CUS0001041,44.0,55.52662624177525,9.43,707,118,38,0,0,"(24, 48]",0.16982843436119616,"(30, 60]",False,True
CUS0001633,19.0,86.34,10.8,894,104,0,2,0,"(12, 24]",0.1250868658790827,"(-1, 7]",True,False
CUS0002470,8.0,36.6,12.57,937,245,8,4,0,"(6, 12]",0.3434426229508197,"(7, 30]",False,True
CUS0001528,44.0,76.99,15.18,972,226,27,2,0,"(24, 48]",0.19716846343681,"(7, 30]",True,False
CUS0005859,17.0,50.92,1.57,184,256,18,1,0,"(12, 24]",0.030832678711704635,"(7, 30]",False,True
CUS0007052,62.0,17.05,8.77,232,282,7,0,0,"(48, 72]",0.5143695014662756,"(-1, 7]",False,False
CUS0004617,60.0,67.6,8.218195789745577,413,213,52,0,0,"(48, 72]",0.12157094363528961,"(30, 60]",False,True
CUS0003511,50.0,28.98,10.95,874,247,3,2,1,"(48, 72]",0.3778467908902691,"(-1, 7]",False,False
CUS0006491,19.0,29.03,15.51,581,42,39,2,0,"(12, 24]",0.5342748880468481,"(30, 60]",False,False
CUS0004839,10.0,15.13,7.3,346,196,20,2,1,"(6, 12]",0.48248512888301387,"(7, 30]",False,False
CUS0000889,60.0,29.75,14.98,52,122,39,0,1,"(48, 72]",0.5035294117647059,"(30, 60]",False,False
CUS0000931,64.0,24.73,12.76,189,89,5,0,0,"(48, 72]",0.5159725030327538,"(-1, 7]",False,False
CUS0005397,22.0,22.03,8.0,485,261,7,0,0,"(12, 24]",0.3631411711302769,"(-1, 7]",False,False
CUS0004609,45.0,55.52662624177525,0.0,919,289,37,0,0,"(24, 48]",0.0,"(30, 60]",True,False
CUS0004427,12.0,28.3,8.218195789745577,273,172,22,0,0,"(6, 12]",0.2903956109450734,"(7, 30]",False,False
CUS0005335,7.0,17.81,1.07,281,150,43,0,1,"(6, 12]",0.06007860752386301,"(30, 60]",False,False
CUS0003946,7.0,63.95,0.0,986,13,34,4,1,"(6, 12]",0.0,"(30, 60]",True,False
CUS0003874,64.0,55.18,3.08,478,100,10,0,0,"(48, 72]",0.0558173251177963,"(7, 30]",False,True
CUS0003689,25.0,21.22,3.18,485,129,5,3,1,"(24, 48]",0.14985862393967955,"(-1, 7]",False,False
CUS0002537,49.0,29.53,12.93,206,87,66,0,1,"(48, 72]",0.4378598035895699,,False,False
CUS0003701,13.0,13.49,9.2,731,82,63,1,0,"(12, 24]",0.681986656782802,,False,False
CUS0006116,7.0,89.62,3.19,49,3,7,0,0,"(6, 12]",0.0355947333184557,"(-1, 7]",True,False
CUS0001991,44.0,12.64,9.87,637,258,42,4,0,"(24, 48]",0.7808544303797468,"(30, 60]",False,False
CUS0006875,23.0,11.0,9.24,924,257,3,0,0,"(12, 24]",0.84,"(-1, 7]",False,False
CUS0004594,34.0,26.82,2.46,105,187,31,0,1,"(24, 48]",0.09172259507829977,"(30, 60]",False,False
CUS0003174,20.0,44.31,17.31,30,21,8,2,0,"(12, 24]",0.3906567366283006,"(7, 30]",False,True
CUS0001616,9.0,13.44,2.96,499,20,61,0,1,"(6, 12]",0.22023809523809523,,False,False
CUS0000229,49.0,66.81,10.3,590,42,1,1,0,"(48, 72]",0.15416853764406527,"(-1, 7]",True,False
CUS0004433,62.0,16.31,12.34,610,257,51,0,0,"(48, 72]",0.756591048436542,"(30, 60]",False,False
CUS0005891,23.0,62.8,14.32,890,140,23,0,0,"(12, 24]",0.22802547770700637,"(7, 30]",False,True
CUS0005190,3.0,35.12,15.19,945,226,17,0,0,"(0, 6]",0.43251708428246016,"(7, 30]",False,True
CUS0000735,28.0,24.05,11.47,502,104,27,5,1,"(24, 48]",0.47692307692307695,"(7, 30]",False,False
CUS0007853,69.0,29.97,9.31,62,120,1,0,0,"(48, 72]",0.310643977310644,"(-1, 7]",False,False
CUS0003019,28.0,43.16,19.17,843,244,3,3,0,"(24, 48]",0.44416126042632076,"(-1, 7]",False,True
CUS0000640,5.0,47.0,5.05,320,146,73,2,1,"(0, 6]",0.1074468085106383,,False,True
CUS0002404,35.0,15.62,7.63,250,212,13,1,0,"(24, 48]",0.4884763124199744,"(7, 30]",False,False
CUS0006575,71.0,64.75,10.48,227,252,30,0,0,"(48, 72]",0.16185328185328185,"(7, 30]",False,True
CUS0004406,13.0,23.24,15.97,446,247,23,0,1,"(12, 24]",0.6871772805507746,"(7, 30]",False,False
CUS0004779,23.0,18.48,0.88,212,225,41,2,1,"(12, 24]",0.047619047619047616,"(30, 60]",False,False
CUS0003951,24.0,48.67,13.53,236,2,0,0,0,"(12, 24]",0.2779946579001438,"(-1, 7]",False,True
CUS0004443,70.0,55.07,9.96,379,20,35,2,1,"(48, 72]",0.1808607227165426,"(30, 60]",False,True
CUS0005415,10.0,25.77,13.35,148,94,9,1,0,"(6, 12]",0.5180442374854481,"(7, 30]",False,False
CUS0007973,33.0,55.52662624177525,8.41,54,265,41,2,1,"(24, 48]",0.15145886882053655,"(30, 60]",False,True
CUS0005264,58.0,19.04,7.07,134,271,21,0,0,"(48, 72]",0.3713235294117647,"(7, 30]",False,False
CUS0003733,47.0,53.95,4.37,99,251,62,8,1,"(24, 48]",0.08100092678405932,,False,True
CUS0006493,13.0,72.93,16.33,294,89,34,1,0,"(12, 24]",0.22391334156040035,"(30, 60]",True,False
CUS0000280,38.0,18.55,8.218195789745577,253,45,41,2,1,"(24, 48]",0.4430294226277939,"(30, 60]",False,False
CUS0001902,58.0,109.52,9.88,836,209,52,1,0,"(48, 72]",0.0902118334550767,"(30, 60]",True,False
CUS0001709,54.0,52.94,10.09,148,93,32,0,0,"(48, 72]",0.19059312429165093,"(30, 60]",False,True
CUS0006685,37.0,60.79,0.22,696,158,11,0,0,"(24, 48]",0.003619016285573285,"(7, 30]",False,True
CUS0005657,28.0,54.96,12.43,1,217,6,0,0,"(24, 48]",0.22616448326055313,"(-1, 7]",False,True
CUS0005711,21.0,23.75,0.0,818,216,3,1,0,"(12, 24]",0.0,"(-1, 7]",False,False
CUS0001226,72.0,47.58,12.6,752,216,43,2,1,"(48, 72]",0.26481715006305173,"(30, 60]",False,True
CUS0000018,44.0,10.79,6.68,95,141,53,4,0,"(24, 48]",0.6190917516218721,"(30, 60]",False,False
CUS0006303,51.0,24.99,15.7,682,162,23,0,0,"(48, 72]",0.6282513005202081,"(7, 30]",False,False
CUS0006301,10.0,66.54,15.44,325,227,5,0,1,"(6, 12]",0.23204087766756834,"(-1, 7]",True,False
CUS0007483,32.0,12.08,11.84,892,115,14,2,0,"(24, 48]",0.9801324503311258,"(7, 30]",False,False
CUS0004532,17.0,59.4,11.0,74,48,43,1,0,"(12, 24]",0.1851851851851852,"(30, 60]",False,True
CUS0007623,12.0,57.72,11.7,855,97,31,1,0,"(6, 12]",0.2027027027027027,"(30, 60]",False,True
CUS0000011,1.0,17.61,11.88,474,258,51,0,0,"(0, 6]",0.6746166950596253,"(30, 60]",False,False
CUS0002888,15.0,62.68,0.96,235,9,0,3,0,"(12, 24]",0.015315890236119975,"(-1, 7]",False,True
CUS0001349,15.0,47.52,6.4,519,83,3,7,1,"(12, 24]",0.13468013468013468,"(-1, 7]",False,True
CUS0001919,70.0,61.34,10.37,814,223,9,1,0,"(48, 72]",0.16905771111835668,"(7, 30]",False,True
CUS0001171,42.0,12.03,7.45,930,207,24,1,0,"(24, 48]",0.6192851205320034,"(7, 30]",False,False
CUS0004077,60.0,47.39,13.62,734,80,49,0,0,"(48, 72]",0.2874024055707955,"(30, 60]",False,True
CUS0007131,46.0,16.49,4.97,680,299,3,2,0,"(24, 48]",0.30139478471801096,"(-1, 7]",False,False
CUS0002867,40.0,55.53,1.9,497,6,29,0,0,"(24, 48]",0.03421573924005042,"(7, 30]",False,True
CUS0000698,12.0,65.89,6.99,146,299,48,4,1,"(6, 12]",0.10608590074366368,"(30, 60]",False,True
CUS0005572,29.0,41.97,0.62,365,197,29,0,0,"(24, 48]",0.014772456516559448,"(7, 30]",False,True
CUS0003465,72.0,18.81,5.83,839,294,4,0,0,"(48, 72]",0.3099415204678363,"(-1, 7]",False,False
CUS0002828,53.0,19.77,20.89,256,101,23,2,0,"(48, 72]",1.0566514921598382,"(7, 30]",False,False
CUS0001128,45.0,30.84,8.35,329,244,12,7,1,"(24, 48]",0.2707522697795071,"(7, 30]",False,True
CUS0000745,62.0,26.24,12.51,660,184,10,0,0,"(48, 72]",0.4767530487804878,"(7, 30]",False,False
CUS0002670,45.0,36.13,12.65,460,199,20,2,0,"(24, 48]",0.35012455023526157,"(7, 30]",False,True
CUS0001748,9.0,55.52662624177525,10.46,487,160,101,1,0,"(6, 12]",0.18837809368166616,,False,False
CUS0002376,3.0,117.01,8.43,484,46,55,4,0,"(0, 6]",0.07204512434834628,"(30, 60]",True,False
CUS0000502,64.0,64.63,8.77,692,32,13,0,0,"(48, 72]",0.13569549744700604,"(7, 30]",True,False
CUS0003797,15.0,16.65,11.12,863,99,0,2,1,"(12, 24]",0.6678678678678679,"(-1, 7]",False,False
CUS0006905,48.0,25.24,2.22,592,157,81,3,1,"(24, 48]",0.0879556259904913,,False,False
CUS0003850,26.0,39.13,8.218195789745577,24,194,35,1,1,"(24, 48]",0.21002289265897206,"(30, 60]",False,True
CUS0004049,61.0,31.13,9.14,196,158,32,1,0,"(48, 72]",0.2936074526180534,"(30, 60]",False,True
CUS0000436,56.0,15.26,0.0,464,141,30,0,0,"(48, 72]",0.0,"(7, 30]",False,False
CUS0007069,69.0,15.52,10.99,862,56,37,0,0,"(48, 72]",0.708118556701031,"(30, 60]",False,False
CUS0004234,37.0,24.82,10.17,215,97,28,0,0,"(24, 48]",0.40975020145044316,"(7, 30]",False,False
CUS0003055,31.0,35.84,6.75,245,137,29,3,0,"(24, 48]",0.18833705357142855,"(7, 30]",False,True
CUS0000559,24.0,64.47,12.11,304,247,24,1,0,"(12, 24]",0.18783930510314875,"(7, 30]",True,False
CUS0005513,58.0,77.87,10.01,425,204,24,0,0,"(48, 72]",0.12854757929883137,"(7, 30]",True,False
CUS0003062,54.0,101.71,10.45,905,73,52,0,0,"(48, 72]",0.10274309310785566,"(30, 60]",True,False
CUS0001031,50.0,17.2,4.38,878,67,32,1,0,"(48, 72]",0.25465116279069766,"(30, 60]",False,False
CUS0000688,22.0,13.42,13.69,648,169,48,0,0,"(12, 24]",1.0201192250372577,"(30, 60]",False,False
CUS0006359,24.0,17.62,8.218195789745577,107,39,19,0,0,"(12, 24]",0.4664129279083755,"(7, 30]",False,False
CUS0003655,61.0,55.91,3.43,288,137,44,2,0,"(48, 72]",0.06134859595778931,"(30, 60]",False,True
CUS0007450,29.0,29.29,0.0,301,94,18,0,0,"(24, 48]",0.0,"(7, 30]",False,False
CUS0001535,34.0,24.1,11.83,136,65,38,2,0,"(24, 48]",0.4908713692946058,"(30, 60]",False,False
CUS0007074,72.0,27.85,17.41,200,14,64,0,0,"(48, 72]",0.6251346499102334,,False,False
CUS0006161,19.0,15.96,13.99,355,178,21,2,0,"(12, 24]",0.8765664160401002,"(7, 30]",False,False
CUS0007736,53.0,22.48,4.51,604,194,22,1,0,"(48, 72]",0.20062277580071172,"(7, 30]",False,False
CUS0004968,12.0,63.72,11.46,332,195,6,0,0,"(6, 12]",0.17984934086629004,"(-1, 7]",True,False
CUS0002879,22.0,25.65,8.19,631,160,27,4,0,"(12, 24]",0.3192982456140351,"(7, 30]",False,False
CUS0006245,71.0,13.01,13.95,274,169,21,0,0,"(48, 72]",1.0722521137586472,"(7, 30]",False,False
CUS0000672,57.0,69.69,14.56,930,169,51,1,0,"(48, 72]",0.20892524035012197,"(30, 60]",True,False
CUS0007153,63.0,29.96,7.17,222,131,36,0,0,"(48, 72]",0.23931909212283042,"(30, 60]",False,False
CUS0007797,17.0,17.99,12.48,136,227,49,2,0,"(12, 24]",0.6937187326292386,"(30, 60]",False,False
CUS0004491,49.0,32.13,20.65,709,261,19,1,0,"(48, 72]",0.6427015250544661,"(7, 30]",False,True
CUS0002688,62.0,102.07,10.77,114,15,25,2,0,"(48, 72]",0.10551582247477222,"(7, 30]",True,False
CUS0002707,15.0,43.63885951963101,13.09,12,262,14,0,0,"(12, 24]",0.2999620096421503,"(7, 30]",False,True
CUS0000446,71.0,68.84,8.218195789745577,709,292,10,6,0,"(48, 72]",0.11938111257619954,"(7, 30]",False,True
CUS0004670,71.0,57.05,0.77,101,287,43,0,0,"(48, 72]",0.013496932515337423,"(30, 60]",False,True
CUS0003870,40.0,23.55,6.17,570,216,44,2,0,"(24, 48]",0.26199575371549894,"(30, 60]",False,False
CUS0005487,16.0,41.8,0.0,148,111,39,4,1,"(12, 24]",0.0,"(30, 60]",False,True
CUS0004825,67.0,20.0,6.07,201,104,38,0,0,"(48, 72]",0.3035,"(30, 60]",False,False
CUS0004792,28.0,13.17,22.72,635,276,25,1,1,"(24, 48]",1.7251328777524677,"(7, 30]",False,False
CUS0006659,44.0,43.8,17.42,971,39,35,4,1,"(24, 48]",0.397716894977169,"(30, 60]",False,True
CUS0004087,47.0,55.44,5.73,387,198,16,1,0,"(24, 48]",0.10335497835497837,"(7, 30]",False,True
CUS0003296,69.0,15.71,6.28,788,26,10,4,0,"(48, 72]",0.39974538510502866,"(7, 30]",False,False
CUS0007496,64.0,44.55,11.92,319,36,67,0,0,"(48, 72]",0.2675645342312009,,False,True
CUS0004391,22.0,56.63,15.64,875,189,23,0,0,"(12, 24]",0.27617870386720816,"(7, 30]",False,True
CUS0004789,26.0,31.4,24.04,278,297,16,0,0,"(24, 48]",0.7656050955414013,"(7, 30]",False,True
CUS0007909,28.0,55.52662624177525,17.12,577,164,13,0,0,"(24, 48]",0.3083205510353848,"(7, 30]",True,False
CUS0006807,24.0,51.72,11.27,460,230,0,2,0,"(12, 24]",0.21790409899458624,"(-1, 7]",False,True
CUS0005454,34.0,63.99,0.0,35,188,6,1,1,"(24, 48]",0.0,"(-1, 7]",True,False
CUS0006727,51.0,68.7,0.0,606,231,28,0,1,"(48, 72]",0.0,"(7, 30]",True,False
CUS0002009,54.0,23.31,5.0,368,235,30,0,0,"(48, 72]",0.2145002145002145,"(7, 30]",False,False
CUS0004928,8.0,65.3,1.58,968,13,5,1,0,"(6, 12]",0.02419601837672282,"(-1, 7]",False,True
CUS0003260,12.0,11.25,14.17,670,165,18,0,0,"(6, 12]",1.2595555555555555,"(7, 30]",False,False
CUS0005171,60.0,55.52662624177525,8.218195789745577,107,173,1,3,0,"(48, 72]",0.14800459429971002,"(-1, 7]",False,False
CUS0002241,67.0,26.33,9.08,726,59,35,2,0,"(48, 72]",0.344853778959362,"(30, 60]",False,False
CUS0006978,18.0,67.31,18.16,884,151,2,2,0,"(12, 24]",0.2697964641212301,"(-1, 7]",False,True
CUS0006049,2.0,89.65,5.16,194,18,11,0,0,"(0, 6]",0.05755716675962075,"(7, 30]",True,False
CUS0006758,72.0,106.07,0.57,237,170,49,0,0,"(48, 72]",0.005373809748279438,"(30, 60]",True,False
CUS0000995,58.0,20.33,8.58,77,19,6,0,0,"(48, 72]",0.42203639940973936,"(-1, 7]",False,False
CUS0007793,21.0,27.72,11.78,176,295,21,2,0,"(12, 24]",0.42496392496392493,"(7, 30]",False,False
CUS0006571,1.0,68.19,9.37,317,269,38,1,0,"(0, 6]",0.1374101774453732,"(30, 60]",False,True
CUS0007312,19.0,116.23,15.13,951,71,34,2,0,"(12, 24]",0.1301729329777166,"(30, 60]",True,False
CUS0000252,19.0,14.51,3.63,214,153,31,1,1,"(12, 24]",0.2501722949689869,"(30, 60]",False,False
CUS0002269,7.0,10.15,19.87,721,288,4,0,0,"(6, 12]",1.9576354679802956,"(-1, 7]",False,False
CUS0001099,40.0,22.2,4.68,647,12,31,2,0,"(24, 48]",0.2108108108108108,"(30, 60]",False,False
CUS0006410,38.0,66.17,16.37,955,80,48,1,0,"(24, 48]",0.2473930784343358,"(30, 60]",False,True
CUS0005570,50.0,65.96,16.17,122,184,26,4,0,"(48, 72]",0.24514857489387512,"(7, 30]",True,False
CUS0007958,49.0,24.09,1.12,867,145,45,0,0,"(48, 72]",0.04649232046492321,"(30, 60]",False,False
CUS0006665,58.0,47.77,2.2,936,163,12,2,0,"(48, 72]",0.04605400879212895,"(7, 30]",False,True
CUS0006539,65.0,57.33,7.41,655,280,30,0,0,"(48, 72]",0.1292517006802721,"(7, 30]",False,True
CUS0000871,24.0,55.03,13.43,719,93,95,0,0,"(12, 24]",0.24404870070870432,,False,True
CUS0000319,46.0,85.59,2.36,957,154,4,8,1,"(24, 48]",0.027573314639560694,"(-1, 7]",True,False
CUS0006616,12.0,48.67,9.82,224,121,4,2,0,"(6, 12]",0.20176700226011918,"(-1, 7]",False,True
CUS0002377,29.0,28.96,5.54,869,164,4,3,1,"(24, 48]",0.19129834254143646,"(-1, 7]",False,False
CUS0000712,36.0,26.4,0.0,370,214,42,1,0,"(24, 48]",0.0,"(30, 60]",False,False
CUS0005640,52.0,53.82,5.93,180,290,28,0,0,"(48, 72]",0.110182088442958,"(7, 30]",False,True
CUS0002760,58.0,108.9,20.16,186,282,26,0,0,"(48, 72]",0.18512396694214875,"(7, 30]",True,False
CUS0006934,27.0,43.67,1.54,918,174,33,1,0,"(24, 48]",0.03526448362720403,"(30, 60]",False,True
CUS0000909,43.0,17.19,7.3,79,206,42,0,0,"(24, 48]",0.42466550319953456,"(30, 60]",False,False
CUS0005366,60.0,14.4,3.26,403,237,40,0,0,"(48, 72]",0.22638888888888886,"(30, 60]",False,False
CUS0000660,16.0,14.82,1.1,281,35,13,0,0,"(12, 24]",0.07422402159244265,"(7, 30]",False,False
CUS0000733,33.0,59.96,5.84,9,114,8,0,0,"(24, 48]",0.09739826551034023,"(7, 30]",False,True
CUS0005949,6.0,48.74,8.95,937,107,30,4,0,"(0, 6]",0.18362741075092323,"(7, 30]",False,True
CUS0002239,2.0,20.17,2.56,66,147,8,2,0,"(0, 6]",0.12692117005453643,"(7, 30]",False,False
CUS0000957,4.0,15.35,9.1,67,294,24,1,0,"(0, 6]",0.5928338762214984,"(7, 30]",False,False
CUS0005076,44.0,105.58,10.63,222,217,42,0,0,"(24, 48]",0.10068194733851109,"(30, 60]",True,False
CUS0002544,40.0,99.03,4.52,108,178,24,0,0,"(24, 48]",0.04564273452489144,"(7, 30]",True,False
CUS0005953,26.0,103.44,0.0,897,16,70,2,0,"(24, 48]",0.0,,True,False
CUS0007152,30.0,28.84,0.0,942,197,44,0,0,"(24, 48]",0.0,"(30, 60]",False,False
CUS0000264,45.0,37.56,15.58,581,218,2,0,0,"(24, 48]",0.41480298189563364,"(-1, 7]",False,True
CUS0000111,33.0,30.39,7.31,373,128,15,2,1,"(24, 48]",0.24053965120105297,"(7, 30]",False,True
CUS0003149,71.0,18.33,3.66,723,201,7,2,0,"(48, 72]",0.19967266775777417,"(-1, 7]",False,False
CUS0005302,65.0,27.87,4.82,527,101,10,0,0,"(48, 72]",0.17294581987800503,"(7, 30]",False,False
CUS0006386,41.0,13.49,0.0,465,120,54,2,0,"(24, 48]",0.0,"(30, 60]",False,False
CUS0006848,47.0,62.69,8.11,484,131,21,2,0,"(24, 48]",0.1293667251555272,"(7, 30]",True,False
CUS0002757,64.0,55.23,13.27,456,212,30,1,0,"(48, 72]",0.24026797030599312,"(7, 30]",False,True
CUS0005035,41.0,47.39,11.53,962,42,15,0,0,"(24, 48]",0.24330027431947668,"(7, 30]",False,True
CUS0007235,59.0,103.88,0.0,923,251,9,6,0,"(48, 72]",0.0,"(7, 30]",True,False
CUS0001065,42.0,25.23,0.88,441,54,33,0,0,"(24, 48]",0.0348791121680539,"(30, 60]",False,False
CUS0001219,3.0,17.25,2.8,30,115,12,4,0,"(0, 6]",0.16231884057971013,"(7, 30]",False,False
CUS0002016,13.0,20.7,2.85,232,41,8,5,0,"(12, 24]",0.13768115942028986,"(7, 30]",False,False
CUS0000814,70.0,54.0,5.15,378,111,8,2,0,"(48, 72]",0.09537037037037038,"(7, 30]",False,True
CUS0003868,40.0,14.11,11.56,211,278,8,3,0,"(24, 48]",0.819277108433735,"(7, 30]",False,False
CUS0005144,33.0,95.8,4.55,884,201,11,5,1,"(24, 48]",0.04749478079331942,"(7, 30]",True,False
CUS0001562,36.56668337929305,65.69,0.68,747,220,14,1,1,"(24, 48]",0.01035165169736642,"(7, 30]",True,False
CUS0004071,37.0,22.91,13.0,408,56,17,0,0,"(24, 48]",0.5674378000872982,"(7, 30]",False,False
CUS0007703,26.0,45.98,13.85,43,103,21,0,0,"(24, 48]",0.3012179208351457,"(7, 30]",False,True
CUS0006627,28.0,57.29,16.18,92,262,22,0,0,"(24, 48]",0.28242276138942224,"(7, 30]",False,True
CUS0006699,41.0,17.47,4.55,169,56,20,3,1,"(24, 48]",0.2604464796794505,"(7, 30]",False,False
CUS0006098,68.0,22.75,20.39,303,50,34,3,0,"(48, 72]",0.8962637362637363,"(30, 60]",False,False
CUS0007701,37.0,16.59,12.31,513,9,2,3,0,"(24, 48]",0.7420132610006028,"(-1, 7]",False,False
CUS0004753,4.0,45.4,13.66,654,144,41,0,0,"(0, 6]",0.3008810572687225,"(30, 60]",False,True
CUS0000969,60.0,55.52662624177525,12.6,548,232,89,6,1,"(48, 72]",0.22691816256108924,,False,False
CUS0003286,4.0,61.49,0.0,820,63,43,4,1,"(0, 6]",0.0,"(30, 60]",False,True
CUS0000594,33.0,21.42,10.72,218,213,67,0,0,"(24, 48]",0.5004668534080299,,False,False
CUS0003194,40.0,29.74,6.62,112,2,22,1,0,"(24, 48]",0.22259583053127102,"(7, 30]",False,False
CUS0002091,52.0,53.75,5.1,938,63,21,0,0,"(48, 72]",0.09488372093023255,"(7, 30]",False,True
CUS0005110,64.0,69.35,12.24,206,273,6,0,0,"(48, 72]",0.17649603460706562,"(-1, 7]",False,True
CUS0004330,36.0,14.19,0.0,940,107,48,1,1,"(24, 48]",0.0,"(30, 60]",False,False
CUS0000694,63.0,55.52662624177525,20.35,610,227,29,2,0,"(48, 72]",0.3664908419141402,"(7, 30]",False,False
CUS0001555,43.0,46.61,2.64,671,159,8,0,0,"(24, 48]",0.05664020596438533,"(7, 30]",False,True
CUS0002966,69.0,101.02,2.38,85,123,17,0,0,"(48, 72]",0.023559691150267275,"(7, 30]",True,False
CUS0000294,49.0,114.15,6.69,670,287,11,5,0,"(48, 72]",0.05860709592641262,"(7, 30]",True,False
CUS0006286,50.0,30.08,4.08,283,81,7,2,0,"(48, 72]",0.13563829787234044,"(-1, 7]",False,True
CUS0002065,32.0,32.64,8.51,956,55,2,1,0,"(24, 48]",0.26072303921568624,"(-1, 7]",False,True
CUS0001356,8.0,115.17,16.36,316,264,63,1,0,"(6, 12]",0.14205088130589563,,True,False
CUS0001587,65.0,25.49,18.99,648,160,43,1,0,"(48, 72]",0.7449980384464495,"(30, 60]",False,False
CUS0007898,69.0,56.21,12.11,901,273,14,0,0,"(48, 72]",0.2154420921544209,"(7, 30]",False,True
CUS0003474,64.0,36.33,0.39,603,264,5,1,0,"(48, 72]",0.010734929810074319,"(-1, 7]",False,True
CUS0006082,33.0,33.15,12.31,359,209,31,2,0,"(24, 48]",0.371342383107089,"(30, 60]",False,True
CUS0000690,5.0,70.41,7.33,58,72,25,7,1,"(0, 6]",0.10410453060644795,"(7, 30]",True,False
CUS0007276,16.0,20.22,8.7,656,48,42,2,1,"(12, 24]",0.43026706231454004,"(30, 60]",False,False
CUS0004716,52.0,28.61,11.19,0,101,4,0,0,"(48, 72]",0.39112198531981823,"(-1, 7]",False,False
CUS0005781,27.0,69.09,10.86,902,83,11,1,0,"(24, 48]",0.15718627876682587,"(7, 30]",False,True
CUS0000092,42.0,34.57,4.58,582,69,2,8,0,"(24, 48]",0.13248481342204224,"(-1, 7]",False,True
CUS0007273,69.0,10.84,5.54,821,232,15,8,0,"(48, 72]",0.511070110701107,"(7, 30]",False,False
CUS0002496,37.0,59.91,8.89,413,40,11,5,1,"(24, 48]",0.1483892505424804,"(7, 30]",False,True
CUS0001156,55.0,55.52662624177525,12.33,845,95,42,1,0,"(48, 72]",0.22205563050620877,"(30, 60]",False,False
CUS0007854,37.0,10.44,0.0,234,255,10,1,0,"(24, 48]",0.0,"(7, 30]",False,False
CUS0002058,42.0,12.23,13.23,531,128,13,1,0,"(24, 48]",1.0817661488143908,"(7, 30]",False,False
CUS0006471,44.0,100.8,5.68,787,126,12,2,1,"(24, 48]",0.05634920634920635,"(7, 30]",True,False
CUS0001283,53.0,12.41,17.83,865,17,16,2,0,"(48, 72]",1.4367445608380336,"(7, 30]",False,False
CUS0002405,34.0,17.21,0.0,486,102,16,1,0,"(24, 48]",0.0,"(7, 30]",False,False
CUS0000022,40.0,24.39,20.28,931,51,57,1,1,"(24, 48]",0.8314883148831489,"(30, 60]",False,False
CUS0006213,23.0,27.1,0.0,763,26,63,3,1,"(12, 24]",0.0,,False,False
CUS0004376,33.0,27.08,15.95,483,212,11,0,0,"(24, 48]",0.5889955686853767,"(7, 30]",False,False
CUS0000544,54.0,15.45,13.86,598,40,32,4,0,"(48, 72]",0.8970873786407767,"(30, 60]",False,False
CUS0001063,71.0,12.48,2.62,236,215,40,1,0,"(48, 72]",0.20993589743589744,"(30, 60]",False,False
CUS0007957,50.0,17.56,7.76,815,85,10,1,0,"(48, 72]",0.4419134396355353,"(7, 30]",False,False
CUS0002262,65.0,19.88,12.97,176,93,0,0,0,"(48, 72]",0.6524144869215293,"(-1, 7]",False,False
CUS0007711,3.0,86.48,2.18,272,245,52,1,0,"(0, 6]",0.02520814061054579,"(30, 60]",True,False
CUS0006306,38.0,43.63885951963101,0.0,380,148,5,1,0,"(24, 48]",0.0,"(-1, 7]",True,False
CUS0003248,8.0,55.21,6.25,797,62,15,3,0,"(6, 12]",0.11320412968665097,"(7, 30]",False,True
CUS0002796,37.0,22.71,0.91,423,144,35,1,0,"(24, 48]",0.04007045354469397,"(30, 60]",False,False
CUS0001232,45.0,21.29,13.52,703,92,1,1,0,"(24, 48]",0.6350399248473462,"(-1, 7]",False,False
CUS0003342,28.0,43.25,7.61,46,275,48,1,1,"(24, 48]",0.17595375722543352,"(30, 60]",False,True
CUS0001135,50.0,10.49,0.0,408,0,6,4,0,"(48, 72]",0.0,"(-1, 7]",False,False
CUS0001137,36.0,52.08,0.0,646,289,74,0,0,"(24, 48]",0.0,,False,True
CUS0002391,57.0,41.88,0.0,243,32,59,1,1,"(48, 72]",0.0,"(30, 60]",False,True
CUS0006536,67.0,16.94,10.37,655,132,25,1,0,"(48, 72]",0.6121605667060211,"(7, 30]",False,False
CUS0006798,2.0,16.98,12.67,228,10,28,0,0,"(0, 6]",0.7461719670200235,"(7, 30]",False,False
CUS0004383,66.0,53.51,14.29,391,88,11,3,0,"(48, 72]",0.267052887310783,"(7, 30]",False,True
CUS0006470,70.0,48.48,12.56,195,162,6,0,0,"(48, 72]",0.2590759075907591,"(-1, 7]",False,True
CUS0006704,63.0,15.26,0.0,229,184,6,0,0,"(48, 72]",0.0,"(-1, 7]",False,False
CUS0000510,60.0,31.48,1.85,714,54,72,3,1,"(48, 72]",0.05876747141041932,,False,True
CUS0006586,49.0,24.35,14.45,156,108,0,2,0,"(48, 72]",0.5934291581108829,"(-1, 7]",False,False
CUS0004787,66.0,113.75,9.0,395,278,32,5,0,"(48, 72]",0.07912087912087912,"(30, 60]",True,False
CUS0000006,63.0,55.52662624177525,18.96,859,23,12,2,0,"(48, 72]",0.34145780652049623,"(7, 30]",False,False
CUS0007975,3.0,10.29,16.87,221,72,1,1,0,"(0, 6]",1.6394557823129254,"(-1, 7]",False,False
CUS0005303,26.0,11.04,5.4,562,293,29,0,0,"(24, 48]",0.48913043478260876,"(7, 30]",False,False
CUS0005665,68.0,26.65,8.54,176,284,51,2,0,"(48, 72]",0.32045028142589116,"(30, 60]",False,False
CUS0005127,16.0,55.52662624177525,9.84,590,161,5,0,0,"(12, 24]",0.17721227933342207,"(-1, 7]",False,False
CUS0001831,22.0,66.65,12.6,776,139,1,0,0,"(12, 24]",0.18904726181545384,"(-1, 7]",True,False
CUS0002492,45.0,50.72,9.14,930,265,4,4,0,"(24, 48]",0.180205047318612,"(-1, 7]",False,True
CUS0002773,23.0,28.33,10.47,744,33,31,2,1,"(12, 24]",0.36957289092834456,"(30, 60]",False,False
CUS0005531,66.0,17.11,0.0,460,190,13,0,0,"(48, 72]",0.0,"(7, 30]",False,False
CUS0004125,28.0,60.52,15.16,420,214,47,1,0,"(24, 48]",0.25049570389953735,"(30, 60]",False,True
CUS0004233,53.0,14.15,9.26,388,52,1,3,0,"(48, 72]",0.654416961130742,"(-1, 7]",False,False
CUS0006002,49.0,14.72,10.43,11,200,4,0,0,"(48, 72]",0.7085597826086956,"(-1, 7]",False,False
CUS0004078,63.0,64.8,17.95,821,194,3,0,0,"(48, 72]",0.2770061728395062,"(-1, 7]",True,False
CUS0004899,65.0,69.78,10.96,335,65,28,3,0,"(48, 72]",0.15706506162224135,"(7, 30]",False,True
CUS0002500,42.0,17.52,2.3,207,205,3,0,0,"(24, 48]",0.1312785388127854,"(-1, 7]",False,False
CUS0001774,61.0,20.69,4.05,210,64,32,3,0,"(48, 72]",0.19574673755437408,"(30, 60]",False,False
CUS0000709,8.0,55.52662624177525,1.59,337,203,10,0,1,"(6, 12]",0.028634910989851742,"(7, 30]",False,False
CUS0005094,42.0,22.59,6.42,370,189,18,1,0,"(24, 48]",0.28419654714475434,"(7, 30]",False,False
CUS0001120,6.0,35.92,15.96,177,257,52,3,1,"(0, 6]",0.4443207126948775,"(30, 60]",False,True
CUS0004987,30.0,29.47,11.38,223,38,2,0,0,"(24, 48]",0.38615541228367833,"(-1, 7]",False,False
CUS0001501,57.0,74.64,11.41,135,122,17,1,0,"(48, 72]",0.15286709539121116,"(7, 30]",True,False
CUS0005594,60.0,38.53,15.14,568,15,16,1,0,"(48, 72]",0.39294056579288866,"(7, 30]",False,True
CUS0000348,27.0,13.51,6.01,15,40,51,2,0,"(24, 48]",0.4448556624722428,"(30, 60]",False,False
CUS0004773,8.0,49.86,5.6,491,283,2,1,0,"(6, 12]",0.11231448054552746,"(-1, 7]",False,True
CUS0003778,6.0,47.89,5.32,487,129,59,0,1,"(0, 6]",0.11108790979327626,"(30, 60]",False,True
CUS0004874,10.0,65.81,13.28,911,195,7,0,0,"(6, 12]",0.20179304057134173,"(-1, 7]",False,True
CUS0007947,63.0,17.7,16.68,989,56,27,0,0,"(48, 72]",0.9423728813559322,"(7, 30]",False,False
CUS0003737,18.0,40.03,8.218195789745577,889,36,45,0,1,"(12, 24]",0.20530091905434866,"(30, 60]",False,True
CUS0000218,53.0,98.74,12.75,546,25,65,5,1,"(48, 72]",0.12912700020255216,,True,False
CUS0005247,22.0,13.35,4.42,760,18,19,2,0,"(12, 24]",0.3310861423220974,"(7, 30]",False,False
CUS0000962,25.0,64.71,12.16,8,143,26,2,0,"(24, 48]",0.18791531447998766,"(7, 30]",False,True
CUS0003053,66.0,17.54,15.16,535,157,4,4,0,"(48, 72]",0.8643101482326112,"(-1, 7]",False,False
CUS0004623,14.0,60.11,7.5,732,239,25,3,0,"(12, 24]",0.12477125270337715,"(7, 30]",False,True
CUS0006370,60.0,18.72,8.67,392,255,11,5,0,"(48, 72]",0.46314102564102566,"(7, 30]",False,False
CUS0005408,69.0,26.96,9.8,362,147,4,2,0,"(48, 72]",0.36350148367952523,"(-1, 7]",False,False
CUS0006529,34.0,24.05,10.52,171,59,34,1,1,"(24, 48]",0.4374220374220374,"(30, 60]",False,False
CUS0005328,68.0,35.55,6.01,510,147,56,0,0,"(48, 72]",0.16905766526019692,"(30, 60]",False,True
CUS0003677,55.0,18.07,21.79,155,86,9,3,0,"(48, 72]",1.2058660763696734,"(7, 30]",False,False
CUS0000764,29.0,55.52662624177525,9.45,991,37,8,0,0,"(24, 48]",0.17018862192081693,"(7, 30]",False,True
CUS0000531,9.0,17.96,18.43,82,4,24,1,0,"(6, 12]",1.0261692650334076,"(7, 30]",False,False
CUS0005837,43.0,38.57,0.3,733,282,21,5,1,"(24, 48]",0.007778065854290899,"(7, 30]",False,True
CUS0003628,53.0,60.36,8.6,114,259,24,3,0,"(48, 72]",0.1424784625579854,"(7, 30]",True,False
CUS0005882,44.0,37.51,15.85,949,138,23,0,0,"(24, 48]",0.422553985603839,"(7, 30]",False,True
CUS0002608,44.0,66.12,10.3,912,44,26,0,0,"(24, 48]",0.1557773744706594,"(7, 30]",True,False
CUS0003377,5.0,63.54,6.48,448,267,20,0,0,"(0, 6]",0.1019830028328612,"(7, 30]",True,False
CUS0006815,29.0,24.36,8.218195789745577,90,157,8,5,0,"(24, 48]",0.337364359184958,"(7, 30]",False,False
CUS0003862,60.0,20.64,9.03,740,42,69,3,1,"(48, 72]",0.43749999999999994,,False,False
CUS0004751,72.0,46.38,14.39,206,87,7,2,0,"(48, 72]",0.3102630444156964,"(-1, 7]",False,True
CUS0006550,23.0,17.83,19.49,453,291,49,0,0,"(12, 24]",1.0931015143017386,"(30, 60]",False,False
CUS0005898,43.0,20.81,3.4,360,171,18,1,0,"(24, 48]",0.16338298894762135,"(7, 30]",False,False
CUS0003126,56.0,107.6,3.33,712,280,36,0,0,"(48, 72]",0.030947955390334576,"(30, 60]",True,False
CUS0005468,43.0,119.03,5.91,709,259,0,0,0,"(24, 48]",0.04965134839956314,"(-1, 7]",True,False
CUS0003653,23.0,10.91,0.06,684,107,2,2,0,"(12, 24]",0.005499541704857928,"(-1, 7]",False,False
CUS0006552,23.0,14.9,0.84,803,141,13,3,0,"(12, 24]",0.056375838926174496,"(7, 30]",False,False
CUS0005779,39.0,20.18,8.91,522,268,17,0,0,"(24, 48]",0.4415262636273538,"(7, 30]",False,False
CUS0005617,61.0,25.28,0.0,655,196,0,0,0,"(48, 72]",0.0,"(-1, 7]",False,False
CUS0006949,65.0,10.28,12.28,333,139,61,2,0,"(48, 72]",1.1945525291828794,,False,False
CUS0002406,19.0,10.57,12.63,191,222,46,0,1,"(12, 24]",1.194891201513718,"(30, 60]",False,False
CUS0007833,69.0,64.04,9.07,495,18,36,6,0,"(48, 72]",0.14163023110555903,"(30, 60]",False,True
CUS0001996,36.0,10.44,11.47,610,213,11,1,0,"(24, 48]",1.0986590038314177,"(7, 30]",False,False
CUS0001012,28.0,15.19,0.0,536,179,17,0,0,"(24, 48]",0.0,"(7, 30]",False,False
CUS0006405,40.0,78.82,19.44,155,287,13,0,0,"(24, 48]",0.2466379091601117,"(7, 30]",True,False
CUS0006743,64.0,47.07,1.96,357,14,14,0,0,"(48, 72]",0.04164011047376248,"(7, 30]",False,True
CUS0001818,44.0,12.08,11.62,154,49,31,0,0,"(24, 48]",0.9619205298013245,"(30, 60]",False,False
CUS0005213,6.0,47.59,5.12,613,291,13,0,0,"(0, 6]",0.10758562723261189,"(7, 30]",False,True
CUS0005197,57.0,61.45,16.2,735,296,52,0,0,"(48, 72]",0.2636289666395443,"(30, 60]",True,False
CUS0002256,28.0,20.33,5.08,350,18,32,0,0,"(24, 48]",0.24987702902115103,"(30, 60]",False,False
CUS0003711,57.0,20.46,2.23,266,54,10,3,0,"(48, 72]",0.10899315738025415,"(7, 30]",False,False
CUS0002333,72.0,13.57,8.43,285,221,25,1,0,"(48, 72]",0.6212232866617539,"(7, 30]",False,False
CUS0006850,3.0,15.74,2.89,905,164,6,1,0,"(0, 6]",0.18360864040660738,"(-1, 7]",False,False
CUS0004172,55.0,86.05,11.63,863,286,20,0,0,"(48, 72]",0.13515398024404418,"(7, 30]",True,False
CUS0001988,46.0,27.04,0.0,909,256,58,6,1,"(24, 48]",0.0,"(30, 60]",False,False
CUS0006531,35.0,94.73,4.78,403,249,38,3,0,"(24, 48]",0.050459199831098915,"(30, 60]",True,False
CUS0005762,67.0,10.42,8.11,342,70,3,0,0,"(48, 72]",0.7783109404990403,"(-1, 7]",False,False
CUS0007757,12.0,22.81,1.18,486,75,5,1,0,"(6, 12]",0.051731696624287594,"(-1, 7]",False,False
CUS0002208,3.0,45.23,12.33,312,78,60,0,1,"(0, 6]",0.27260667698430247,"(30, 60]",False,True
CUS0003049,32.0,67.89,8.97,40,285,42,0,0,"(24, 48]",0.1321254971277066,"(30, 60]",False,True
CUS0004105,25.0,117.35,8.21,44,75,72,0,0,"(24, 48]",0.06996165317426503,,True,False
CUS0001142,28.0,20.04,0.0,777,270,31,2,0,"(24, 48]",0.0,"(30, 60]",False,False
CUS0001692,10.0,15.97,15.68,81,261,16,0,0,"(6, 12]",0.9818409517845961,"(7, 30]",False,False
CUS0007363,55.0,97.7,14.18,703,202,56,0,0,"(48, 72]",0.14513817809621288,"(30, 60]",True,False
CUS0007396,23.0,102.3,0.0,752,172,2,0,0,"(12, 24]",0.0,"(-1, 7]",True,False
CUS0001224,45.0,59.9,15.38,300,150,20,3,1,"(24, 48]",0.2567612687813022,"(7, 30]",False,True
CUS0004060,31.0,39.98,13.07,289,97,20,2,0,"(24, 48]",0.3269134567283642,"(7, 30]",False,True
CUS0006845,32.0,49.02,4.54,367,49,3,0,0,"(24, 48]",0.09261525907792738,"(-1, 7]",False,True
CUS0000869,29.0,59.76,6.01,79,104,2,3,0,"(24, 48]",0.10056894243641232,"(-1, 7]",False,True
CUS0001253,12.0,22.61,11.13,22,89,13,0,0,"(6, 12]",0.49226006191950467,"(7, 30]",False,False
CUS0006765,63.0,31.72,12.05,974,151,27,1,0,"(48, 72]",0.3798865069356873,"(7, 30]",False,True
CUS0001886,36.0,85.06,2.87,480,44,5,5,0,"(24, 48]",0.03374088878438749,"(-1, 7]",True,False
CUS0000845,39.0,18.1,1.38,739,274,26,2,1,"(24, 48]",0.07624309392265192,"(7, 30]",False,False
CUS0003064,46.0,93.37,8.91,268,3,79,0,0,"(24, 48]",0.09542679661561529,,True,False
CUS0000731,42.0,48.57,13.2,665,48,23,0,0,"(24, 48]",0.2717726991970352,"(7, 30]",False,True
CUS0002433,8.0,34.37,9.68,830,163,44,0,0,"(6, 12]",0.28164096595868493,"(30, 60]",False,True
CUS0007732,13.0,97.74,15.58,989,208,61,0,0,"(12, 24]",0.159402496419071,,True,False
CUS0003616,19.0,48.64,2.96,408,64,38,1,0,"(12, 24]",0.06085526315789474,"(30, 60]",False,True
CUS0003233,10.0,68.39,16.79,601,296,19,4,1,"(6, 12]",0.24550372861529463,"(7, 30]",False,True
CUS0001105,32.0,15.54,15.32,429,137,2,0,0,"(24, 48]",0.9858429858429859,"(-1, 7]",False,False
CUS0001503,67.0,61.23,5.72,763,237,29,1,0,"(48, 72]",0.09341825902335457,"(7, 30]",False,True
CUS0005417,31.0,47.56,8.218195789745577,852,87,21,1,0,"(24, 48]",0.17279637909473458,"(7, 30]",False,True
CUS0001798,5.0,19.59,7.56,542,226,17,0,0,"(0, 6]",0.38591117917304746,"(7, 30]",False,False
CUS0001320,21.0,55.52662624177525,0.0,782,194,45,0,1,"(12, 24]",0.0,"(30, 60]",False,False
CUS0002435,33.0,24.65,7.07,150,296,19,3,0,"(24, 48]",0.28681541582150105,"(7, 30]",False,False
CUS0000025,17.0,11.11,2.37,469,143,19,2,0,"(12, 24]",0.21332133213321333,"(7, 30]",False,False
CUS0003645,24.0,12.63,15.46,517,63,17,4,0,"(12, 24]",1.2240696753760887,"(7, 30]",False,False
CUS0000166,4.0,12.46,5.57,36,57,30,0,1,"(0, 6]",0.44703049759229535,"(7, 30]",False,False
CUS0005359,32.0,63.51,3.2,372,199,4,0,0,"(24, 48]",0.050385766021099045,"(-1, 7]",False,True
CUS0001825,50.0,30.61,14.53,763,127,46,2,0,"(48, 72]",0.47468147664162036,"(30, 60]",False,True
CUS0005165,46.0,17.41,12.58,446,118,22,1,0,"(24, 48]",0.7225732337736933,"(7, 30]",False,False
CUS0003261,62.0,95.34,10.67,736,204,34,5,1,"(48, 72]",0.1119152506817705,"(30, 60]",True,False
CUS0007753,72.0,61.84,2.47,242,49,3,0,0,"(48, 72]",0.039941785252263905,"(-1, 7]",False,True
CUS0003325,29.0,16.64,0.0,518,17,3,1,0,"(24, 48]",0.0,"(-1, 7]",False,False
CUS0001486,7.0,55.52662624177525,14.74,814,143,52,1,0,"(6, 12]",0.26545823144051234,"(30, 60]",False,False
CUS0006122,32.0,11.71,0.55,118,37,5,3,0,"(24, 48]",0.04696840307429547,"(-1, 7]",False,False
CUS0006686,2.0,11.72,7.25,905,225,75,1,0,"(0, 6]",0.6186006825938566,,False,False
CUS0002673,36.0,56.93,8.218195789745577,855,210,7,0,0,"(24, 48]",0.14435615299043697,"(-1, 7]",False,True
CUS0000100,63.0,31.95,0.0,460,1,21,0,0,"(48, 72]",0.0,"(7, 30]",False,True
CUS0007081,44.0,21.45,13.61,52,257,7,0,0,"(24, 48]",0.6344988344988345,"(-1, 7]",False,False
CUS0007151,20.0,50.22,12.95,506,173,0,0,0,"(12, 24]",0.2578653922739944,"(-1, 7]",False,True
CUS0003375,34.0,16.86,14.48,495,180,14,0,0,"(24, 48]",0.8588374851720048,"(7, 30]",False,False
CUS0003353,39.0,20.87,4.19,834,56,18,1,0,"(24, 48]",0.2007666506947772,"(7, 30]",False,False
CUS0000494,36.56668337929305,15.49,17.71,517,128,24,1,0,"(24, 48]",1.1433182698515172,"(7, 30]",False,False
CUS0005853,11.0,25.43,15.4,752,70,16,0,0,"(6, 12]",0.6055839559575305,"(7, 30]",False,False
CUS0006007,1.0,18.53,0.0,60,151,28,0,0,"(0, 6]",0.0,"(7, 30]",False,False
CUS0002937,39.0,61.76,1.77,791,56,20,6,0,"(24, 48]",0.028659326424870468,"(7, 30]",True,False
CUS0004760,51.0,65.57,16.79,862,46,39,0,0,"(48, 72]",0.25606222357785574,"(30, 60]",False,True
CUS0005370,32.0,18.31,8.97,853,215,45,0,0,"(24, 48]",0.48989623156744955,"(30, 60]",False,False
CUS0001229,62.0,44.26,15.43,658,88,54,2,0,"(48, 72]",0.34862178038861275,"(30, 60]",False,True
CUS0000736,56.0,13.24,13.2,580,265,38,0,0,"(48, 72]",0.9969788519637461,"(30, 60]",False,False
CUS0004446,68.0,43.84,13.33,936,186,12,1,0,"(48, 72]",0.30406021897810215,"(7, 30]",False,True
CUS0004232,35.0,34.59,1.27,325,160,41,0,1,"(24, 48]",0.036715813819022836,"(30, 60]",False,True
CUS0002776,18.0,22.73,5.47,36,256,9,3,0,"(12, 24]",0.24065112186537613,"(7, 30]",False,False
CUS0006256,18.0,19.29,10.65,426,250,18,0,0,"(12, 24]",0.552099533437014,"(7, 30]",False,False
CUS0002427,11.0,81.88,6.78,454,260,5,0,0,"(6, 12]",0.08280410356619444,"(-1, 7]",True,False
CUS0004668,5.0,24.23,14.94,643,286,30,1,0,"(0, 6]",0.6165910028889806,"(7, 30]",False,False
CUS0006105,16.0,23.83,8.218195789745577,247,73,45,1,0,"(12, 24]",0.344867637001493,"(30, 60]",False,False
CUS0007254,32.0,55.52662624177525,13.11,539,293,20,1,0,"(24, 48]",0.23610294533141904,"(7, 30]",False,True
CUS0001478,34.0,20.21,15.68,131,225,53,0,0,"(24, 48]",0.7758535378525482,"(30, 60]",False,False
CUS0001154,35.0,21.85,9.24,600,6,53,0,0,"(24, 48]",0.422883295194508,"(30, 60]",False,False
CUS0001302,4.0,24.53,9.68,850,43,9,8,1,"(0, 6]",0.39461883408071746,"(7, 30]",False,False
CUS0006202,61.0,52.3,9.9,991,193,84,0,0,"(48, 72]",0.18929254302103252,,False,True
CUS0007495,47.0,66.12,2.5,80,218,10,0,0,"(24, 48]",0.03781004234724743,"(7, 30]",True,False
CUS0005987,37.0,59.41,0.0,310,277,49,2,0,"(24, 48]",0.0,"(30, 60]",False,True
CUS0006942,21.0,55.48,7.31,218,56,41,1,1,"(12, 24]",0.13175919250180246,"(30, 60]",False,True
CUS0004057,13.0,16.45,4.29,182,212,32,0,1,"(12, 24]",0.260790273556231,"(30, 60]",False,False
CUS0004143,48.0,16.15,14.7,538,12,18,5,0,"(24, 48]",0.9102167182662539,"(7, 30]",False,False
CUS0003852,44.0,18.63,11.85,90,251,30,2,0,"(24, 48]",0.6360708534621579,"(7, 30]",False,False
CUS0006870,10.0,55.52662624177525,0.0,581,133,57,0,1,"(6, 12]",0.0,"(30, 60]",False,False
CUS0002212,46.0,41.36,14.56,121,187,45,0,0,"(24, 48]",0.35203094777562866,"(30, 60]",False,True
CUS0006175,57.0,10.52,11.61,418,17,44,5,0,"(48, 72]",1.1036121673003803,"(30, 60]",False,False
CUS0003454,67.0,58.85,5.77,529,12,30,2,0,"(48, 72]",0.09804587935429056,"(7, 30]",False,True
CUS0003147,22.0,12.93,2.51,952,206,18,2,0,"(12, 24]",0.19412219644238204,"(7, 30]",False,False
CUS0003067,62.0,15.02,11.45,958,118,10,1,1,"(48, 72]",0.7623169107856191,"(7, 30]",False,False
CUS0000275,62.0,29.49,3.13,384,23,2,0,0,"(48, 72]",0.10613767378772465,"(-1, 7]",False,False
CUS0002775,10.0,10.7,8.218195789745577,801,270,18,6,1,"(6, 12]",0.7680556812846334,"(7, 30]",False,False
CUS0005717,57.0,10.21,2.97,661,60,4,0,0,"(48, 72]",0.2908912830558276,"(-1, 7]",False,False
CUS0003329,71.0,25.21,5.62,237,104,25,1,0,"(48, 72]",0.22292740975803252,"(7, 30]",False,False
CUS0005551,38.0,11.68,8.97,22,272,7,2,0,"(24, 48]",0.7679794520547946,"(-1, 7]",False,False
CUS0006134,20.0,27.13,3.47,758,96,29,0,0,"(12, 24]",0.12790269074824917,"(7, 30]",False,False
CUS0001536,48.0,101.96,17.36,832,41,3,1,0,"(24, 48]",0.1702628481757552,"(-1, 7]",True,False
CUS0007134,49.0,116.5,12.15,831,59,9,0,0,"(48, 72]",0.10429184549356224,"(7, 30]",True,False
CUS0006103,27.0,64.47,2.92,279,77,16,3,0,"(24, 48]",0.04529238405459904,"(7, 30]",True,False
CUS0000359,65.0,111.14,0.0,23,6,37,1,0,"(48, 72]",0.0,"(30, 60]",True,False
CUS0005419,37.0,116.3,8.4,726,198,40,0,0,"(24, 48]",0.07222699914015478,"(30, 60]",True,False
CUS0001159,64.0,111.58,10.47,878,58,21,2,0,"(48, 72]",0.0938340204337695,"(7, 30]",True,False
CUS0002228,8.0,26.73,0.0,621,157,9,0,0,"(6, 12]",0.0,"(7, 30]",False,False
CUS0000402,3.0,66.9,7.85,74,85,48,0,0,"(0, 6]",0.11733931240657697,"(30, 60]",False,True
CUS0006259,39.0,14.06,17.0,884,280,34,3,0,"(24, 48]",1.209103840682788,"(30, 60]",False,False
CUS0002631,4.0,32.93,10.3,818,27,24,0,0,"(0, 6]",0.31278469480716675,"(7, 30]",False,True
CUS0007557,48.0,16.37,5.61,244,83,0,1,0,"(24, 48]",0.3427000610873549,"(-1, 7]",False,False
CUS0003908,35.0,36.22,7.25,36,230,39,0,0,"(24, 48]",0.20016565433462177,"(30, 60]",False,True
CUS0007237,63.0,83.96,15.09,718,86,6,3,0,"(48, 72]",0.179728442115293,"(-1, 7]",True,False
CUS0005810,13.0,79.69,13.76,787,220,14,0,0,"(12, 24]",0.17266909273434558,"(7, 30]",True,False
CUS0005669,37.0,31.07,8.54,21,125,50,0,0,"(24, 48]",0.2748632121017058,"(30, 60]",False,True
CUS0001324,20.0,65.45,7.67,875,131,0,1,0,"(12, 24]",0.11718869365928189,"(-1, 7]",False,True
CUS0001955,3.0,55.52662624177525,0.0,181,188,36,1,0,"(0, 6]",0.0,"(30, 60]",False,True
CUS0005543,20.0,27.31,8.218195789745577,288,201,6,2,0,"(12, 24]",0.30092258475816835,"(-1, 7]",False,False
CUS0001771,43.0,31.72,11.92,804,271,1,1,0,"(24, 48]",0.37578814627994955,"(-1, 7]",False,True
CUS0000084,52.0,39.35,5.16,287,269,30,1,0,"(48, 72]",0.13113087674714105,"(7, 30]",False,True
CUS0002836,41.0,98.36,5.26,94,64,14,0,0,"(24, 48]",0.053477023180154536,"(7, 30]",True,False
CUS0004131,45.0,89.77,5.58,876,277,25,2,0,"(24, 48]",0.06215885039545505,"(7, 30]",True,False
CUS0007568,49.0,52.87,0.0,977,127,27,3,1,"(48, 72]",0.0,"(7, 30]",False,True
CUS0005621,21.0,37.26,7.6,473,109,15,0,0,"(12, 24]",0.20397208803005903,"(7, 30]",False,True
CUS0000296,23.0,106.87,3.37,914,71,3,0,1,"(12, 24]",0.031533639000655,"(-1, 7]",True,False
CUS0007560,46.0,27.83,9.47,994,28,39,0,0,"(24, 48]",0.34028027308659725,"(30, 60]",False,False
CUS0000759,25.0,52.77,3.98,737,189,54,0,0,"(24, 48]",0.0754216410839492,"(30, 60]",False,True
CUS0006334,6.0,43.63885951963101,16.51,294,37,8,2,0,"(0, 6]",0.37833252705820486,"(7, 30]",False,False
CUS0003018,63.0,33.66,0.73,929,60,6,4,0,"(48, 72]",0.021687462863933454,"(-1, 7]",False,True
CUS0001894,2.0,14.73,7.71,206,20,55,0,1,"(0, 6]",0.5234215885947047,"(30, 60]",False,False
CUS0004066,36.56668337929305,46.01,7.26,933,49,6,2,1,"(24, 48]",0.1577917843946968,"(-1, 7]",False,True
CUS0005619,27.0,26.29,3.21,207,205,63,2,1,"(24, 48]",0.12209965766451122,,False,False
CUS0002242,58.0,16.65,6.69,334,216,11,1,0,"(48, 72]",0.40180180180180186,"(7, 30]",False,False
CUS0005271,14.0,12.94,9.93,916,171,68,1,0,"(12, 24]",0.767387944358578,,False,False
CUS0000677,55.0,14.41,10.86,856,213,22,0,0,"(48, 72]",0.7536433032616239,"(7, 30]",False,False
CUS0006091,26.0,17.84,4.96,5,106,42,0,0,"(24, 48]",0.27802690582959644,"(30, 60]",False,False
CUS0004882,69.0,20.02,0.0,250,261,6,6,0,"(48, 72]",0.0,"(-1, 7]",False,False
CUS0006878,23.0,29.2,10.56,679,4,48,1,0,"(12, 24]",0.36164383561643837,"(30, 60]",False,False
CUS0006603,72.0,24.3,8.13,849,59,9,2,0,"(48, 72]",0.3345679012345679,"(7, 30]",False,False
CUS0000776,64.0,24.62,5.03,37,17,15,3,1,"(48, 72]",0.20430544272948822,"(7, 30]",False,False
CUS0003577,58.0,15.38,14.16,42,82,19,2,0,"(48, 72]",0.9206762028608583,"(7, 30]",False,False
CUS0006072,35.0,15.7,2.8,568,83,10,4,0,"(24, 48]",0.17834394904458598,"(7, 30]",False,False
CUS0004127,69.0,12.24,17.63,644,121,8,0,0,"(48, 72]",1.440359477124183,"(7, 30]",False,False
CUS0001823,59.0,28.68,7.59,868,187,24,6,0,"(48, 72]",0.26464435146443516,"(7, 30]",False,False
CUS0002787,50.0,63.02,9.3,463,30,37,1,0,"(48, 72]",0.14757219930180895,"(30, 60]",False,True
CUS0005421,68.0,13.58,14.74,627,292,31,0,0,"(48, 72]",1.085419734904271,"(30, 60]",False,False
CUS0004781,17.0,29.29,8.218195789745577,116,296,57,0,0,"(12, 24]",0.2805802591241235,"(30, 60]",False,False
CUS0004411,33.0,40.72,0.0,318,185,16,0,0,"(24, 48]",0.0,"(7, 30]",False,True
CUS0007477,27.0,22.03,4.56,137,106,73,0,0,"(24, 48]",0.2069904675442578,,False,False
CUS0004782,25.0,22.54,7.29,326,260,32,4,1,"(24, 48]",0.3234250221827862,"(30, 60]",False,False
CUS0004930,25.0,26.71,14.79,492,115,0,3,0,"(24, 48]",0.5537251965555972,"(-1, 7]",False,False
CUS0000624,14.0,62.63,6.49,227,295,42,3,1,"(12, 24]",0.1036244611208686,"(30, 60]",False,True
CUS0007766,7.0,18.18,12.19,779,222,27,0,0,"(6, 12]",0.6705170517051705,"(7, 30]",False,False
CUS0004176,1.0,26.37,0.0,584,205,7,0,0,"(0, 6]",0.0,"(-1, 7]",False,False
CUS0000597,58.0,57.5,14.68,131,85,17,0,0,"(48, 72]",0.25530434782608696,"(7, 30]",False,True
CUS0004067,46.0,25.29,9.23,601,289,67,0,0,"(24, 48]",0.3649663898774219,,False,False
CUS0004424,63.0,18.91,10.86,520,226,18,1,0,"(48, 72]",0.5742993125330512,"(7, 30]",False,False
CUS0002468,60.0,11.16,0.0,198,97,36,3,0,"(48, 72]",0.0,"(30, 60]",False,False
CUS0000747,39.0,60.37,9.49,928,154,29,0,0,"(24, 48]",0.1571972834189167,"(7, 30]",True,False
CUS0000165,27.0,23.99,3.44,59,182,43,0,0,"(24, 48]",0.1433930804501876,"(30, 60]",False,False
CUS0005389,66.0,33.68,0.84,922,218,3,4,0,"(48, 72]",0.02494061757719715,"(-1, 7]",False,True
CUS0003889,70.0,12.07,4.89,564,47,24,0,0,"(48, 72]",0.40513670256835127,"(7, 30]",False,False
CUS0004245,34.0,94.12,6.53,386,207,63,0,0,"(24, 48]",0.0693795155121122,,True,False
CUS0007885,44.0,65.77,9.69,991,65,19,0,0,"(24, 48]",0.14733161015660637,"(7, 30]",False,True
CUS0005718,12.0,67.55,6.63,197,115,9,1,0,"(6, 12]",0.09814951887490748,"(7, 30]",False,True
CUS0001450,48.0,13.81,11.27,580,75,54,0,0,"(24, 48]",0.8160753077480086,"(30, 60]",False,False
CUS0001237,26.0,25.18,7.96,929,111,4,0,0,"(24, 48]",0.3161239078633836,"(-1, 7]",False,False
CUS0006118,2.0,41.56,7.05,424,94,29,0,0,"(0, 6]",0.16963426371511067,"(7, 30]",False,True
CUS0000432,32.0,20.67,3.76,87,24,17,0,1,"(24, 48]",0.18190614417029508,"(7, 30]",False,False
CUS0006910,11.0,68.34,2.93,538,267,15,1,0,"(6, 12]",0.04287386596429617,"(7, 30]",True,False
CUS0002519,27.0,96.63,14.04,409,73,4,0,0,"(24, 48]",0.14529649177274137,"(-1, 7]",True,False
CUS0007420,71.0,18.3,11.34,959,293,18,1,0,"(48, 72]",0.6196721311475409,"(7, 30]",False,False
CUS0006556,42.0,11.68,4.01,971,91,29,0,0,"(24, 48]",0.3433219178082192,"(7, 30]",False,False
CUS0007121,20.0,83.26,16.62,476,280,2,3,0,"(12, 24]",0.19961566178236848,"(-1, 7]",True,False
CUS0003204,26.0,38.33,14.14,467,276,26,0,0,"(24, 48]",0.3689016436211845,"(7, 30]",False,True
CUS0001598,9.0,82.77,3.84,797,297,26,3,0,"(6, 12]",0.04639362087712939,"(7, 30]",True,False
CUS0001357,51.0,46.91,8.69,822,20,19,1,0,"(48, 72]",0.1852483479002345,"(7, 30]",False,True
CUS0006409,36.0,17.07,16.64,239,17,20,2,0,"(24, 48]",0.9748096074985355,"(7, 30]",False,False
CUS0007600,36.0,17.26,25.18,430,213,8,5,0,"(24, 48]",1.4588644264194668,"(7, 30]",False,False
CUS0006900,43.0,15.68,15.38,806,283,39,0,0,"(24, 48]",0.9808673469387755,"(30, 60]",False,False
CUS0004524,22.0,14.57,8.218195789745577,55,235,33,0,0,"(12, 24]",0.5640491276421123,"(30, 60]",False,False
CUS0001704,32.0,41.68,4.52,125,250,67,2,0,"(24, 48]",0.10844529750479845,,False,True
CUS0003100,61.0,41.72,7.16,152,92,39,0,0,"(48, 72]",0.1716203259827421,"(30, 60]",False,True
CUS0007960,7.0,14.62,2.87,652,32,41,1,0,"(6, 12]",0.19630642954856362,"(30, 60]",False,False
CUS0003865,13.0,46.27,15.08,561,7,1,1,0,"(12, 24]",0.325913118651394,"(-1, 7]",False,True
CUS0005293,58.0,61.19,6.36,369,234,71,2,1,"(48, 72]",0.10393855205098873,,False,True
CUS0005169,30.0,91.56,19.47,385,109,23,2,0,"(24, 48]",0.21264744429882043,"(7, 30]",True,False
CUS0000524,57.0,61.65,4.58,430,203,13,0,0,"(48, 72]",0.0742903487429035,"(7, 30]",False,True
CUS0001584,9.0,97.47,22.36,311,293,26,4,0,"(6, 12]",0.22940391915461167,"(7, 30]",True,False
CUS0006785,4.0,82.73,8.35,194,241,4,0,1,"(0, 6]",0.10093073854708086,"(-1, 7]",True,False
CUS0005512,12.0,14.03,5.77,439,298,35,1,1,"(6, 12]",0.4112615823235923,"(30, 60]",False,False
CUS0003675,59.0,13.09,12.07,149,204,22,1,0,"(48, 72]",0.9220779220779222,"(7, 30]",False,False
CUS0004005,40.0,24.98,8.47,191,195,14,3,1,"(24, 48]",0.3390712570056045,"(7, 30]",False,False
CUS0000460,25.0,49.3,8.13,154,101,14,1,0,"(24, 48]",0.1649087221095335,"(7, 30]",False,True
CUS0000333,31.0,55.52662624177525,5.47,551,90,39,1,0,"(24, 48]",0.09851129755628239,"(30, 60]",False,False
CUS0005933,30.0,18.93,9.84,201,16,33,0,0,"(24, 48]",0.5198098256735341,"(30, 60]",False,False
CUS0007930,19.0,55.8,8.51,6,253,25,4,1,"(12, 24]",0.1525089605734767,"(7, 30]",False,True
CUS0001249,5.0,55.52662624177525,11.0,342,214,23,0,0,"(0, 6]",0.19810315779142712,"(7, 30]",False,True
CUS0003736,48.0,90.32,5.63,54,75,47,0,0,"(24, 48]",0.06233392382639504,"(30, 60]",True,False
CUS0004982,14.0,55.52662624177525,14.19,347,164,13,1,0,"(12, 24]",0.255553073550941,"(7, 30]",True,False
CUS0006817,6.0,98.18,17.11,68,70,54,1,1,"(0, 6]",0.17427174577306986,"(30, 60]",True,False
CUS0005410,11.0,32.9,12.99,321,159,33,0,1,"(6, 12]",0.3948328267477204,"(30, 60]",False,True
CUS0007036,61.0,66.31,9.75,843,293,17,2,0,"(48, 72]",0.14703664605640174,"(7, 30]",False,True
CUS0004522,31.0,45.9,8.218195789745577,878,205,20,2,0,"(24, 48]",0.17904565990731106,"(7, 30]",False,True
CUS0000170,52.0,15.6,8.218195789745577,913,100,25,1,0,"(48, 72]",0.5268074224195883,"(7, 30]",False,False
CUS0000327,38.0,10.39,8.218195789745577,616,70,16,0,0,"(24, 48]",0.7909716833248871,"(7, 30]",False,False
CUS0002194,16.0,55.26,0.0,858,296,39,0,0,"(12, 24]",0.0,"(30, 60]",False,True
CUS0001175,6.0,20.13,8.218195789745577,963,77,36,0,0,"(0, 6]",0.40825612467687916,"(30, 60]",False,False
CUS0006433,42.0,12.86,17.54,10,298,23,1,0,"(24, 48]",1.3639191290824262,"(7, 30]",False,False
CUS0002278,3.0,12.15,3.93,85,259,14,4,0,"(0, 6]",0.3234567901234568,"(7, 30]",False,False
CUS0004558,41.0,40.25,7.92,355,132,3,0,0,"(24, 48]",0.19677018633540372,"(-1, 7]",False,True
CUS0001106,47.0,19.21,6.73,7,72,41,1,0,"(24, 48]",0.35033836543466945,"(30, 60]",False,False
CUS0001946,2.0,87.1,13.13,139,160,10,0,0,"(0, 6]",0.15074626865671645,"(7, 30]",True,False
CUS0003191,32.0,55.52662624177525,3.82,395,239,40,0,0,"(24, 48]",0.06879582388756833,"(30, 60]",False,False
CUS0002083,45.0,64.48,18.73,709,237,15,4,0,"(24, 48]",0.2904776674937965,"(7, 30]",True,False
CUS0006501,23.0,55.52662624177525,0.0,371,90,42,1,0,"(12, 24]",0.0,"(30, 60]",True,False
CUS0005476,70.0,37.83,0.0,772,21,10,7,0,"(48, 72]",0.0,"(7, 30]",False,True
CUS0003786,29.0,18.93,7.0,385,190,32,1,0,"(24, 48]",0.369783412572636,"(30, 60]",False,False
CUS0005892,52.0,29.31,9.58,471,134,17,2,0,"(48, 72]",0.3268509041282839,"(7, 30]",False,False
CUS0007843,66.0,18.02,5.3,688,294,22,4,1,"(48, 72]",0.29411764705882354,"(7, 30]",False,False
CUS0007914,26.0,22.09,8.38,242,39,44,0,0,"(24, 48]",0.3793571751923948,"(30, 60]",False,False
CUS0003130,60.0,46.79,5.24,338,134,51,2,0,"(48, 72]",0.11198974139773457,"(30, 60]",False,True
CUS0003226,29.0,16.38,5.0,882,171,7,0,0,"(24, 48]",0.3052503052503053,"(-1, 7]",False,False
CUS0007232,41.0,18.81,4.52,380,139,33,2,0,"(24, 48]",0.2402977139819245,"(30, 60]",False,False
CUS0003213,28.0,15.75,7.05,837,18,3,2,0,"(24, 48]",0.4476190476190476,"(-1, 7]",False,False
CUS0005214,64.0,55.99,9.12,967,180,43,0,0,"(48, 72]",0.1628862296838721,"(30, 60]",False,True
CUS0004735,64.0,25.65,4.47,431,213,48,2,0,"(48, 72]",0.1742690058479532,"(30, 60]",False,False
CUS0003140,64.0,42.01,11.25,850,27,14,2,0,"(48, 72]",0.2677933825279695,"(7, 30]",False,True
CUS0007155,21.0,33.68,5.19,827,76,49,5,1,"(12, 24]",0.1540973871733967,"(30, 60]",False,True
CUS0006278,23.0,65.34,11.25,238,182,18,1,0,"(12, 24]",0.1721763085399449,"(7, 30]",False,True
CUS0002644,38.0,16.75,3.2,632,1,6,1,0,"(24, 48]",0.191044776119403,"(-1, 7]",False,False
CUS0004375,66.0,15.03,8.218195789745577,418,65,3,3,0,"(48, 72]",0.5467861470223272,"(-1, 7]",False,False
CUS0006873,1.0,63.32,5.85,693,229,7,1,0,"(0, 6]",0.09238787113076437,"(-1, 7]",False,True
CUS0004228,36.0,22.92,13.86,206,112,13,0,0,"(24, 48]",0.6047120418848166,"(7, 30]",False,False
CUS0002721,59.0,23.16,3.48,290,82,22,1,0,"(48, 72]",0.15025906735751296,"(7, 30]",False,False
CUS0003713,58.0,28.15,14.06,639,36,5,1,0,"(48, 72]",0.49946714031971584,"(-1, 7]",False,False
CUS0007942,45.0,64.49,17.31,748,161,9,0,0,"(24, 48]",0.26841370755155836,"(7, 30]",False,True
CUS0000173,28.0,48.02,11.7,577,112,13,2,0,"(24, 48]",0.24364847980008328,"(7, 30]",False,True
CUS0007216,47.0,11.25,7.31,452,148,32,4,0,"(24, 48]",0.6497777777777778,"(30, 60]",False,False
CUS0002719,55.0,116.03,2.02,602,267,33,0,0,"(48, 72]",0.017409290700680858,"(30, 60]",True,False
CUS0002226,58.0,51.79,7.86,775,172,24,3,0,"(48, 72]",0.15176675033790307,"(7, 30]",False,True
CUS0001713,69.0,84.57,10.59,569,19,49,3,0,"(48, 72]",0.1252217098261795,"(30, 60]",True,False
CUS0006313,51.0,42.12,1.08,749,104,22,0,0,"(48, 72]",0.025641025641025644,"(7, 30]",False,True
CUS0002149,55.0,36.18,0.0,53,246,3,1,0,"(48, 72]",0.0,"(-1, 7]",False,True
CUS0004653,64.0,44.69,8.04,427,36,56,1,0,"(48, 72]",0.17990601924367866,"(30, 60]",False,True
CUS0000555,71.0,20.15,1.48,294,29,4,1,0,"(48, 72]",0.07344913151364765,"(-1, 7]",False,False
CUS0005535,2.0,65.21,7.38,407,38,31,4,1,"(0, 6]",0.11317282625364208,"(30, 60]",False,True
CUS0002301,2.0,64.31,9.3,117,214,47,1,0,"(0, 6]",0.14461203545327322,"(30, 60]",False,True
CUS0005770,72.0,17.91,20.89,642,127,7,3,0,"(48, 72]",1.1663874930206588,"(-1, 7]",False,False
CUS0003959,34.0,96.05,11.58,993,64,9,0,0,"(24, 48]",0.12056220718375846,"(7, 30]",True,False
CUS0003808,14.0,28.41,11.75,687,290,35,0,0,"(12, 24]",0.41358676522351284,"(30, 60]",False,False
CUS0007966,15.0,83.96,11.02,544,43,11,0,0,"(12, 24]",0.13125297760838495,"(7, 30]",True,False
CUS0007608,5.0,26.87,11.03,687,117,17,0,0,"(0, 6]",0.4104949758094529,"(7, 30]",False,False
CUS0007954,64.0,23.55,4.35,258,211,28,2,0,"(48, 72]",0.18471337579617833,"(7, 30]",False,False
CUS0001999,1.0,45.51,11.59,584,281,44,0,1,"(0, 6]",0.2546693034497913,"(30, 60]",False,True
CUS0001787,68.0,57.06,0.0,937,137,15,6,1,"(48, 72]",0.0,"(7, 30]",False,True
CUS0006117,50.0,15.81,14.98,261,121,53,0,0,"(48, 72]",0.9475015812776724,"(30, 60]",False,False
CUS0002731,52.0,96.88,12.25,262,241,41,3,0,"(48, 72]",0.12644508670520233,"(30, 60]",True,False
CUS0002851,68.0,42.15,16.08,320,296,53,1,0,"(48, 72]",0.38149466192170817,"(30, 60]",False,True
CUS0000142,49.0,93.45,6.16,896,262,6,0,0,"(48, 72]",0.06591760299625468,"(-1, 7]",True,False
CUS0000086,29.0,27.95,16.39,575,274,19,2,0,"(24, 48]",0.5864042933810376,"(7, 30]",False,False
CUS0004300,1.0,21.84,14.64,529,235,31,1,0,"(0, 6]",0.6703296703296704,"(30, 60]",False,False
CUS0003452,30.0,24.84,0.0,611,297,65,0,1,"(24, 48]",0.0,,False,False
CUS0003073,39.0,109.8,9.72,594,62,23,4,0,"(24, 48]",0.08852459016393444,"(7, 30]",True,False
CUS0005057,26.0,36.01,10.5,912,223,74,4,1,"(24, 48]",0.2915856706470425,,False,True
CUS0002984,61.0,115.88,8.218195789745577,441,216,5,0,0,"(48, 72]",0.0709198808227958,"(-1, 7]",True,False
CUS0001393,64.0,55.52662624177525,4.22,306,115,17,0,0,"(48, 72]",0.07599957507998385,"(7, 30]",False,False
CUS0002964,52.0,13.19,7.02,25,129,24,3,0,"(48, 72]",0.5322213798332069,"(7, 30]",False,False
CUS0002924,19.0,88.51,5.17,187,24,51,0,0,"(12, 24]",0.05841147892893458,"(30, 60]",True,False
CUS0004490,58.0,15.34,9.12,60,243,7,0,0,"(48, 72]",0.5945241199478487,"(-1, 7]",False,False
CUS0006200,65.0,21.58,0.0,543,293,11,2,0,"(48, 72]",0.0,"(7, 30]",False,False
CUS0000292,12.0,54.68,18.29,71,290,3,0,0,"(6, 12]",0.33449158741770296,"(-1, 7]",False,True
CUS0006753,43.0,10.84,6.42,267,76,44,4,1,"(24, 48]",0.5922509225092251,"(30, 60]",False,False
CUS0007718,59.0,55.52662624177525,10.05,762,249,26,0,0,"(48, 72]",0.18099424870944025,"(7, 30]",False,False
CUS0006778,9.0,22.71,20.38,404,220,25,0,0,"(6, 12]",0.8974020255394098,"(7, 30]",False,False
CUS0003372,19.0,16.33,13.07,379,58,2,0,0,"(12, 24]",0.8003674219228415,"(-1, 7]",False,False
CUS0002885,39.0,24.29,10.42,472,265,12,0,0,"(24, 48]",0.42898312062577193,"(7, 30]",False,False
CUS0001474,4.0,15.95,22.45,585,242,26,2,0,"(0, 6]",1.407523510971787,"(7, 30]",False,False
CUS0007484,51.0,22.44,13.61,824,31,11,0,0,"(48, 72]",0.60650623885918,"(7, 30]",False,False
CUS0005217,5.0,27.59,9.64,464,194,29,0,1,"(0, 6]",0.3494019572308808,"(7, 30]",False,False
CUS0001385,27.0,90.03,7.11,203,119,42,8,1,"(24, 48]",0.0789736754415195,"(30, 60]",True,False
CUS0006774,32.0,27.58,11.97,714,179,36,0,0,"(24, 48]",0.434010152284264,"(30, 60]",False,False
CUS0003773,61.0,15.63,4.19,461,140,19,0,0,"(48, 72]",0.26807421625079975,"(7, 30]",False,False
CUS0002023,7.0,55.52662624177525,9.97,857,187,1,3,0,"(6, 12]",0.17955349847095714,"(-1, 7]",False,False
CUS0007478,28.0,60.24,9.9,596,223,47,0,0,"(24, 48]",0.1643426294820717,"(30, 60]",False,True
CUS0000742,11.0,13.07,2.57,357,209,77,2,1,"(6, 12]",0.19663351185921957,,False,False
CUS0004878,22.0,16.1,10.46,168,156,24,1,0,"(12, 24]",0.6496894409937888,"(7, 30]",False,False
CUS0007062,9.0,44.76,14.11,899,235,33,6,1,"(6, 12]",0.31523681858802505,"(30, 60]",False,True
CUS0005430,24.0,25.91,15.62,381,219,14,0,1,"(12, 24]",0.6028560401389425,"(7, 30]",False,False
CUS0006457,6.0,51.93,9.23,537,108,12,3,0,"(0, 6]",0.17773926439437707,"(7, 30]",False,True
CUS0005852,5.0,55.52662624177525,0.0,733,2,12,3,0,"(0, 6]",0.0,"(7, 30]",False,True
CUS0000219,65.0,19.1,19.61,453,179,3,4,0,"(48, 72]",1.0267015706806282,"(-1, 7]",False,False
CUS0003327,32.0,66.36,0.92,572,43,0,3,1,"(24, 48]",0.013863773357444244,"(-1, 7]",False,True
CUS0006217,31.0,31.09,19.31,470,89,32,1,0,"(24, 48]",0.6211000321646831,"(30, 60]",False,True
CUS0006645,70.0,23.06,20.13,916,98,43,2,0,"(48, 72]",0.872940156114484,"(30, 60]",False,False
CUS0005930,5.0,63.0,16.38,161,145,47,4,0,"(0, 6]",0.26,"(30, 60]",True,False
CUS0001077,46.0,36.35,1.29,739,117,13,3,0,"(24, 48]",0.03548830811554333,"(7, 30]",False,True
CUS0007585,1.0,61.05,8.218195789745577,857,115,5,4,1,"(0, 6]",0.13461418165021422,"(-1, 7]",True,False
CUS0005462,11.0,22.7,8.54,127,247,18,0,0,"(6, 12]",0.3762114537444934,"(7, 30]",False,False
CUS0004729,66.0,20.58,5.37,459,46,28,1,0,"(48, 72]",0.26093294460641403,"(7, 30]",False,False
CUS0002581,53.0,32.47,8.218195789745577,645,151,28,0,0,"(48, 72]",0.25310119463337166,"(7, 30]",False,True
CUS0001670,24.0,51.83,9.14,706,265,31,0,0,"(12, 24]",0.17634574570711944,"(30, 60]",False,True
CUS0005045,62.0,23.5,13.52,567,278,28,0,0,"(48, 72]",0.5753191489361702,"(7, 30]",False,False
CUS0002728,19.0,93.49,8.58,539,46,39,1,0,"(12, 24]",0.09177452133918067,"(30, 60]",True,False
CUS0002817,42.0,110.61,9.68,218,142,21,2,0,"(24, 48]",0.08751469125757165,"(7, 30]",True,False
CUS0006507,23.0,43.49,8.23,93,45,0,3,0,"(12, 24]",0.18923890549551622,"(-1, 7]",False,True
CUS0005602,21.0,21.39,4.08,761,34,0,1,0,"(12, 24]",0.19074333800841514,"(-1, 7]",False,False
CUS0005463,8.0,55.52662624177525,1.58,693,141,15,0,1,"(6, 12]",0.028454817210041353,"(7, 30]",True,False
CUS0002564,70.0,15.22,5.02,480,14,51,2,0,"(48, 72]",0.3298291721419185,"(30, 60]",False,False
CUS0006019,70.0,55.5,0.0,826,139,43,0,0,"(48, 72]",0.0,"(30, 60]",False,True
CUS0000500,24.0,48.64,13.44,56,225,25,2,0,"(12, 24]",0.2763157894736842,"(7, 30]",False,True
CUS0001630,38.0,24.63,1.42,385,131,28,1,0,"(24, 48]",0.05765326837190418,"(7, 30]",False,False
CUS0002365,6.0,99.05,5.96,871,207,8,3,0,"(0, 6]",0.06017163048965169,"(7, 30]",True,False
CUS0007387,20.0,33.77,6.31,444,28,5,0,0,"(12, 24]",0.18685223571217055,"(-1, 7]",False,True
CUS0004770,54.0,45.54,8.12,900,125,23,2,0,"(48, 72]",0.17830478700043917,"(7, 30]",False,True
CUS0003979,57.0,46.67,8.218195789745577,917,195,8,8,0,"(48, 72]",0.17609161752186794,"(7, 30]",False,True
CUS0000611,17.0,26.75,2.97,383,141,14,0,0,"(12, 24]",0.11102803738317758,"(7, 30]",False,False
CUS0000988,26.0,22.72,12.83,25,126,37,3,0,"(24, 48]",0.5647007042253521,"(30, 60]",False,False
CUS0004199,59.0,13.75,13.7,680,133,15,1,0,"(48, 72]",0.9963636363636363,"(7, 30]",False,False
CUS0004988,52.0,13.25,10.62,430,134,18,0,0,"(48, 72]",0.801509433962264,"(7, 30]",False,False
CUS0006246,66.0,55.52662624177525,11.39,15,90,6,0,0,"(48, 72]",0.20512681520403228,"(-1, 7]",True,False
CUS0004217,8.0,38.39,10.19,169,272,10,3,1,"(6, 12]",0.26543370669445165,"(7, 30]",False,True
CUS0004213,12.0,65.09,5.37,614,21,6,1,0,"(6, 12]",0.08250115225072975,"(-1, 7]",False,True
CUS0007613,28.0,53.35,3.09,663,235,47,2,1,"(24, 48]",0.05791940018744142,"(30, 60]",False,True
CUS0001101,16.0,15.05,9.35,685,50,30,0,0,"(12, 24]",0.6212624584717608,"(7, 30]",False,False
CUS0005008,16.0,50.3,2.28,438,123,58,0,1,"(12, 24]",0.04532803180914513,"(30, 60]",False,True
CUS0003212,66.0,13.66,1.86,248,148,11,0,0,"(48, 72]",0.13616398243045388,"(7, 30]",False,False
CUS0000375,23.0,37.91,16.61,102,299,52,2,0,"(12, 24]",0.4381429701925614,"(30, 60]",False,True
CUS0003767,9.0,25.43,7.38,851,138,15,2,0,"(6, 12]",0.2902084152575698,"(7, 30]",False,False
CUS0003887,40.0,57.03,5.24,752,150,31,2,0,"(24, 48]",0.09188146589514291,"(30, 60]",False,True
CUS0003743,64.0,21.56,0.55,804,250,23,0,0,"(48, 72]",0.025510204081632657,"(7, 30]",False,False
CUS0005604,64.0,35.27,11.3,612,222,17,3,0,"(48, 72]",0.32038559682449674,"(7, 30]",False,True
CUS0005749,72.0,79.38,4.81,401,60,12,1,0,"(48, 72]",0.06059460821365583,"(7, 30]",True,False
CUS0006260,20.0,110.73,14.48,771,12,15,7,1,"(12, 24]",0.1307685360787501,"(7, 30]",True,False
CUS0007117,23.0,20.5,9.41,379,49,33,0,0,"(12, 24]",0.45902439024390246,"(30, 60]",False,False
CUS0000376,14.0,104.96,13.03,954,142,2,3,0,"(12, 24]",0.12414253048780488,"(-1, 7]",True,False
CUS0004608,57.0,11.39,6.55,72,178,19,2,1,"(48, 72]",0.5750658472344161,"(7, 30]",False,False
CUS0005735,57.0,10.96,8.2,763,32,12,1,0,"(48, 72]",0.7481751824817517,"(7, 30]",False,False
CUS0006048,44.0,29.52,21.5,750,107,46,2,0,"(24, 48]",0.728319783197832,"(30, 60]",False,False
CUS0001447,24.0,27.62,9.89,220,108,54,2,0,"(12, 24]",0.3580738595220855,"(30, 60]",False,False
CUS0006726,24.0,18.87,1.61,343,84,17,1,0,"(12, 24]",0.08532061473237944,"(7, 30]",False,False
CUS0003812,1.0,25.5,8.218195789745577,666,72,10,1,0,"(0, 6]",0.32228218783315987,"(7, 30]",False,False
CUS0001430,63.0,85.07,11.45,449,128,18,1,0,"(48, 72]",0.13459503937933467,"(7, 30]",True,False
CUS0007606,59.0,55.52662624177525,0.0,483,98,21,2,0,"(48, 72]",0.0,"(7, 30]",True,False
CUS0000933,55.0,29.8,10.89,464,11,19,2,1,"(48, 72]",0.3654362416107383,"(7, 30]",False,False
CUS0001416,20.0,68.14,9.76,545,127,2,0,0,"(12, 24]",0.14323451717053126,"(-1, 7]",True,False
CUS0000679,15.0,12.19,6.99,13,184,69,0,0,"(12, 24]",0.5734208367514356,,False,False
CUS0004503,10.0,18.83,8.218195789745577,54,17,2,4,0,"(6, 12]",0.43644162452180446,"(-1, 7]",False,False
CUS0005233,41.0,21.28,0.0,423,203,29,3,1,"(24, 48]",0.0,"(7, 30]",False,False
CUS0004329,71.0,12.68,15.67,296,192,41,0,0,"(48, 72]",1.2358044164037856,"(30, 60]",False,False
CUS0005363,48.0,109.77,14.16,743,11,2,2,0,"(24, 48]",0.12899699371412954,"(-1, 7]",True,False
CUS0002387,9.0,11.07,9.77,367,209,24,3,1,"(6, 12]",0.8825654923215899,"(7, 30]",False,False
CUS0005486,25.0,27.68,1.27,382,114,1,0,0,"(24, 48]",0.04588150289017341,"(-1, 7]",False,False
CUS0000663,50.0,28.02,2.53,829,263,5,0,0,"(48, 72]",0.09029264810849393,"(-1, 7]",False,False
CUS0004903,25.0,18.27,6.41,450,242,27,4,1,"(24, 48]",0.350848385331144,"(7, 30]",False,False
CUS0005849,9.0,68.64,13.09,442,236,0,0,0,"(6, 12]",0.1907051282051282,"(-1, 7]",False,True
CUS0003879,40.0,29.63,16.7,857,89,24,0,0,"(24, 48]",0.5636179547755653,"(7, 30]",False,False
CUS0005793,64.0,18.27,5.48,607,291,22,0,0,"(48, 72]",0.2999452654625069,"(7, 30]",False,False
CUS0006980,51.0,67.98,2.87,769,174,23,0,0,"(48, 72]",0.042218299499852896,"(7, 30]",False,True
CUS0005166,70.0,108.7,7.75,312,166,15,0,0,"(48, 72]",0.07129714811407543,"(7, 30]",True,False
CUS0006948,60.0,28.14,14.97,420,159,62,3,0,"(48, 72]",0.5319829424307037,,False,False
CUS0005327,6.0,20.93,5.1,655,293,35,4,1,"(0, 6]",0.2436693741041567,"(30, 60]",False,False
CUS0004271,44.0,26.88,5.73,289,231,15,0,0,"(24, 48]",0.21316964285714288,"(7, 30]",False,False
CUS0007360,31.0,23.86,5.6,664,233,32,0,0,"(24, 48]",0.2347024308466052,"(30, 60]",False,False
CUS0004905,66.0,20.78,8.65,735,239,17,0,1,"(48, 72]",0.41626564003849853,"(7, 30]",False,False
CUS0005716,45.0,24.0,7.41,849,248,51,0,0,"(24, 48]",0.30875,"(30, 60]",False,False
CUS0001547,5.0,39.88,5.74,330,21,58,1,0,"(0, 6]",0.14393179538615847,"(30, 60]",False,True
CUS0006650,27.0,83.19,20.31,540,175,50,1,0,"(24, 48]",0.2441399206635413,"(30, 60]",True,False
CUS0003631,17.0,65.25,3.97,549,84,0,1,1,"(12, 24]",0.060842911877394636,"(-1, 7]",True,False
CUS0002715,10.0,55.52662624177525,6.48,648,178,2,0,0,"(6, 12]",0.11670076931713162,"(-1, 7]",False,True
CUS0007491,34.0,89.46,9.76,936,118,10,0,0,"(24, 48]",0.10909903867650347,"(7, 30]",True,False
CUS0005282,26.0,55.52662624177525,13.68,55,143,13,3,0,"(24, 48]",0.24636829078061118,"(7, 30]",False,True
CUS0002921,47.0,55.52662624177525,8.218195789745577,727,272,70,4,0,"(24, 48]",0.14800459429971002,,False,True
CUS0000183,34.0,86.67,2.9,988,208,29,0,0,"(24, 48]",0.03346025152878735,"(7, 30]",True,False
CUS0003949,47.0,10.91,1.84,867,130,38,1,0,"(24, 48]",0.16865261228230982,"(30, 60]",False,False
CUS0003020,30.0,67.67,2.52,330,164,1,1,0,"(24, 48]",0.03723954485000739,"(-1, 7]",False,True
CUS0001560,31.0,74.64,24.01,613,262,20,0,0,"(24, 48]",0.3216773847802787,"(7, 30]",True,False
CUS0000325,46.0,84.4,13.87,863,300,6,0,0,"(24, 48]",0.16433649289099525,"(-1, 7]",True,False
CUS0001829,11.0,42.93,8.218195789745577,412,233,9,1,0,"(6, 12]",0.19143246656756527,"(7, 30]",False,True
CUS0007498,70.0,55.52662624177525,0.0,33,222,16,0,0,"(48, 72]",0.0,"(7, 30]",False,False
CUS0004801,4.0,94.45,19.27,682,206,40,1,1,"(0, 6]",0.20402329274748543,"(30, 60]",True,False
CUS0001291,60.0,11.37,0.0,362,134,60,1,0,"(48, 72]",0.0,"(30, 60]",False,False
CUS0001819,4.0,20.9,11.96,965,287,36,1,1,"(0, 6]",0.5722488038277512,"(30, 60]",False,False
CUS0000897,5.0,65.08,8.33,564,71,46,4,0,"(0, 6]",0.1279963122311002,"(30, 60]",True,False
CUS0002037,66.0,34.85,14.18,672,259,4,3,0,"(48, 72]",0.4068866571018651,"(-1, 7]",False,True
CUS0005786,49.0,104.93,16.89,664,233,41,0,0,"(48, 72]",0.16096445249213762,"(30, 60]",True,False
CUS0007531,71.0,15.0,2.62,431,235,18,0,0,"(48, 72]",0.17466666666666666,"(7, 30]",False,False
CUS0007731,56.0,26.86,2.82,975,243,0,0,0,"(48, 72]",0.10498883097542815,"(-1, 7]",False,False
CUS0004073,42.0,41.86,11.31,470,227,24,6,0,"(24, 48]",0.2701863354037267,"(7, 30]",False,True
CUS0005458,9.0,27.19,16.36,431,203,48,6,1,"(6, 12]",0.6016917984553144,"(30, 60]",False,False
CUS0003305,39.0,19.53,7.94,291,70,12,2,1,"(24, 48]",0.4065540194572453,"(7, 30]",False,False
CUS0002506,17.0,21.68,2.38,924,61,30,0,1,"(12, 24]",0.10977859778597786,"(7, 30]",False,False
CUS0002020,3.0,14.71,9.26,775,54,3,0,0,"(0, 6]",0.6295037389530931,"(-1, 7]",False,False
CUS0002958,39.0,24.91,0.0,877,210,35,2,1,"(24, 48]",0.0,"(30, 60]",False,False
CUS0001334,48.0,67.67,4.19,395,12,18,1,1,"(24, 48]",0.06191813211171864,"(7, 30]",False,True
CUS0002936,1.0,57.52,14.45,56,241,13,0,0,"(0, 6]",0.25121696801112653,"(7, 30]",False,True
CUS0001523,30.0,68.46,3.07,125,226,16,1,0,"(24, 48]",0.044843704352906806,"(7, 30]",False,True
CUS0005466,66.0,14.45,9.49,474,182,27,0,0,"(48, 72]",0.6567474048442907,"(7, 30]",False,False
CUS0003423,6.0,102.68,7.64,372,150,13,0,0,"(0, 6]",0.07440592130892092,"(7, 30]",True,False
CUS0006936,20.0,17.73,18.66,583,97,35,0,0,"(12, 24]",1.0524534686971234,"(30, 60]",False,False
CUS0005766,59.0,37.45,10.28,318,273,57,0,0,"(48, 72]",0.27449933244325764,"(30, 60]",False,True
CUS0004269,1.0,15.64,0.0,352,12,6,0,0,"(0, 6]",0.0,"(-1, 7]",False,False
CUS0007200,65.0,20.13,8.01,864,8,56,0,0,"(48, 72]",0.3979135618479881,"(30, 60]",False,False
CUS0003591,28.0,115.26,8.218195789745577,646,77,13,1,0,"(24, 48]",0.07130136898963714,"(7, 30]",True,False
CUS0003615,34.0,29.56,13.28,558,103,2,1,0,"(24, 48]",0.44925575101488496,"(-1, 7]",False,False
CUS0000459,48.0,10.93,1.03,15,167,52,1,0,"(24, 48]",0.09423604757548033,"(30, 60]",False,False
CUS0005387,20.0,90.56,4.79,715,250,1,2,0,"(12, 24]",0.052893109540636044,"(-1, 7]",True,False
CUS0004591,26.0,69.12,4.16,368,24,33,0,0,"(24, 48]",0.06018518518518518,"(30, 60]",False,True
CUS0006414,22.0,110.37,10.04,574,63,14,1,0,"(12, 24]",0.09096674821056445,"(7, 30]",True,False
CUS0002770,66.0,36.99,2.74,544,39,16,0,0,"(48, 72]",0.07407407407407407,"(7, 30]",False,True
CUS0007332,16.0,11.51,8.218195789745577,578,74,16,1,0,"(12, 24]",0.7140048470673829,"(7, 30]",False,False
CUS0000117,68.0,17.67,6.0,843,23,2,0,0,"(48, 72]",0.3395585738539898,"(-1, 7]",False,False
CUS0001997,41.0,34.76,2.75,258,111,66,0,0,"(24, 48]",0.07911392405063292,,False,True
CUS0004644,13.0,13.55,4.21,76,260,36,0,1,"(12, 24]",0.31070110701107007,"(30, 60]",False,False
CUS0002260,72.0,43.45,2.41,494,266,15,1,0,"(48, 72]",0.055466052934407366,"(7, 30]",False,True
CUS0004917,69.0,13.44,11.04,469,167,2,2,0,"(48, 72]",0.8214285714285714,"(-1, 7]",False,False
CUS0001662,65.0,44.74,12.4,33,96,3,0,0,"(48, 72]",0.2771569065713008,"(-1, 7]",False,True
CUS0005066,54.0,89.53,12.87,506,181,14,1,0,"(48, 72]",0.1437506980900257,"(7, 30]",True,False
CUS0000423,30.0,41.23,5.79,136,126,26,4,0,"(24, 48]",0.14043172447247151,"(7, 30]",False,True
CUS0000231,50.0,13.55,5.71,690,29,18,0,0,"(48, 72]",0.4214022140221402,"(7, 30]",False,False
CUS0004156,36.0,15.11,8.13,230,153,23,0,0,"(24, 48]",0.5380542686962277,"(7, 30]",False,False
CUS0000978,45.0,13.33,12.7,420,145,31,0,0,"(24, 48]",0.9527381845461365,"(30, 60]",False,False
CUS0007162,27.0,27.08,13.56,323,83,20,0,0,"(24, 48]",0.5007385524372231,"(7, 30]",False,False
CUS0000808,38.0,20.86,8.218195789745577,404,92,18,0,0,"(24, 48]",0.39396911743746776,"(7, 30]",False,False
CUS0001403,51.0,46.16,5.46,1000,10,22,0,0,"(48, 72]",0.1182842287694974,"(7, 30]",False,True
CUS0006456,27.0,11.51,7.91,955,194,5,1,0,"(24, 48]",0.687228496959166,"(-1, 7]",False,False
CUS0004906,43.0,22.42,5.9,50,50,4,3,0,"(24, 48]",0.2631578947368421,"(-1, 7]",False,False
CUS0002398,40.0,68.73,0.03,708,209,16,4,1,"(24, 48]",0.0004364906154517677,"(7, 30]",False,True
CUS0005356,27.0,19.49,8.218195789745577,511,30,58,1,0,"(24, 48]",0.42166217494846475,"(30, 60]",False,False
CUS0006251,15.0,19.26,8.14,237,198,17,0,1,"(12, 24]",0.4226375908618899,"(7, 30]",False,False
CUS0006449,16.0,16.82,5.18,324,218,5,4,0,"(12, 24]",0.3079667063020214,"(-1, 7]",False,False
CUS0002955,20.0,22.77,6.71,544,231,21,0,0,"(12, 24]",0.2946859903381642,"(7, 30]",False,False
CUS0001505,67.0,63.12,5.04,410,128,66,0,0,"(48, 72]",0.07984790874524715,,False,True
CUS0004764,54.0,13.04,7.7,378,212,6,1,1,"(48, 72]",0.5904907975460123,"(-1, 7]",False,False
CUS0005333,62.0,27.95,0.0,391,0,11,0,0,"(48, 72]",0.0,"(7, 30]",False,False
CUS0001933,3.0,15.36,13.26,793,56,29,0,0,"(0, 6]",0.86328125,"(7, 30]",False,False
CUS0000322,72.0,25.48,15.66,149,143,7,0,0,"(48, 72]",0.6145996860282574,"(-1, 7]",False,False
CUS0005897,42.0,87.39,6.76,570,72,20,0,0,"(24, 48]",0.07735438837395582,"(7, 30]",True,False
CUS0003777,12.0,55.52662624177525,0.55,125,128,3,0,0,"(6, 12]",0.009905157889571357,"(-1, 7]",True,False
CUS0004137,3.0,17.38,7.01,943,70,1,3,1,"(0, 6]",0.403337169159954,"(-1, 7]",False,False
CUS0003933,72.0,69.79,0.97,765,153,4,0,0,"(48, 72]",0.013898839375268661,"(-1, 7]",False,True
CUS0001573,44.0,19.61,14.31,98,110,51,3,0,"(24, 48]",0.7297297297297298,"(30, 60]",False,False
CUS0000410,10.0,28.64,5.68,813,282,1,8,1,"(6, 12]",0.1983240223463687,"(-1, 7]",False,False
CUS0005936,64.0,42.9,5.33,941,241,6,0,0,"(48, 72]",0.12424242424242425,"(-1, 7]",False,True
CUS0003796,46.0,79.71,0.0,932,281,17,0,0,"(24, 48]",0.0,"(7, 30]",True,False
CUS0006032,72.0,19.74,11.82,913,275,9,0,0,"(48, 72]",0.5987841945288754,"(7, 30]",False,False
CUS0005469,12.0,47.37,0.0,75,264,15,4,0,"(6, 12]",0.0,"(7, 30]",False,True
CUS0005546,18.0,28.4,1.01,526,242,35,0,0,"(12, 24]",0.03556338028169014,"(30, 60]",False,False
CUS0001880,15.0,32.28,10.12,991,221,43,0,0,"(12, 24]",0.3135068153655514,"(30, 60]",False,True
CUS0003798,50.0,55.52662624177525,5.54,257,222,1,2,0,"(48, 72]",0.09977195401495512,"(-1, 7]",False,False
CUS0006825,41.0,17.16,7.39,582,26,4,0,0,"(24, 48]",0.43065268065268064,"(-1, 7]",False,False
CUS0004034,31.0,43.42,6.18,822,93,21,0,0,"(24, 48]",0.14233072316904652,"(7, 30]",False,True
CUS0007656,24.0,59.31,3.32,997,6,37,0,1,"(12, 24]",0.05597706963412578,"(30, 60]",False,True
CUS0000058,63.0,12.36,5.03,371,247,42,0,0,"(48, 72]",0.406957928802589,"(30, 60]",False,False
CUS0006844,21.0,16.63,10.0,975,117,0,4,0,"(12, 24]",0.6013229104028864,"(-1, 7]",False,False
CUS0002155,18.0,12.81,6.57,653,65,5,2,0,"(12, 24]",0.5128805620608899,"(-1, 7]",False,False
CUS0002853,37.0,13.88,7.38,190,123,12,0,0,"(24, 48]",0.531700288184438,"(7, 30]",False,False
CUS0005555,10.0,64.25,1.84,80,111,9,1,0,"(6, 12]",0.028638132295719845,"(7, 30]",False,True
CUS0002382,49.0,104.7,19.23,422,291,25,6,0,"(48, 72]",0.1836676217765043,"(7, 30]",True,False
CUS0002583,23.0,22.95,3.8,941,13,72,1,0,"(12, 24]",0.1655773420479303,,False,False
CUS0006750,61.0,25.79,12.54,834,44,35,0,0,"(48, 72]",0.4862349747964327,"(30, 60]",False,False
CUS0006859,53.0,90.01,11.42,481,160,7,0,0,"(48, 72]",0.12687479168981222,"(-1, 7]",True,False
CUS0001004,42.0,76.11,3.35,39,242,30,0,0,"(24, 48]",0.0440152410984102,"(7, 30]",True,False
CUS0004740,62.0,65.39,0.0,136,14,7,0,0,"(48, 72]",0.0,"(-1, 7]",False,True
CUS0007972,34.0,17.38,11.5,533,126,46,0,0,"(24, 48]",0.6616800920598389,"(30, 60]",False,False
CUS0007689,13.0,25.2,0.0,245,63,11,0,1,"(12, 24]",0.0,"(7, 30]",False,False
CUS0006644,22.0,11.05,8.218195789745577,364,172,42,0,0,"(12, 24]",0.7437281257688304,"(30, 60]",False,False
CUS0002504,52.0,26.02,11.22,215,285,20,0,0,"(48, 72]",0.43120676402767105,"(7, 30]",False,False
CUS0000485,33.0,19.35,18.66,796,248,48,0,0,"(24, 48]",0.9643410852713178,"(30, 60]",False,False
CUS0001248,6.0,26.4,8.07,970,14,21,0,0,"(0, 6]",0.3056818181818182,"(7, 30]",False,False
CUS0004633,39.0,97.25,8.218195789745577,88,22,50,7,0,"(24, 48]",0.08450586930329643,"(30, 60]",True,False
CUS0005087,11.0,81.25,0.0,736,230,18,0,0,"(6, 12]",0.0,"(7, 30]",True,False
CUS0001463,37.0,12.96,13.62,500,142,9,0,0,"(24, 48]",1.0509259259259258,"(7, 30]",False,False
CUS0002656,30.0,64.69,5.51,659,224,7,1,0,"(24, 48]",0.0851754521564384,"(-1, 7]",False,True
CUS0006505,36.0,85.43,4.19,394,24,36,5,1,"(24, 48]",0.049046002575207776,"(30, 60]",True,False
CUS0004896,59.0,47.01,6.25,955,128,8,0,0,"(48, 72]",0.13295043607743035,"(7, 30]",False,True
CUS0003866,40.0,13.05,8.21,44,197,18,1,0,"(24, 48]",0.6291187739463602,"(7, 30]",False,False
CUS0002311,16.0,22.09,11.76,580,277,23,0,0,"(12, 24]",0.5323675871435039,"(7, 30]",False,False
CUS0006074,36.56668337929305,100.72,1.86,566,293,20,1,0,"(24, 48]",0.018467037331215252,"(7, 30]",True,False
CUS0003299,42.0,38.67,11.91,885,27,37,1,0,"(24, 48]",0.30799069045771915,"(30, 60]",False,True
CUS0001429,64.0,12.1,0.24,157,202,16,5,1,"(48, 72]",0.019834710743801654,"(7, 30]",False,False
CUS0005461,5.0,69.19,9.65,153,5,16,2,1,"(0, 6]",0.139471021823963,"(7, 30]",False,True
CUS0005719,42.0,119.04,7.57,571,242,31,0,0,"(24, 48]",0.06359206989247312,"(30, 60]",True,False
CUS0001858,15.0,60.63,0.0,809,250,60,0,0,"(12, 24]",0.0,"(30, 60]",True,False
CUS0000430,55.0,63.06,8.72,41,103,10,8,1,"(48, 72]",0.13828100222010783,"(7, 30]",False,True
CUS0000028,72.0,14.09,13.57,435,271,0,0,0,"(48, 72]",0.9630943931866572,"(-1, 7]",False,False
CUS0004298,8.0,62.0,0.44,286,267,40,0,0,"(6, 12]",0.0070967741935483875,"(30, 60]",False,True
CUS0004616,69.0,15.53,6.07,468,148,22,1,0,"(48, 72]",0.3908564069542821,"(7, 30]",False,False
CUS0007699,18.0,12.99,16.9,183,65,6,5,1,"(12, 24]",1.3010007698229407,"(-1, 7]",False,False
CUS0001496,44.0,53.66,7.18,137,160,18,0,0,"(24, 48]",0.13380544166977265,"(7, 30]",False,True
CUS0007047,60.0,55.52662624177525,3.34,766,186,13,0,0,"(48, 72]",0.06015132245666969,"(7, 30]",False,False
CUS0004285,58.0,67.81,7.99,493,0,49,0,0,"(48, 72]",0.11782922872732635,"(30, 60]",False,True
CUS0001042,64.0,117.65,13.76,422,226,46,0,0,"(48, 72]",0.11695707607309816,"(30, 60]",True,False
CUS0006884,26.0,106.9,18.25,604,46,12,2,0,"(24, 48]",0.1707202993451824,"(7, 30]",True,False
CUS0001538,33.0,21.73,11.78,775,71,17,5,1,"(24, 48]",0.5421076852277956,"(7, 30]",False,False
CUS0004494,25.0,16.95,5.23,490,228,13,0,0,"(24, 48]",0.3085545722713865,"(7, 30]",False,False
CUS0006010,15.0,26.97,12.61,953,46,10,2,1,"(12, 24]",0.4675565443084909,"(7, 30]",False,False
CUS0002780,47.0,55.52662624177525,10.88,746,237,42,3,0,"(24, 48]",0.19594203243370248,"(30, 60]",False,True
CUS0006131,58.0,55.52662624177525,8.41,94,19,27,1,0,"(48, 72]",0.15145886882053655,"(7, 30]",False,True
CUS0003625,47.0,69.24,8.27,436,109,38,5,1,"(24, 48]",0.11943963027151935,"(30, 60]",False,True
CUS0006657,54.0,20.95,8.218195789745577,94,291,24,0,0,"(48, 72]",0.39227664867520656,"(7, 30]",False,False
CUS0005893,39.0,67.71,2.46,515,243,44,1,1,"(24, 48]",0.03633141338059371,"(30, 60]",False,True
CUS0005827,2.0,11.75,17.26,135,112,53,3,0,"(0, 6]",1.4689361702127661,"(30, 60]",False,False
CUS0000390,2.0,82.7,3.99,618,285,18,0,0,"(0, 6]",0.04824667472793229,"(7, 30]",True,False
CUS0000473,65.0,27.65,5.01,96,1,21,0,0,"(48, 72]",0.18119349005424956,"(7, 30]",False,False
CUS0006099,4.0,21.25,4.0,762,128,23,0,1,"(0, 6]",0.18823529411764706,"(7, 30]",False,False
CUS0002140,63.0,11.47,5.31,592,237,18,0,0,"(48, 72]",0.4629468177855274,"(7, 30]",False,False
CUS0003748,41.0,115.81,8.22,215,166,20,1,0,"(24, 48]",0.07097832656938088,"(7, 30]",True,False
CUS0001200,54.0,29.51,19.64,437,290,43,1,0,"(48, 72]",0.6655371060657405,"(30, 60]",False,False
CUS0006549,45.0,25.72,14.91,530,23,42,5,0,"(24, 48]",0.5797045101088647,"(30, 60]",False,False
CUS0003302,6.0,109.49,9.65,485,136,22,0,0,"(0, 6]",0.08813590282217555,"(7, 30]",True,False
CUS0003680,71.0,12.11,4.58,824,262,12,0,0,"(48, 72]",0.37819983484723374,"(7, 30]",False,False
CUS0004046,65.0,69.9,15.06,723,47,29,3,0,"(48, 72]",0.21545064377682402,"(7, 30]",True,False
CUS0006209,66.0,15.85,0.0,443,286,15,2,0,"(48, 72]",0.0,"(7, 30]",False,False
CUS0006041,62.0,57.52,5.32,25,193,4,0,0,"(48, 72]",0.09248956884561892,"(-1, 7]",False,True
CUS0006883,20.0,15.16,8.19,46,216,20,1,0,"(12, 24]",0.5402374670184696,"(7, 30]",False,False
CUS0007896,23.0,35.66,13.56,642,5,20,0,0,"(12, 24]",0.3802579921480651,"(7, 30]",False,True
CUS0007288,31.0,28.7,10.81,834,75,21,6,1,"(24, 48]",0.3766550522648084,"(7, 30]",False,False
CUS0000469,30.0,14.28,0.0,48,99,70,0,1,"(24, 48]",0.0,,False,False
CUS0000197,46.0,38.86,4.94,520,249,51,0,0,"(24, 48]",0.12712300566134843,"(30, 60]",False,True
CUS0003146,42.0,24.81,2.49,106,172,16,2,0,"(24, 48]",0.10036275695284161,"(7, 30]",False,False
CUS0001168,9.0,17.57,8.28,244,29,10,0,0,"(6, 12]",0.4712578258394991,"(7, 30]",False,False
CUS0006759,19.0,93.22,0.91,99,73,24,5,0,"(12, 24]",0.009761853679467926,"(7, 30]",True,False
CUS0007680,37.0,69.39,8.06,758,202,25,0,0,"(24, 48]",0.11615506557140799,"(7, 30]",False,True
CUS0007159,9.0,62.22,0.0,531,23,31,6,1,"(6, 12]",0.0,"(30, 60]",True,False
CUS0000762,40.0,47.33,14.08,127,81,55,4,0,"(24, 48]",0.297485738432284,"(30, 60]",False,True
CUS0002693,42.0,87.88,7.12,702,53,18,1,0,"(24, 48]",0.0810195721438325,"(7, 30]",True,False
CUS0005025,59.0,29.89,0.0,146,278,52,0,0,"(48, 72]",0.0,"(30, 60]",False,False
CUS0002584,48.0,24.35,11.19,928,210,21,2,1,"(24, 48]",0.45954825462012316,"(7, 30]",False,False
CUS0005390,8.0,10.64,1.34,238,106,22,0,1,"(6, 12]",0.12593984962406016,"(7, 30]",False,False
CUS0000380,60.0,29.03,5.27,454,66,1,2,0,"(48, 72]",0.18153634171546673,"(-1, 7]",False,False
CUS0000516,53.0,10.76,9.12,621,167,31,0,0,"(48, 72]",0.8475836431226765,"(30, 60]",False,False
CUS0002050,26.0,55.95,18.87,521,132,27,0,0,"(24, 48]",0.3372654155495979,"(7, 30]",False,True
CUS0000439,55.0,106.65,3.36,118,134,45,2,0,"(48, 72]",0.03150492264416315,"(30, 60]",True,False
CUS0000783,62.0,87.29,11.65,173,219,56,2,0,"(48, 72]",0.133463168747852,"(30, 60]",True,False
CUS0003168,12.0,25.61,0.0,517,58,25,0,0,"(6, 12]",0.0,"(7, 30]",False,False
CUS0005444,49.0,64.51,7.22,292,227,37,0,0,"(48, 72]",0.1119206324600837,"(30, 60]",False,True
CUS0006836,15.0,22.28,10.39,115,105,45,1,0,"(12, 24]",0.4663375224416517,"(30, 60]",False,False
CUS0006621,14.0,59.91,14.33,516,64,16,3,0,"(12, 24]",0.23919212151560676,"(7, 30]",False,True
CUS0003800,15.0,56.72,8.218195789745577,231,99,79,0,1,"(12, 24]",0.1448906168855003,,False,True
CUS0000751,42.0,79.99,0.0,424,299,13,4,0,"(24, 48]",0.0,"(7, 30]",True,False
CUS0007013,12.0,46.91,8.218195789745577,923,87,3,8,1,"(6, 12]",0.17519070112439944,"(-1, 7]",False,True
CUS0007362,1.0,39.01,2.98,312,211,16,1,0,"(0, 6]",0.07639066905921559,"(7, 30]",False,True
CUS0001897,20.0,23.62,7.81,655,40,47,0,0,"(12, 24]",0.33065198983911936,"(30, 60]",False,False
CUS0001050,11.0,12.51,1.67,411,167,34,3,1,"(6, 12]",0.13349320543565146,"(30, 60]",False,False
CUS0001036,63.0,12.63,5.9,744,151,10,0,0,"(48, 72]",0.4671417260490895,"(7, 30]",False,False
CUS0003886,9.0,54.4,0.0,356,83,9,0,0,"(6, 12]",0.0,"(7, 30]",False,True
CUS0004551,55.0,23.09,14.37,875,29,72,3,0,"(48, 72]",0.6223473365093114,,False,False
CUS0002597,35.0,29.01,9.02,596,11,68,0,1,"(24, 48]",0.3109272664598414,,False,False
CUS0002353,12.0,29.39,3.04,937,182,49,3,0,"(6, 12]",0.10343654304185097,"(30, 60]",False,False
CUS0000987,8.0,28.22,4.91,532,290,25,0,0,"(6, 12]",0.1739900779588944,"(7, 30]",False,False
CUS0001367,36.0,17.98,11.7,897,170,12,0,0,"(24, 48]",0.6507230255839821,"(7, 30]",False,False
CUS0002498,25.0,107.83,17.69,127,151,42,0,0,"(24, 48]",0.1640545302791431,"(30, 60]",True,False
CUS0002524,20.0,76.5,1.18,703,287,42,1,0,"(12, 24]",0.015424836601307189,"(30, 60]",True,False
CUS0004451,42.0,89.31,8.218195789745577,756,207,35,1,0,"(24, 48]",0.0920187637414128,"(30, 60]",True,False
CUS0005159,28.0,20.14,9.96,790,286,0,1,0,"(24, 48]",0.49453823237338634,"(-1, 7]",False,False
CUS0005695,23.0,13.33,7.73,994,279,34,0,0,"(12, 24]",0.5798949737434359,"(30, 60]",False,False
CUS0000886,10.0,28.68,11.4,401,81,38,1,1,"(6, 12]",0.397489539748954,"(30, 60]",False,False
CUS0000722,56.0,49.94,1.72,775,273,21,6,1,"(48, 72]",0.034441329595514616,"(7, 30]",False,True
CUS0006991,25.0,61.24,1.06,298,156,18,0,0,"(24, 48]",0.017308948399738733,"(7, 30]",False,True
CUS0007897,41.0,29.97,6.73,849,277,2,1,0,"(24, 48]",0.2245578912245579,"(-1, 7]",False,False
CUS0005204,2.0,12.67,14.98,129,109,3,0,0,"(0, 6]",1.1823204419889504,"(-1, 7]",False,False
CUS0003214,66.0,24.43,2.8,839,18,10,0,0,"(48, 72]",0.1146131805157593,"(7, 30]",False,False
CUS0004517,47.0,19.68,0.4,792,130,36,2,0,"(24, 48]",0.020325203252032523,"(30, 60]",False,False
CUS0006345,39.0,28.69,5.83,432,184,30,6,1,"(24, 48]",0.20320669222725687,"(7, 30]",False,False
CUS0005584,19.0,12.28,10.4,252,279,15,1,0,"(12, 24]",0.8469055374592834,"(7, 30]",False,False
CUS0007678,69.0,23.9,9.41,730,63,30,0,0,"(48, 72]",0.39372384937238497,"(7, 30]",False,False
CUS0000680,10.0,32.7,0.04,428,182,43,0,1,"(6, 12]",0.0012232415902140672,"(30, 60]",False,True
CUS0004079,71.0,24.97,7.08,925,82,47,1,0,"(48, 72]",0.28354024829795754,"(30, 60]",False,False
CUS0007650,5.0,68.03,11.12,439,98,2,0,0,"(0, 6]",0.1634572982507717,"(-1, 7]",False,True
CUS0006143,58.0,46.28,13.75,901,270,13,0,0,"(48, 72]",0.29710458081244595,"(7, 30]",False,True
CUS0005858,67.0,22.82,11.33,167,233,5,1,0,"(48, 72]",0.4964943032427695,"(-1, 7]",False,False
CUS0005334,11.0,64.93,10.88,142,167,28,1,0,"(6, 12]",0.1675650700754659,"(7, 30]",False,True
CUS0000051,62.0,18.26,12.44,157,204,55,0,0,"(48, 72]",0.6812705366922234,"(30, 60]",False,False
CUS0004955,24.0,64.19,9.29,371,118,27,0,1,"(12, 24]",0.14472659292724724,"(7, 30]",True,False
CUS0002765,46.0,12.24,5.71,941,257,26,0,0,"(24, 48]",0.4665032679738562,"(7, 30]",False,False
CUS0000806,4.0,98.17,6.8,321,299,34,3,1,"(0, 6]",0.0692675970255679,"(30, 60]",True,False
CUS0000329,37.0,20.0,0.0,283,93,19,0,0,"(24, 48]",0.0,"(7, 30]",False,False
CUS0000075,19.0,13.97,9.09,372,162,43,0,0,"(12, 24]",0.6506800286327845,"(30, 60]",False,False
CUS0007642,64.0,25.32,9.65,425,280,11,0,0,"(48, 72]",0.3811216429699842,"(7, 30]",False,False
CUS0000874,20.0,12.14,19.81,312,16,4,6,1,"(12, 24]",1.631795716639209,"(-1, 7]",False,False
CUS0002282,7.0,61.94,0.0,964,160,53,2,1,"(6, 12]",0.0,"(30, 60]",True,False
CUS0004724,30.0,39.92,6.26,17,28,14,1,0,"(24, 48]",0.156813627254509,"(7, 30]",False,True
CUS0004396,48.0,84.75,15.25,845,41,18,0,0,"(24, 48]",0.17994100294985252,"(7, 30]",True,False
CUS0001965,64.0,26.3,0.0,629,69,9,0,0,"(48, 72]",0.0,"(7, 30]",False,False
CUS0004384,51.0,23.84,6.59,211,134,33,5,0,"(48, 72]",0.2764261744966443,"(30, 60]",False,False
CUS0005396,50.0,13.83,3.98,191,196,5,3,0,"(48, 72]",0.28778018799710775,"(-1, 7]",False,False
CUS0007511,44.0,10.01,2.62,25,87,65,1,0,"(24, 48]",0.26173826173826176,,False,False
CUS0006054,30.0,59.69,21.69,414,111,17,1,0,"(24, 48]",0.3633774501591557,"(7, 30]",False,True
CUS0005251,31.0,70.02,11.65,759,270,21,1,0,"(24, 48]",0.1663810339902885,"(7, 30]",True,False
CUS0006863,36.0,117.29,18.43,829,211,16,0,0,"(24, 48]",0.1571318953022423,"(7, 30]",True,False
CUS0006696,49.0,12.89,12.73,537,35,68,0,1,"(48, 72]",0.9875872769588828,,False,False
CUS0005608,26.0,69.83,11.29,482,57,26,0,0,"(24, 48]",0.1616783617356437,"(7, 30]",False,True
CUS0001792,35.0,26.6,4.57,123,155,28,0,0,"(24, 48]",0.1718045112781955,"(7, 30]",False,False
CUS0006388,43.0,45.47,8.84,693,250,0,0,0,"(24, 48]",0.19441389927424677,"(-1, 7]",False,True
CUS0006376,62.0,15.21,3.43,795,254,21,0,0,"(48, 72]",0.2255095332018409,"(7, 30]",False,False
CUS0002132,8.0,31.41,3.14,657,75,6,0,0,"(6, 12]",0.0999681630054123,"(-1, 7]",False,True
CUS0003439,27.0,22.23,0.91,307,115,18,2,0,"(24, 48]",0.04093567251461988,"(7, 30]",False,False
CUS0007308,27.0,47.24,4.39,462,107,18,8,1,"(24, 48]",0.09292972057578322,"(7, 30]",False,True
CUS0007355,45.0,14.94,8.218195789745577,241,278,13,0,1,"(24, 48]",0.5500800394742689,"(7, 30]",False,False
CUS0006361,65.0,19.12,12.66,323,29,38,0,0,"(48, 72]",0.6621338912133891,"(30, 60]",False,False
CUS0000341,19.0,45.33,3.79,521,74,45,0,0,"(12, 24]",0.08360908890359586,"(30, 60]",False,True
CUS0000835,34.0,26.58,0.93,10,29,10,0,0,"(24, 48]",0.03498871331828443,"(7, 30]",False,False
CUS0007669,68.0,56.29,8.218195789745577,742,139,63,1,0,"(48, 72]",0.14599743808395058,,False,True
CUS0005388,41.0,15.8,13.78,662,224,24,0,0,"(24, 48]",0.8721518987341771,"(7, 30]",False,False
CUS0005237,72.0,43.63885951963101,8.83,313,207,49,2,1,"(48, 72]",0.2023425932116262,"(30, 60]",False,True
CUS0002059,31.0,22.49,7.62,43,183,28,1,0,"(24, 48]",0.3388172521120498,"(7, 30]",False,False
CUS0002280,50.0,48.22,0.0,686,205,7,0,0,"(48, 72]",0.0,"(-1, 7]",False,True
CUS0004542,69.0,67.33,0.0,919,28,56,3,1,"(48, 72]",0.0,"(30, 60]",False,True
CUS0003027,27.0,77.75,3.82,929,292,9,4,1,"(24, 48]",0.04913183279742765,"(7, 30]",True,False
CUS0005816,65.0,27.88,0.0,887,206,8,1,0,"(48, 72]",0.0,"(7, 30]",False,False
CUS0005313,16.0,111.18,8.54,878,23,1,1,0,"(12, 24]",0.07681237632667745,"(-1, 7]",True,False
CUS0002547,15.0,61.6,8.58,590,187,14,3,0,"(12, 24]",0.1392857142857143,"(7, 30]",False,True
CUS0006889,26.0,17.53,1.82,215,36,33,0,0,"(24, 48]",0.1038220193953223,"(30, 60]",False,False
CUS0002279,14.0,91.26,9.16,792,199,31,1,1,"(12, 24]",0.10037256191102345,"(30, 60]",True,False
CUS0005515,7.0,55.86,0.0,910,168,11,3,1,"(6, 12]",0.0,"(7, 30]",False,True
CUS0003157,55.0,51.12,17.19,595,34,30,0,0,"(48, 72]",0.33626760563380287,"(7, 30]",False,True
CUS0001190,72.0,101.81,21.59,897,207,29,0,0,"(48, 72]",0.21206168352814064,"(7, 30]",True,False
CUS0004020,59.0,15.19,6.69,454,195,7,2,0,"(48, 72]",0.4404213298222515,"(-1, 7]",False,False
CUS0007536,30.0,55.52662624177525,11.99,531,112,21,4,0,"(24, 48]",0.21593244199265557,"(7, 30]",False,True
CUS0001530,31.0,60.52,3.8,837,148,9,0,0,"(24, 48]",0.06278916060806344,"(7, 30]",False,True
CUS0002694,32.0,48.17,10.6,487,103,43,0,0,"(24, 48]",0.22005397550342534,"(30, 60]",False,True
CUS0007968,67.0,30.94,8.39,38,211,11,0,0,"(48, 72]",0.2711700064641241,"(7, 30]",False,True
CUS0004351,43.0,10.45,0.82,747,51,16,1,0,"(24, 48]",0.0784688995215311,"(7, 30]",False,False
CUS0003617,51.0,13.75,8.218195789745577,312,142,19,1,0,"(48, 72]",0.5976869665269511,"(7, 30]",False,False
CUS0003241,42.0,17.24,7.61,943,13,47,2,0,"(24, 48]",0.44141531322505806,"(30, 60]",False,False
CUS0002458,65.0,64.05,5.89,670,21,58,0,0,"(48, 72]",0.09195940671350507,"(30, 60]",False,True
CUS0006786,18.0,54.3,8.218195789745577,838,229,34,0,1,"(12, 24]",0.1513479887614287,"(30, 60]",False,True
CUS0007984,5.0,45.24,0.74,512,86,1,0,0,"(0, 6]",0.016357206012378424,"(-1, 7]",False,True
CUS0006653,14.0,59.73,10.68,605,21,4,0,0,"(12, 24]",0.17880462079357107,"(-1, 7]",False,True
CUS0000721,28.0,14.33,19.49,869,232,12,2,0,"(24, 48]",1.3600837404047452,"(7, 30]",False,False
CUS0000699,5.0,35.21,16.4,257,137,3,4,1,"(0, 6]",0.46577676796364664,"(-1, 7]",False,True
CUS0000796,51.0,70.48,12.5,683,59,3,1,0,"(48, 72]",0.17735527809307605,"(-1, 7]",True,False
CUS0005713,15.0,25.69,12.26,993,239,6,0,0,"(12, 24]",0.4772284935772674,"(-1, 7]",False,False
CUS0002375,1.0,60.5,0.0,74,108,6,4,0,"(0, 6]",0.0,"(-1, 7]",False,True
CUS0002849,48.0,21.96,13.47,402,8,3,1,0,"(24, 48]",0.6133879781420765,"(-1, 7]",False,False
CUS0000546,46.0,13.05,15.69,785,288,19,6,0,"(24, 48]",1.2022988505747125,"(7, 30]",False,False
CUS0004241,10.0,54.58,20.27,334,38,35,0,0,"(6, 12]",0.3713814584096739,"(30, 60]",False,True
CUS0007527,58.0,22.04,6.66,510,43,17,0,0,"(48, 72]",0.3021778584392015,"(7, 30]",False,False
CUS0003894,3.0,33.84,10.43,731,160,10,0,0,"(0, 6]",0.30821513002364065,"(7, 30]",False,True
CUS0003099,5.0,35.48,0.0,822,155,6,3,0,"(0, 6]",0.0,"(-1, 7]",False,True
CUS0001962,64.0,77.13,0.0,573,96,10,0,0,"(48, 72]",0.0,"(7, 30]",True,False
CUS0002066,43.0,60.22,11.59,299,275,18,1,0,"(24, 48]",0.1924609764197941,"(7, 30]",False,True
CUS0004540,57.0,36.59,8.49,169,155,3,2,0,"(48, 72]",0.23203060945613554,"(-1, 7]",False,True
CUS0000708,32.0,24.09,15.71,450,199,10,0,0,"(24, 48]",0.6521378165213783,"(7, 30]",False,False
CUS0006382,35.0,50.35,7.8,439,284,30,0,0,"(24, 48]",0.15491559086395232,"(7, 30]",False,True
CUS0007592,55.0,14.47,12.1,170,56,11,0,0,"(48, 72]",0.8362128541810642,"(7, 30]",False,False
CUS0002214,12.0,22.17,10.6,270,57,43,0,1,"(6, 12]",0.4781235904375281,"(30, 60]",False,False
CUS0001970,22.0,91.07,8.32,913,114,25,2,0,"(12, 24]",0.09135829581640498,"(7, 30]",True,False
CUS0001449,27.0,10.49,8.47,821,204,2,0,0,"(24, 48]",0.8074356530028599,"(-1, 7]",False,False
CUS0000480,61.0,17.89,8.94,117,121,13,0,0,"(48, 72]",0.499720514253773,"(7, 30]",False,False
CUS0000926,48.0,30.81,1.17,801,174,2,0,0,"(24, 48]",0.0379746835443038,"(-1, 7]",False,True
CUS0001238,13.0,32.96,15.24,255,119,29,1,0,"(12, 24]",0.46237864077669905,"(7, 30]",False,True
CUS0005727,71.0,46.88,14.44,222,232,8,3,0,"(48, 72]",0.30802047781569963,"(7, 30]",False,True
CUS0005311,68.0,55.52662624177525,5.18,870,167,55,1,0,"(48, 72]",0.09328857794178114,"(30, 60]",False,True
CUS0000898,11.0,29.25,2.36,417,85,4,0,0,"(6, 12]",0.08068376068376068,"(-1, 7]",False,False
CUS0007034,20.0,25.5,6.78,111,244,4,2,0,"(12, 24]",0.26588235294117646,"(-1, 7]",False,False
CUS0006165,22.0,15.44,0.0,818,30,54,1,1,"(12, 24]",0.0,"(30, 60]",False,False
CUS0004145,15.0,30.29,8.22,495,113,0,1,0,"(12, 24]",0.2713766919775504,"(-1, 7]",False,True
CUS0003827,68.0,22.03,6.63,988,255,4,1,0,"(48, 72]",0.30095324557421693,"(-1, 7]",False,False
CUS0005595,10.0,65.09,0.0,719,262,72,0,0,"(6, 12]",0.0,,False,True
CUS0003857,9.0,66.31,12.23,927,284,56,0,1,"(6, 12]",0.18443673654049164,"(30, 60]",True,False
CUS0000588,68.0,62.37,8.218195789745577,736,129,46,0,0,"(48, 72]",0.1317652042607917,"(30, 60]",False,True
CUS0005216,2.0,23.03,8.218195789745577,589,288,1,0,0,"(0, 6]",0.35684740728378533,"(-1, 7]",False,False
CUS0006855,34.0,16.67,13.61,270,79,2,1,0,"(24, 48]",0.8164367126574684,"(-1, 7]",False,False
CUS0000792,22.0,72.03,4.69,542,161,38,2,0,"(12, 24]",0.06511175898931001,"(30, 60]",True,False
CUS0002700,24.0,86.14,18.59,282,66,70,0,0,"(12, 24]",0.21581146970048756,,True,False
CUS0001431,16.0,58.65,10.21,573,160,4,1,1,"(12, 24]",0.17408354646206312,"(-1, 7]",False,True
CUS0003223,25.0,51.85,13.0,120,256,18,2,0,"(24, 48]",0.2507232401157184,"(7, 30]",False,True
CUS0006567,7.0,11.57,0.16,567,56,1,1,0,"(6, 12]",0.013828867761452032,"(-1, 7]",False,False
CUS0001234,32.0,69.33,5.64,250,297,35,0,1,"(24, 48]",0.08135006490696668,"(30, 60]",False,True
CUS0001155,41.0,25.74,13.58,970,214,9,0,0,"(24, 48]",0.5275835275835277,"(7, 30]",False,False
CUS0002454,55.0,23.99,8.71,384,53,73,2,0,"(48, 72]",0.36306794497707384,,False,False
CUS0001762,28.0,19.16,13.25,900,222,38,2,0,"(24, 48]",0.691544885177453,"(30, 60]",False,False
CUS0001645,57.0,12.92,16.01,71,294,17,0,0,"(48, 72]",1.2391640866873066,"(7, 30]",False,False
CUS0006522,65.0,28.0,10.38,339,145,47,0,0,"(48, 72]",0.3707142857142857,"(30, 60]",False,False
CUS0001600,25.0,11.45,7.02,712,210,34,1,0,"(24, 48]",0.6131004366812227,"(30, 60]",False,False
CUS0006988,5.0,21.25,6.3,629,53,33,6,1,"(0, 6]",0.2964705882352941,"(30, 60]",False,False
CUS0007304,55.0,29.62,1.9,67,50,19,0,0,"(48, 72]",0.06414584740040513,"(7, 30]",False,False
CUS0003148,47.0,59.36,0.0,906,298,15,0,0,"(24, 48]",0.0,"(7, 30]",False,True
CUS0005143,1.0,14.03,11.43,114,152,1,0,0,"(0, 6]",0.8146828225231647,"(-1, 7]",False,False
CUS0001298,52.0,91.82,14.56,72,236,30,1,0,"(48, 72]",0.1585711174036158,"(7, 30]",True,False
CUS0003760,28.0,25.51,10.94,157,8,5,0,0,"(24, 48]",0.42885143081144644,"(-1, 7]",False,False
CUS0007537,28.0,12.03,4.18,254,46,0,2,0,"(24, 48]",0.3474646716541978,"(-1, 7]",False,False
CUS0004569,53.0,116.37,10.64,182,63,31,1,0,"(48, 72]",0.091432499785168,"(30, 60]",True,False
CUS0007168,23.0,34.09,1.68,267,77,32,2,1,"(12, 24]",0.04928131416837782,"(30, 60]",False,True
CUS0003492,27.0,18.13,4.99,898,233,12,0,0,"(24, 48]",0.27523441809156096,"(7, 30]",False,False
CUS0005083,10.0,63.08,15.9,358,51,59,0,0,"(6, 12]",0.25206087507926445,"(30, 60]",False,True
CUS0005448,19.0,25.52,0.96,930,176,11,0,0,"(12, 24]",0.03761755485893417,"(7, 30]",False,False
CUS0006639,57.0,55.52662624177525,6.14,464,130,32,5,0,"(48, 72]",0.1105775808035784,"(30, 60]",True,False
CUS0003856,70.0,17.84,6.92,122,247,32,0,0,"(48, 72]",0.38789237668161436,"(30, 60]",False,False
CUS0003373,50.0,51.51,16.44,863,284,31,0,0,"(48, 72]",0.3191613278974957,"(30, 60]",False,True
CUS0005446,25.0,10.24,6.48,735,194,14,3,1,"(24, 48]",0.6328125,"(7, 30]",False,False
CUS0006548,43.0,31.66,9.34,980,283,4,0,0,"(24, 48]",0.2950094756790903,"(-1, 7]",False,True
CUS0002869,28.0,65.14,17.6,559,170,1,0,0,"(24, 48]",0.27018728891618055,"(-1, 7]",False,True
CUS0002671,49.0,19.16,16.32,27,67,4,4,0,"(48, 72]",0.8517745302713987,"(-1, 7]",False,False
CUS0006237,64.0,13.26,11.19,527,135,24,2,0,"(48, 72]",0.8438914027149321,"(7, 30]",False,False
CUS0000281,36.0,105.73,9.53,859,101,2,0,0,"(24, 48]",0.09013525016551592,"(-1, 7]",True,False
CUS0003137,34.0,61.32,2.06,868,45,7,4,0,"(24, 48]",0.03359425962165688,"(-1, 7]",False,True
CUS0002820,8.0,14.13,0.0,401,216,15,3,1,"(6, 12]",0.0,"(7, 30]",False,False
CUS0003978,53.0,22.89,8.0,776,11,0,1,0,"(48, 72]",0.34949759720401924,"(-1, 7]",False,False
CUS0007176,18.0,23.19,7.72,392,165,0,0,0,"(12, 24]",0.3329021129797326,"(-1, 7]",False,False
CUS0000479,72.0,85.46,9.9,573,146,22,4,0,"(48, 72]",0.11584366955300726,"(7, 30]",True,False
CUS0001885,4.0,12.0,2.63,684,78,27,0,0,"(0, 6]",0.21916666666666665,"(7, 30]",False,False
CUS0002253,45.0,43.19,14.81,221,5,47,4,1,"(24, 48]",0.34290344987265575,"(30, 60]",False,True
CUS0000879,50.0,17.29,11.2,568,172,2,0,0,"(48, 72]",0.6477732793522267,"(-1, 7]",False,False
CUS0007227,26.0,68.23,15.22,32,134,72,1,1,"(24, 48]",0.2230690312179393,,False,True
CUS0004453,8.0,19.92,3.11,538,24,23,0,0,"(6, 12]",0.15612449799196784,"(7, 30]",False,False
CUS0007267,54.0,20.2,7.86,484,36,49,0,0,"(48, 72]",0.3891089108910891,"(30, 60]",False,False
CUS0007523,2.0,34.93,17.73,656,165,17,0,0,"(0, 6]",0.5075866017749785,"(7, 30]",False,True
CUS0000893,11.0,17.58,4.86,421,208,69,2,0,"(6, 12]",0.27645051194539255,,False,False
CUS0002792,43.0,43.63885951963101,2.18,984,22,19,2,1,"(24, 48]",0.049955476013742374,"(7, 30]",False,False
CUS0007493,11.0,44.22,6.11,799,186,45,2,1,"(6, 12]",0.13817277250113072,"(30, 60]",False,True
CUS0004615,65.0,23.7,14.45,144,237,24,0,0,"(48, 72]",0.609704641350211,"(7, 30]",False,False
CUS0004564,47.0,45.5,4.78,423,245,10,5,1,"(24, 48]",0.10505494505494506,"(7, 30]",False,True
CUS0006813,63.0,18.69,11.71,384,2,55,1,0,"(48, 72]",0.6265382557517389,"(30, 60]",False,False
CUS0004604,10.0,19.16,14.43,275,127,10,2,0,"(6, 12]",0.7531315240083507,"(7, 30]",False,False
CUS0007693,60.0,13.58,11.16,574,125,15,2,0,"(48, 72]",0.8217967599410898,"(7, 30]",False,False
CUS0006001,11.0,88.49,10.05,200,109,28,0,0,"(6, 12]",0.1135721550457679,"(7, 30]",True,False
CUS0005860,52.0,51.53,8.218195789745577,548,259,19,0,0,"(48, 72]",0.1594837141421614,"(7, 30]",False,True
CUS0006298,38.0,92.62,13.61,776,95,50,0,0,"(24, 48]",0.1469445044266897,"(30, 60]",True,False
CUS0000994,1.0,55.52662624177525,8.01,731,264,79,4,1,"(0, 6]",0.14425511762812102,,False,True
CUS0003172,53.0,47.19,11.04,22,63,34,1,0,"(48, 72]",0.23394787031150666,"(30, 60]",False,True
CUS0007790,53.0,40.82,3.0,790,278,2,0,0,"(48, 72]",0.07349338559529642,"(-1, 7]",False,True
CUS0006867,11.0,26.19,7.1,248,99,80,1,1,"(6, 12]",0.27109583810614735,,False,False
CUS0004056,21.0,18.14,19.86,746,158,29,2,1,"(12, 24]",1.0948180815876516,"(7, 30]",False,False
CUS0004281,4.0,11.14,7.1,163,188,41,2,0,"(0, 6]",0.637342908438061,"(30, 60]",False,False
CUS0002216,9.0,52.59,5.77,366,217,3,0,0,"(6, 12]",0.10971667617417759,"(-1, 7]",False,True
CUS0004492,7.0,15.56,5.74,400,48,8,1,1,"(6, 12]",0.36889460154241643,"(7, 30]",False,False
CUS0001119,32.0,14.18,5.98,598,27,34,0,0,"(24, 48]",0.42172073342736255,"(30, 60]",False,False
CUS0003114,58.0,62.29,0.0,325,160,30,1,0,"(48, 72]",0.0,"(7, 30]",False,True
CUS0007816,45.0,16.49,3.97,875,90,15,0,0,"(24, 48]",0.2407519708914494,"(7, 30]",False,False
CUS0007295,64.0,31.22,11.27,876,228,12,5,0,"(48, 72]",0.3609865470852018,"(7, 30]",False,True
CUS0003394,53.0,96.47,0.0,555,8,48,0,0,"(48, 72]",0.0,"(30, 60]",True,False
CUS0003690,12.0,13.27,4.42,937,141,6,0,0,"(6, 12]",0.3330821401657875,"(-1, 7]",False,False
CUS0002265,28.0,10.7,2.23,56,21,92,0,0,"(24, 48]",0.20841121495327103,,False,False
CUS0007708,20.0,55.52662624177525,16.86,434,152,30,2,0,"(12, 24]",0.30363811276031466,"(7, 30]",False,True
CUS0000172,47.0,22.17,9.15,797,295,29,3,1,"(24, 48]",0.41271989174560214,"(7, 30]",False,False
CUS0004806,26.0,62.03,8.85,943,290,23,0,0,"(24, 48]",0.14267290020957601,"(7, 30]",False,True
CUS0005606,36.0,112.11,13.91,814,41,42,0,0,"(24, 48]",0.12407456961912408,"(30, 60]",True,False
CUS0000297,48.0,41.33,8.7,549,90,50,0,0,"(24, 48]",0.2105008468424873,"(30, 60]",False,True
CUS0005610,71.0,29.0,8.29,356,91,12,8,1,"(48, 72]",0.2858620689655172,"(7, 30]",False,False
CUS0005024,35.0,18.95,8.218195789745577,943,283,14,0,0,"(24, 48]",0.43367787808683783,"(7, 30]",False,False
CUS0001605,20.0,25.94,10.63,816,96,4,0,0,"(12, 24]",0.40979182729375485,"(-1, 7]",False,False
CUS0006983,14.0,47.47,5.17,388,143,28,0,0,"(12, 24]",0.10891089108910891,"(7, 30]",False,True
CUS0003428,46.0,21.27,14.6,551,61,44,0,0,"(24, 48]",0.686412787964269,"(30, 60]",False,False
CUS0006243,71.0,18.37,7.67,691,198,57,3,1,"(48, 72]",0.4175285792052259,"(30, 60]",False,False
CUS0005484,4.0,17.59,8.51,60,134,31,0,0,"(0, 6]",0.48379761227970436,"(30, 60]",False,False
CUS0001948,7.0,99.65,0.0,64,186,6,3,0,"(6, 12]",0.0,"(-1, 7]",True,False
CUS0002448,63.0,23.41,13.91,737,109,29,2,0,"(48, 72]",0.5941905168731312,"(7, 30]",False,False
CUS0003851,20.0,47.34,5.68,961,61,1,0,0,"(12, 24]",0.11998310097169411,"(-1, 7]",False,True
CUS0006238,41.0,22.75,0.0,208,249,24,1,1,"(24, 48]",0.0,"(7, 30]",False,False
CUS0005789,3.0,95.09,13.71,627,187,16,3,0,"(0, 6]",0.14417919865390683,"(7, 30]",True,False
CUS0002774,43.0,105.48,9.59,349,250,26,2,0,"(24, 48]",0.0909177095183921,"(7, 30]",True,False
CUS0001631,63.0,24.62,13.9,775,175,62,0,0,"(48, 72]",0.5645816409423233,,False,False
CUS0001062,69.0,11.64,12.98,316,73,57,0,0,"(48, 72]",1.1151202749140894,"(30, 60]",False,False
CUS0002361,14.0,61.14,8.9,681,135,34,5,0,"(12, 24]",0.14556754988550868,"(30, 60]",False,True
CUS0002172,42.0,20.89,8.26,232,245,32,0,0,"(24, 48]",0.395404499760651,"(30, 60]",False,False
CUS0002147,60.0,103.71,5.56,106,292,93,0,0,"(48, 72]",0.05361103075884678,,True,False
CUS0002682,9.0,55.52662624177525,11.14,898,55,4,1,0,"(6, 12]",0.20062447070877257,"(-1, 7]",False,True
CUS0000961,40.0,21.72,4.04,817,295,14,3,0,"(24, 48]",0.18600368324125233,"(7, 30]",False,False
CUS0003357,54.0,79.68,13.01,961,175,5,0,0,"(48, 72]",0.16327811244979917,"(-1, 7]",True,False
CUS0002267,53.0,10.5,12.22,318,180,18,0,0,"(48, 72]",1.1638095238095238,"(7, 30]",False,False
CUS0000370,33.0,27.91,2.95,506,239,18,2,0,"(24, 48]",0.10569688283769259,"(7, 30]",False,False
CUS0005368,6.0,17.46,5.97,948,191,0,0,0,"(0, 6]",0.3419243986254295,"(-1, 7]",False,False
CUS0004965,72.0,90.09,6.44,968,38,19,2,0,"(48, 72]",0.07148407148407149,"(7, 30]",True,False
CUS0004891,49.0,22.66,14.11,588,34,2,1,0,"(48, 72]",0.6226831421006178,"(-1, 7]",False,False
CUS0002364,16.0,119.19,6.89,201,263,51,8,1,"(12, 24]",0.05780686299186173,"(30, 60]",True,False
CUS0002910,46.0,19.37,15.88,18,240,14,0,0,"(24, 48]",0.8198244708311823,"(7, 30]",False,False
CUS0000411,64.0,68.03,8.218195789745577,214,48,26,0,0,"(48, 72]",0.12080252520572654,"(7, 30]",True,False
CUS0006273,23.0,28.43,0.47,536,184,56,0,0,"(12, 24]",0.016531832571227575,"(30, 60]",False,False
CUS0006518,41.0,112.03,0.0,972,16,1,2,0,"(24, 48]",0.0,"(-1, 7]",True,False
CUS0004711,54.0,61.08,11.38,308,186,12,4,0,"(48, 72]",0.18631303208906355,"(7, 30]",False,True
CUS0000662,30.0,65.26,18.63,842,179,2,5,0,"(24, 48]",0.2854734906527735,"(-1, 7]",False,True
CUS0006027,72.0,55.52662624177525,10.14,407,83,61,3,0,"(48, 72]",0.18261509272773374,,False,True
CUS0006269,67.0,21.86,16.76,508,275,55,0,0,"(48, 72]",0.766697163769442,"(30, 60]",False,False
CUS0007270,1.0,66.5,18.58,939,35,0,3,0,"(0, 6]",0.2793984962406015,"(-1, 7]",False,True
CUS0006038,35.0,13.81,2.33,233,216,3,2,0,"(24, 48]",0.16871832005792903,"(-1, 7]",False,False
CUS0001580,34.0,21.52,0.08,163,65,73,5,1,"(24, 48]",0.003717472118959108,,False,False
CUS0006760,16.0,31.39,12.99,122,4,31,0,0,"(12, 24]",0.41382605925453964,"(30, 60]",False,True
CUS0002288,19.0,22.65,0.0,757,138,60,0,1,"(12, 24]",0.0,"(30, 60]",False,False
CUS0001705,65.0,27.71,13.13,302,70,68,1,0,"(48, 72]",0.4738361602309636,,False,False
CUS0004174,42.0,29.07,9.85,91,6,33,3,0,"(24, 48]",0.33883728930168555,"(30, 60]",False,False
CUS0007707,51.0,11.71,7.05,304,231,12,0,0,"(48, 72]",0.6020495303159692,"(7, 30]",False,False
CUS0001684,48.0,114.45,1.96,680,267,4,0,0,"(24, 48]",0.01712538226299694,"(-1, 7]",True,False
CUS0007721,71.0,27.62,5.44,559,169,13,0,0,"(48, 72]",0.19695872556118754,"(7, 30]",False,False
CUS0005980,15.0,17.23,9.98,630,55,11,3,0,"(12, 24]",0.5792222867092282,"(7, 30]",False,False
CUS0007904,62.0,109.26,14.41,838,125,22,1,0,"(48, 72]",0.13188724144243089,"(7, 30]",True,False
CUS0007071,47.0,29.41,10.17,350,149,10,1,0,"(24, 48]",0.3458007480448827,"(7, 30]",False,False
CUS0006633,23.0,28.63,11.92,71,152,2,0,0,"(12, 24]",0.416346489696123,"(-1, 7]",False,False
CUS0007401,23.0,51.16,8.218195789745577,33,180,10,1,0,"(12, 24]",0.16063713427962428,"(7, 30]",False,True
CUS0002362,50.0,21.44,11.5,276,3,55,0,0,"(48, 72]",0.5363805970149254,"(30, 60]",False,False
CUS0006203,11.0,31.83,3.37,774,226,25,1,1,"(6, 12]",0.10587496072887215,"(7, 30]",False,True
CUS0006636,22.0,24.34,16.19,776,116,10,0,0,"(12, 24]",0.6651602300739524,"(7, 30]",False,False
CUS0007245,43.0,81.92,20.4,61,182,41,3,0,"(24, 48]",0.24902343749999997,"(30, 60]",True,False
CUS0000113,41.0,20.76,6.98,785,201,22,0,0,"(24, 48]",0.33622350674373797,"(7, 30]",False,False
CUS0002513,70.0,66.97,3.79,218,106,28,0,0,"(48, 72]",0.05659250410631626,"(7, 30]",False,True
CUS0006182,25.0,18.13,3.65,752,10,30,1,0,"(24, 48]",0.2013237727523442,"(7, 30]",False,False
CUS0004754,70.0,28.55,0.42,122,109,39,0,0,"(48, 72]",0.014711033274956216,"(30, 60]",False,False
CUS0004370,41.0,55.52662624177525,8.218195789745577,888,213,3,0,0,"(24, 48]",0.14800459429971002,"(-1, 7]",False,False
CUS0004581,37.0,30.66,9.19,433,165,6,0,0,"(24, 48]",0.2997390737116764,"(-1, 7]",False,True
CUS0005200,54.0,11.01,0.0,981,120,60,1,0,"(48, 72]",0.0,"(30, 60]",False,False
CUS0007751,27.0,92.02,14.63,148,211,24,0,0,"(24, 48]",0.15898717670071724,"(7, 30]",True,False
CUS0004639,59.0,27.74,7.73,13,244,9,0,0,"(48, 72]",0.2786589762076424,"(7, 30]",False,False
CUS0007515,45.0,83.5,11.72,826,205,39,0,1,"(24, 48]",0.14035928143712575,"(30, 60]",True,False
CUS0000780,19.0,26.97,5.76,933,230,39,1,0,"(12, 24]",0.2135706340378198,"(30, 60]",False,False
CUS0006268,9.0,21.21,15.42,879,17,12,0,0,"(6, 12]",0.727015558698727,"(7, 30]",False,False
CUS0002343,41.0,15.47,17.09,766,234,27,2,0,"(24, 48]",1.1047188106011634,"(7, 30]",False,False
CUS0001406,40.0,33.93,0.0,306,253,11,2,0,"(24, 48]",0.0,"(7, 30]",False,True
CUS0002949,30.0,35.28,11.21,23,296,34,2,0,"(24, 48]",0.31774376417233563,"(30, 60]",False,True
CUS0005784,13.0,55.52662624177525,16.48,514,139,27,3,0,"(12, 24]",0.2967945491275199,"(7, 30]",False,False
CUS0007525,61.0,10.93,16.06,181,248,77,5,0,"(48, 72]",1.4693504117108873,,False,False
CUS0006637,36.0,60.84,0.0,576,112,5,1,0,"(24, 48]",0.0,"(-1, 7]",False,True
CUS0003855,62.0,19.48,8.218195789745577,246,250,2,6,1,"(48, 72]",0.4218786339705122,"(-1, 7]",False,False
CUS0007442,72.0,20.05,9.4,354,241,9,0,0,"(48, 72]",0.4688279301745636,"(7, 30]",False,False
CUS0001113,37.0,20.01,4.88,855,234,48,0,0,"(24, 48]",0.24387806096951523,"(30, 60]",False,False
CUS0001650,72.0,94.05,5.17,194,91,66,0,0,"(48, 72]",0.05497076023391813,,True,False
CUS0001488,30.0,65.96,1.97,652,148,63,0,0,"(24, 48]",0.029866585809581566,,False,True
CUS0002900,16.0,48.55,12.86,343,237,62,0,0,"(12, 24]",0.2648815653964985,,False,True
CUS0006110,51.0,88.85,2.99,270,111,28,6,1,"(48, 72]",0.033652222847495784,"(7, 30]",True,False
CUS0004339,70.0,17.35,8.58,59,255,47,2,0,"(48, 72]",0.4945244956772334,"(30, 60]",False,False
CUS0007124,57.0,14.99,11.96,502,92,24,0,0,"(48, 72]",0.7978652434956638,"(7, 30]",False,False
CUS0005708,31.0,23.3,5.14,158,56,48,1,0,"(24, 48]",0.22060085836909868,"(30, 60]",False,False
CUS0005085,68.0,66.2,5.76,595,229,36,6,1,"(48, 72]",0.08700906344410876,"(30, 60]",False,True
CUS0001613,69.0,23.89,2.35,319,140,14,3,0,"(48, 72]",0.09836751778987024,"(7, 30]",False,False
CUS0000681,57.0,14.38,11.67,974,80,91,0,0,"(48, 72]",0.8115438108484005,,False,False
CUS0007945,31.0,62.4,7.88,749,197,29,0,0,"(24, 48]",0.12628205128205128,"(7, 30]",True,False
CUS0007823,52.0,11.45,15.18,231,271,34,0,0,"(48, 72]",1.325764192139738,"(30, 60]",False,False
CUS0003104,50.0,18.21,5.09,1000,61,46,0,0,"(48, 72]",0.27951674903898954,"(30, 60]",False,False
CUS0001010,52.0,20.8,11.95,166,116,40,0,0,"(48, 72]",0.5745192307692307,"(30, 60]",False,False
CUS0007971,62.0,72.86,7.14,785,31,6,4,0,"(48, 72]",0.09799615701345045,"(-1, 7]",True,False
CUS0000332,68.0,37.68,0.0,724,224,0,0,0,"(48, 72]",0.0,"(-1, 7]",False,True
CUS0006879,30.0,67.55,6.94,661,118,6,0,0,"(24, 48]",0.10273871206513695,"(-1, 7]",False,True
CUS0006452,9.0,55.52662624177525,8.72,909,275,40,0,0,"(6, 12]",0.1570417759946586,"(30, 60]",False,True
CUS0002047,16.0,65.36,8.218195789745577,722,82,45,0,0,"(12, 24]",0.12573738968398987,"(30, 60]",False,True
CUS0004691,57.0,18.37,13.34,244,153,2,0,0,"(48, 72]",0.7261839956450734,"(-1, 7]",False,False
CUS0007424,6.0,93.54,11.1,164,1,21,1,1,"(0, 6]",0.11866581141757536,"(7, 30]",True,False
CUS0000865,43.0,17.27,6.23,172,34,15,2,0,"(24, 48]",0.36074116965836717,"(7, 30]",False,False
CUS0007449,22.0,21.67,5.21,364,64,5,1,0,"(12, 24]",0.2404245500692201,"(-1, 7]",False,False
CUS0004342,68.0,67.07,4.06,692,124,21,3,0,"(48, 72]",0.06053377068734159,"(7, 30]",True,False
CUS0003871,37.0,14.98,8.64,507,18,2,0,0,"(24, 48]",0.5767690253671562,"(-1, 7]",False,False
CUS0006742,4.0,27.22,11.54,690,185,17,0,1,"(0, 6]",0.4239529757531227,"(7, 30]",False,False
CUS0002786,10.0,17.4,3.56,1,66,8,2,0,"(6, 12]",0.2045977011494253,"(7, 30]",False,False
CUS0001875,53.0,27.78,13.58,13,243,15,2,0,"(48, 72]",0.4888408927285817,"(7, 30]",False,False
CUS0003159,54.0,33.52,3.77,620,249,49,0,1,"(48, 72]",0.11247016706443913,"(30, 60]",False,True
CUS0000819,71.0,90.65,17.94,144,23,28,2,0,"(48, 72]",0.19790402647545505,"(7, 30]",True,False
CUS0005569,23.0,46.86,2.82,936,116,5,1,0,"(12, 24]",0.06017925736235595,"(-1, 7]",False,True
CUS0006397,63.0,36.1,10.08,4,21,2,4,0,"(48, 72]",0.2792243767313019,"(-1, 7]",False,True
CUS0000320,18.0,102.25,8.75,44,24,9,5,1,"(12, 24]",0.08557457212713937,"(7, 30]",True,False
CUS0007141,68.0,17.87,15.87,664,73,45,3,0,"(48, 72]",0.8880805819809736,"(30, 60]",False,False
CUS0001574,26.0,21.27,13.7,172,144,14,0,0,"(24, 48]",0.6440996708979784,"(7, 30]",False,False
CUS0000399,28.0,26.85,8.56,493,6,26,0,1,"(24, 48]",0.31880819366852886,"(7, 30]",False,False
CUS0002100,8.0,55.52662624177525,10.19,935,6,21,0,0,"(6, 12]",0.18351556162678567,"(7, 30]",False,True
CUS0004570,10.0,11.05,6.74,175,47,15,0,0,"(6, 12]",0.6099547511312217,"(7, 30]",False,False
CUS0006305,10.0,95.48,11.61,39,74,18,2,0,"(6, 12]",0.12159614578969416,"(7, 30]",True,False
CUS0005490,15.0,25.88,0.86,230,250,5,0,1,"(12, 24]",0.03323029366306028,"(-1, 7]",False,False
CUS0000920,37.0,28.58,9.38,513,227,19,0,0,"(24, 48]",0.32820153953813863,"(7, 30]",False,False
CUS0001274,6.0,25.76,18.06,492,286,15,3,1,"(0, 6]",0.701086956521739,"(7, 30]",False,False
CUS0003193,5.0,13.61,12.51,330,245,84,1,0,"(0, 6]",0.9191770756796473,,False,False
CUS0004811,56.0,28.39,17.16,453,114,54,4,0,"(48, 72]",0.6044381824586121,"(30, 60]",False,False
CUS0005452,47.0,25.49,9.65,592,38,42,0,0,"(24, 48]",0.3785798352295018,"(30, 60]",False,False
CUS0000234,69.0,56.0,10.5,466,89,36,0,0,"(48, 72]",0.1875,"(30, 60]",False,True
CUS0005465,64.0,69.31,6.8,349,293,23,0,0,"(48, 72]",0.09810994084547683,"(7, 30]",False,True
CUS0000569,27.0,37.11,6.1,840,3,5,0,0,"(24, 48]",0.1643761789275128,"(-1, 7]",False,True
CUS0002950,26.0,55.3,7.71,824,60,12,0,0,"(24, 48]",0.13942133815551538,"(7, 30]",False,True
CUS0002250,9.0,27.52,14.94,221,54,45,0,1,"(6, 12]",0.5428779069767442,"(30, 60]",False,False
CUS0007097,60.0,10.53,0.0,727,282,72,1,1,"(48, 72]",0.0,,False,False
CUS0005994,45.0,108.3,7.68,741,20,50,0,0,"(24, 48]",0.07091412742382272,"(30, 60]",True,False
CUS0006329,46.0,74.92,14.05,360,136,2,0,0,"(24, 48]",0.18753336892685532,"(-1, 7]",True,False
CUS0005675,55.0,94.24,14.19,447,202,14,0,0,"(48, 72]",0.15057300509337862,"(7, 30]",True,False
CUS0002367,36.0,47.27,10.55,89,18,47,0,0,"(24, 48]",0.22318595303575206,"(30, 60]",False,True
CUS0001272,58.0,12.54,18.6,248,136,13,2,0,"(48, 72]",1.4832535885167466,"(7, 30]",False,False
CUS0001735,22.0,45.03,7.23,313,68,26,0,1,"(12, 24]",0.16055962691538975,"(7, 30]",False,True
CUS0006188,48.0,28.47,10.01,193,55,31,0,0,"(24, 48]",0.3515981735159817,"(30, 60]",False,False
CUS0002078,15.0,14.63,2.38,57,213,41,0,0,"(12, 24]",0.16267942583732056,"(30, 60]",False,False
CUS0007003,19.0,57.42,4.12,269,168,14,2,0,"(12, 24]",0.07175200278648554,"(7, 30]",False,True
CUS0004994,25.0,11.46,0.0,460,236,0,0,0,"(24, 48]",0.0,"(-1, 7]",False,False
CUS0000031,2.0,18.44,10.49,635,246,8,1,0,"(0, 6]",0.5688720173535792,"(7, 30]",False,False
CUS0004918,4.0,95.3,4.14,535,135,34,1,0,"(0, 6]",0.043441762854144805,"(30, 60]",True,False
CUS0004593,52.0,12.19,0.0,796,4,35,3,0,"(48, 72]",0.0,"(30, 60]",False,False
CUS0000904,8.0,53.58,15.96,520,201,48,3,0,"(6, 12]",0.29787234042553196,"(30, 60]",False,True
CUS0001484,14.0,23.74,6.86,776,16,20,0,0,"(12, 24]",0.28896377422072456,"(7, 30]",False,False
CUS0004638,19.0,29.92,9.19,56,99,16,1,1,"(12, 24]",0.3071524064171123,"(7, 30]",False,False
CUS0003197,72.0,12.44,13.42,48,190,15,0,0,"(48, 72]",1.0787781350482315,"(7, 30]",False,False
CUS0007534,66.0,68.9,19.64,485,175,21,0,0,"(48, 72]",0.2850507982583454,"(7, 30]",False,True
CUS0007504,43.0,35.0,0.0,306,292,58,0,0,"(24, 48]",0.0,"(30, 60]",False,True
CUS0002863,9.0,17.84,5.31,662,243,51,2,1,"(6, 12]",0.2976457399103139,"(30, 60]",False,False
CUS0007621,65.0,110.17,1.99,100,197,26,2,0,"(48, 72]",0.01806299355541436,"(7, 30]",True,False
CUS0001542,59.0,13.01,8.218195789745577,915,49,19,2,0,"(48, 72]",0.631682996905886,"(7, 30]",False,False
CUS0006592,2.0,25.28,9.54,722,33,4,0,1,"(0, 6]",0.37737341772151894,"(-1, 7]",False,False
CUS0002390,50.0,24.72,0.0,746,182,7,0,0,"(48, 72]",0.0,"(-1, 7]",False,False
CUS0007893,50.0,51.11,7.33,757,30,19,0,0,"(48, 72]",0.14341616122089612,"(7, 30]",False,True
CUS0006124,1.0,22.57,12.63,521,95,46,4,1,"(0, 6]",0.5595923792645104,"(30, 60]",False,False
CUS0002548,38.0,52.21,9.48,802,213,38,2,0,"(24, 48]",0.1815744110323693,"(30, 60]",False,True
CUS0007043,13.0,11.05,16.04,150,10,0,1,0,"(12, 24]",1.4515837104072395,"(-1, 7]",False,False
CUS0007211,28.0,66.08,20.41,171,231,25,0,0,"(24, 48]",0.3088680387409201,"(7, 30]",True,False
CUS0003382,52.0,15.39,5.32,212,216,12,1,0,"(48, 72]",0.345679012345679,"(7, 30]",False,False
CUS0007581,14.0,99.14,0.0,719,300,40,6,1,"(12, 24]",0.0,"(30, 60]",True,False
CUS0001354,23.0,20.04,5.19,61,142,4,0,0,"(12, 24]",0.25898203592814373,"(-1, 7]",False,False
CUS0003614,62.0,10.8,4.13,681,116,13,0,0,"(48, 72]",0.38240740740740736,"(7, 30]",False,False
CUS0000596,60.0,48.94,17.14,919,104,22,3,0,"(48, 72]",0.3502247650183899,"(7, 30]",False,True
CUS0007293,20.0,42.83,8.218195789745577,899,281,10,2,0,"(12, 24]",0.1918794253968148,"(7, 30]",False,True
CUS0005348,28.0,27.23,2.96,647,232,39,0,1,"(24, 48]",0.10870363569592362,"(30, 60]",False,False
CUS0005842,30.0,15.47,0.0,657,149,38,0,0,"(24, 48]",0.0,"(30, 60]",False,False
CUS0006715,52.0,99.38,0.97,168,179,46,1,0,"(48, 72]",0.009760515194204065,"(30, 60]",True,False
CUS0002046,19.0,67.19,16.36,731,124,33,0,0,"(12, 24]",0.24348861437713945,"(30, 60]",False,True
CUS0006790,16.0,31.97,8.218195789745577,125,277,60,1,0,"(12, 24]",0.2570596118156264,"(30, 60]",False,True
CUS0005925,68.0,16.92,0.0,103,125,10,4,1,"(48, 72]",0.0,"(7, 30]",False,False
CUS0007068,38.0,55.52662624177525,3.72,524,271,37,1,0,"(24, 48]",0.06699488608946445,"(30, 60]",False,False
CUS0002116,15.0,10.22,9.8,512,208,31,1,0,"(12, 24]",0.9589041095890412,"(30, 60]",False,False
CUS0004274,66.0,76.97,0.0,25,104,18,0,0,"(48, 72]",0.0,"(7, 30]",True,False
CUS0004574,29.0,63.42,8.218195789745577,93,132,46,0,1,"(24, 48]",0.12958366114389117,"(30, 60]",False,True
CUS0006858,25.0,12.54,6.88,86,223,14,0,0,"(24, 48]",0.5486443381180224,"(7, 30]",False,False
CUS0004194,72.0,96.56,8.218195789745577,892,109,45,1,0,"(48, 72]",0.08510973270241898,"(30, 60]",True,False
CUS0006407,48.0,65.44,12.91,632,179,17,3,0,"(24, 48]",0.19727995110024452,"(7, 30]",False,True
CUS0000508,3.0,116.61,11.18,833,39,51,1,1,"(0, 6]",0.09587513935340022,"(30, 60]",True,False
CUS0004197,31.0,36.28,12.12,140,298,35,1,0,"(24, 48]",0.33406835722160966,"(30, 60]",False,True
CUS0002525,55.0,28.99,10.34,709,6,17,4,1,"(48, 72]",0.35667471541911006,"(7, 30]",False,False
CUS0002797,53.0,25.91,9.6,74,218,40,0,0,"(48, 72]",0.3705133153222694,"(30, 60]",False,False
CUS0004155,45.0,55.52662624177525,9.92,356,138,24,1,0,"(24, 48]",0.17865302957190518,"(7, 30]",False,False
CUS0005220,16.0,18.21,1.37,617,259,43,2,1,"(12, 24]",0.07523338824821527,"(30, 60]",False,False
CUS0001148,66.0,109.48,1.8,309,63,6,1,0,"(48, 72]",0.016441359152356595,"(-1, 7]",True,False
CUS0000927,35.0,97.25,1.99,701,107,44,2,1,"(24, 48]",0.02046272493573265,"(30, 60]",True,False
CUS0002968,11.0,90.12,4.58,436,92,9,0,0,"(6, 12]",0.050821127385707945,"(7, 30]",True,False
CUS0000628,40.0,84.57,3.37,169,107,3,1,0,"(24, 48]",0.0398486460919948,"(-1, 7]",True,False
CUS0006957,67.0,24.61,4.11,387,214,55,0,0,"(48, 72]",0.16700528240552623,"(30, 60]",False,False
CUS0001708,20.0,68.27,13.08,846,80,9,7,1,"(12, 24]",0.19159220741174748,"(7, 30]",False,True
CUS0005431,21.0,50.64,3.39,395,193,46,0,1,"(12, 24]",0.0669431279620853,"(30, 60]",False,True
CUS0006594,62.0,55.52662624177525,9.25,638,72,10,0,0,"(48, 72]",0.16658674632460918,"(7, 30]",True,False
CUS0004160,38.0,83.16,13.08,326,209,8,4,0,"(24, 48]",0.15728715728715728,"(7, 30]",True,False
CUS0003211,59.0,36.94,12.3,477,175,56,3,0,"(48, 72]",0.33297238765565784,"(30, 60]",False,True
CUS0001982,17.0,112.17,5.36,656,246,39,4,0,"(12, 24]",0.04778461264152626,"(30, 60]",True,False
CUS0000667,40.0,55.52662624177525,18.0,802,25,12,1,1,"(24, 48]",0.32416880365869893,"(7, 30]",False,False
CUS0007279,62.0,94.46,10.52,153,274,1,0,0,"(48, 72]",0.11136989201778531,"(-1, 7]",True,False
CUS0004529,37.0,13.03,7.92,737,163,53,3,1,"(24, 48]",0.6078280890253261,"(30, 60]",False,False
CUS0001915,67.0,13.78,7.6,425,153,53,3,0,"(48, 72]",0.5515239477503628,"(30, 60]",False,False
CUS0000512,47.0,19.04,15.24,673,59,3,1,0,"(24, 48]",0.8004201680672269,"(-1, 7]",False,False
CUS0000364,61.0,43.4,10.62,115,201,28,0,1,"(48, 72]",0.24470046082949307,"(7, 30]",False,True
CUS0004749,47.0,55.43,9.96,831,192,9,0,0,"(24, 48]",0.1796860905646762,"(7, 30]",False,True
CUS0004985,52.0,97.1,9.06,340,3,17,3,0,"(48, 72]",0.09330587023686922,"(7, 30]",True,False
CUS0002623,21.0,26.66,6.1,111,201,5,0,0,"(12, 24]",0.2288072018004501,"(-1, 7]",False,False
CUS0007860,23.0,25.42,16.03,41,104,9,8,0,"(12, 24]",0.6306058221872541,"(7, 30]",False,False
CUS0000753,66.0,65.43,0.0,50,41,40,8,0,"(48, 72]",0.0,"(30, 60]",False,True
CUS0005268,39.0,17.93,11.98,193,244,30,0,0,"(24, 48]",0.668153931957613,"(7, 30]",False,False
CUS0002284,3.0,35.7,0.3,695,273,4,2,0,"(0, 6]",0.008403361344537815,"(-1, 7]",False,True
CUS0001091,60.0,16.75,6.78,57,170,7,4,0,"(48, 72]",0.4047761194029851,"(-1, 7]",False,False
CUS0003371,22.0,18.75,20.51,262,236,13,0,0,"(12, 24]",1.0938666666666668,"(7, 30]",False,False
CUS0001622,10.0,27.1,8.24,371,123,11,0,1,"(6, 12]",0.3040590405904059,"(7, 30]",False,False
CUS0004518,69.0,18.81,7.92,780,92,24,3,0,"(48, 72]",0.4210526315789474,"(7, 30]",False,False
CUS0005972,40.0,77.1,2.96,700,99,5,3,0,"(24, 48]",0.0383916990920882,"(-1, 7]",True,False
CUS0007912,13.0,115.98,11.78,119,76,0,2,0,"(12, 24]",0.10156923607518537,"(-1, 7]",True,False
CUS0006195,21.0,55.89,9.64,255,167,23,4,1,"(12, 24]",0.17248166040436572,"(7, 30]",False,True
CUS0006530,62.0,62.41,11.68,811,272,48,2,0,"(48, 72]",0.1871494952731934,"(30, 60]",True,False
CUS0005494,3.0,13.51,1.32,998,120,16,1,0,"(0, 6]",0.09770540340488527,"(7, 30]",False,False
CUS0004400,29.0,51.87,5.16,769,287,17,1,0,"(24, 48]",0.09947946790052054,"(7, 30]",False,True
CUS0002338,9.0,21.94,11.55,636,60,8,0,0,"(6, 12]",0.5264357338195077,"(7, 30]",False,False
CUS0001475,39.0,18.55,8.218195789745577,640,89,1,1,0,"(24, 48]",0.4430294226277939,"(-1, 7]",False,False
CUS0004499,45.0,19.79,7.38,924,38,28,1,0,"(24, 48]",0.37291561394643763,"(7, 30]",False,False
CUS0004837,21.0,15.08,9.89,641,256,20,0,0,"(12, 24]",0.6558355437665783,"(7, 30]",False,False
CUS0007314,54.0,104.41,6.92,493,244,31,3,0,"(48, 72]",0.06627717651565943,"(30, 60]",True,False
CUS0000952,51.0,61.36,0.0,421,10,14,0,0,"(48, 72]",0.0,"(7, 30]",False,True
CUS0003805,70.0,117.3,0.0,968,279,48,0,0,"(48, 72]",0.0,"(30, 60]",True,False
CUS0004731,24.0,25.32,12.52,275,299,66,1,0,"(12, 24]",0.49447077409162715,,False,False
CUS0002024,64.0,26.58,8.45,678,99,33,3,0,"(48, 72]",0.31790820165538,"(30, 60]",False,False
CUS0002938,31.0,26.41,13.21,894,230,5,2,0,"(24, 48]",0.5001893222264294,"(-1, 7]",False,False
CUS0004790,64.0,47.26,12.04,282,116,48,1,0,"(48, 72]",0.25476089716462125,"(30, 60]",False,True
CUS0002829,40.0,84.4,14.39,63,278,5,1,0,"(24, 48]",0.17049763033175355,"(-1, 7]",True,False
CUS0003881,46.0,20.05,3.71,669,118,6,0,0,"(24, 48]",0.18503740648379052,"(-1, 7]",False,False
CUS0000729,11.0,17.56,19.01,445,295,14,0,1,"(6, 12]",1.0825740318906607,"(7, 30]",False,False
CUS0006008,62.0,11.59,9.1,336,90,39,0,0,"(48, 72]",0.7851596203623813,"(30, 60]",False,False
CUS0003042,60.0,119.86,2.12,741,182,18,5,0,"(48, 72]",0.017687301852160855,"(7, 30]",True,False
CUS0005201,6.0,15.08,7.63,726,28,14,0,0,"(0, 6]",0.5059681697612732,"(7, 30]",False,False
CUS0002342,17.0,14.17,4.17,969,1,5,3,0,"(12, 24]",0.29428369795342274,"(-1, 7]",False,False
CUS0006969,2.0,50.54,0.63,574,237,31,0,0,"(0, 6]",0.012465373961218837,"(30, 60]",False,True
CUS0001686,23.0,17.26,4.4,574,296,40,4,1,"(12, 24]",0.2549246813441483,"(30, 60]",False,False
CUS0005824,67.0,67.92,0.0,522,248,47,0,0,"(48, 72]",0.0,"(30, 60]",True,False
CUS0004829,33.0,11.9,16.37,294,188,32,1,0,"(24, 48]",1.3756302521008403,"(30, 60]",False,False
CUS0005167,40.0,55.52662624177525,7.2,6,58,1,6,0,"(24, 48]",0.12966752146347957,"(-1, 7]",False,False
CUS0006624,9.0,59.29,16.16,550,87,30,2,0,"(6, 12]",0.2725586102209479,"(7, 30]",False,True
CUS0003757,53.0,115.86,1.01,218,212,23,0,0,"(48, 72]",0.00871741757293285,"(7, 30]",True,False
CUS0006509,72.0,79.2,11.74,316,158,5,0,0,"(48, 72]",0.14823232323232324,"(-1, 7]",True,False
CUS0006283,23.0,59.45,10.11,136,134,30,2,0,"(12, 24]",0.17005887300252312,"(7, 30]",False,True
CUS0005133,1.0,70.0,12.94,996,151,24,0,0,"(0, 6]",0.18485714285714286,"(7, 30]",True,False
CUS0004418,42.0,107.97,0.0,952,237,22,1,0,"(24, 48]",0.0,"(7, 30]",True,False
CUS0003171,28.0,58.09,11.3,125,71,45,0,1,"(24, 48]",0.1945257359270098,"(30, 60]",False,True
CUS0004992,18.0,66.47,11.65,156,107,22,0,0,"(12, 24]",0.17526703776139613,"(7, 30]",True,False
CUS0000945,33.0,27.13,0.0,278,236,13,2,1,"(24, 48]",0.0,"(7, 30]",False,False
CUS0004634,26.0,72.48,7.79,899,59,10,3,0,"(24, 48]",0.10747792494481236,"(7, 30]",True,False
CUS0005010,4.0,10.34,9.25,910,218,37,6,1,"(0, 6]",0.8945841392649904,"(30, 60]",False,False
CUS0005418,15.0,12.67,0.58,646,197,12,1,0,"(12, 24]",0.0457774269928966,"(7, 30]",False,False
CUS0004530,19.0,55.52662624177525,8.89,710,144,6,0,0,"(12, 24]",0.1601033702514352,"(-1, 7]",False,False
CUS0006784,35.0,26.41,2.45,628,197,0,0,0,"(24, 48]",0.09276789095039759,"(-1, 7]",False,False
CUS0001834,5.0,45.99,0.0,635,267,78,2,1,"(0, 6]",0.0,,False,True
CUS0003121,1.0,28.36,9.0,587,291,39,0,0,"(0, 6]",0.31734837799717913,"(30, 60]",False,False
CUS0005992,15.0,16.21,7.87,641,87,21,0,0,"(12, 24]",0.4855027760641579,"(7, 30]",False,False
CUS0003101,54.0,10.06,2.87,820,110,8,2,0,"(48, 72]",0.2852882703777336,"(7, 30]",False,False
CUS0006654,51.0,71.09,4.17,488,85,17,1,0,"(48, 72]",0.0586580391053594,"(7, 30]",True,False
CUS0002895,15.0,97.17,0.0,201,163,67,5,1,"(12, 24]",0.0,,True,False
CUS0007303,29.0,21.36,8.12,658,105,31,1,0,"(24, 48]",0.3801498127340824,"(30, 60]",False,False
CUS0000463,7.0,24.0,11.45,91,191,69,1,0,"(6, 12]",0.4770833333333333,,False,False
CUS0004730,8.0,23.92,6.57,836,203,43,2,1,"(6, 12]",0.2746655518394649,"(30, 60]",False,False
CUS0006773,13.0,55.52662624177525,5.09,833,145,10,0,0,"(12, 24]",0.09166773392348763,"(7, 30]",False,False
CUS0005710,18.0,61.04,3.53,826,249,5,0,0,"(12, 24]",0.057830930537352554,"(-1, 7]",False,True
CUS0002788,61.0,68.01,3.59,750,76,3,0,0,"(48, 72]",0.05278635494780179,"(-1, 7]",False,True
CUS0004048,21.0,62.65,11.91,12,189,10,7,0,"(12, 24]",0.19010375099760576,"(7, 30]",False,True
CUS0007810,2.0,25.58,3.27,554,40,16,5,1,"(0, 6]",0.12783424550430025,"(7, 30]",False,False
CUS0003234,34.0,18.22,1.7,464,59,14,1,1,"(24, 48]",0.0933040614709111,"(7, 30]",False,False
CUS0000452,29.0,14.19,2.71,670,213,2,1,0,"(24, 48]",0.19097956307258634,"(-1, 7]",False,False
CUS0007614,9.0,16.0,11.97,21,89,5,0,0,"(6, 12]",0.748125,"(-1, 7]",False,False
CUS0002561,28.0,30.31,9.82,346,140,17,0,1,"(24, 48]",0.3239854833388321,"(7, 30]",False,True
CUS0006902,52.0,65.46,1.11,399,83,25,1,0,"(48, 72]",0.016956920256645282,"(7, 30]",True,False
CUS0007020,22.0,55.09,3.2,547,106,34,3,0,"(12, 24]",0.058086767108368124,"(30, 60]",False,True
CUS0002894,8.0,30.5,10.61,750,139,5,1,0,"(6, 12]",0.3478688524590164,"(-1, 7]",False,True
CUS0006042,36.0,24.06,13.58,285,227,52,4,1,"(24, 48]",0.5644222776392352,"(30, 60]",False,False
CUS0003854,53.0,12.0,0.0,521,139,71,6,1,"(48, 72]",0.0,,False,False
CUS0004957,49.0,71.91,9.09,706,160,13,3,0,"(48, 72]",0.12640801001251564,"(7, 30]",True,False
CUS0005012,37.0,18.32,3.51,316,57,44,0,1,"(24, 48]",0.19159388646288208,"(30, 60]",False,False
CUS0001559,21.0,27.08,5.89,509,91,6,8,1,"(12, 24]",0.21750369276218612,"(-1, 7]",False,False
CUS0000012,72.0,24.17,7.57,806,215,34,0,0,"(48, 72]",0.3131981795614398,"(30, 60]",False,False
CUS0005114,30.0,108.4,2.65,667,238,23,4,0,"(24, 48]",0.024446494464944648,"(7, 30]",True,False
CUS0006651,54.0,18.7,9.32,969,127,42,4,0,"(48, 72]",0.4983957219251337,"(30, 60]",False,False
CUS0005975,69.0,56.2,10.36,69,160,40,0,0,"(48, 72]",0.18434163701067613,"(30, 60]",False,True
CUS0001652,29.0,78.09,4.24,374,75,15,0,0,"(24, 48]",0.05429632475348956,"(7, 30]",True,False
CUS0007253,51.0,21.93,2.25,211,12,65,0,0,"(48, 72]",0.10259917920656635,,False,False
CUS0005850,21.0,24.73,5.11,566,159,24,3,1,"(12, 24]",0.20663162151233322,"(7, 30]",False,False
CUS0007311,6.0,25.52,10.45,988,8,20,3,1,"(0, 6]",0.4094827586206896,"(7, 30]",False,False
CUS0005878,24.0,23.0,7.48,43,144,31,1,0,"(12, 24]",0.32521739130434785,"(30, 60]",False,False
CUS0000443,39.0,65.69,6.63,597,297,72,0,0,"(24, 48]",0.10092860404932258,,False,True
CUS0007779,66.0,55.13,7.98,186,87,16,0,0,"(48, 72]",0.14474877562125885,"(7, 30]",False,True
CUS0003554,5.0,29.8,4.29,379,296,14,1,0,"(0, 6]",0.14395973154362415,"(7, 30]",False,False
CUS0007163,69.0,29.15,7.71,1,0,26,1,0,"(48, 72]",0.26449399656946826,"(7, 30]",False,False
CUS0007637,9.0,11.46,9.08,449,5,19,7,1,"(6, 12]",0.7923211169284468,"(7, 30]",False,False
CUS0005292,71.0,11.76,5.39,898,243,12,0,0,"(48, 72]",0.4583333333333333,"(7, 30]",False,False
CUS0003903,28.0,42.29,14.99,743,206,68,3,1,"(24, 48]",0.3544573185150154,,False,True
CUS0006517,19.0,34.62,19.98,944,167,52,0,0,"(12, 24]",0.5771230502599654,"(30, 60]",False,True
CUS0003430,65.0,45.69,9.87,324,133,36,0,0,"(48, 72]",0.2160210111621799,"(30, 60]",False,True
CUS0002441,54.0,10.08,14.06,921,70,9,1,0,"(48, 72]",1.3948412698412698,"(7, 30]",False,False
CUS0000431,43.0,62.71,13.72,419,183,9,0,0,"(24, 48]",0.2187848827938128,"(7, 30]",False,True
CUS0000186,63.0,68.47,16.48,654,20,25,0,1,"(48, 72]",0.24068935300131444,"(7, 30]",False,True
CUS0001800,52.0,19.4,15.9,711,240,2,3,0,"(48, 72]",0.8195876288659795,"(-1, 7]",False,False
CUS0004785,64.0,17.73,7.74,260,250,45,1,0,"(48, 72]",0.4365482233502538,"(30, 60]",False,False
CUS0007469,25.0,12.47,8.11,729,50,28,3,1,"(24, 48]",0.6503608660785886,"(7, 30]",False,False
CUS0002356,2.0,55.8,4.01,883,121,34,0,1,"(0, 6]",0.07186379928315412,"(30, 60]",False,True
CUS0000656,59.0,55.52662624177525,10.27,341,156,40,5,0,"(48, 72]",0.18495631186526879,"(30, 60]",False,False
CUS0007199,65.0,43.63885951963101,7.16,639,92,26,0,0,"(48, 72]",0.1640739487423832,"(7, 30]",False,False
CUS0003521,36.0,101.85,8.27,394,124,60,0,0,"(24, 48]",0.08119783996072656,"(30, 60]",True,False
CUS0006157,68.0,67.84,3.9,915,206,59,1,0,"(48, 72]",0.05748820754716981,"(30, 60]",False,True
CUS0001451,43.0,20.83,5.46,273,124,51,0,0,"(24, 48]",0.26212193951032164,"(30, 60]",False,False
CUS0002576,38.0,47.35,8.218195789745577,587,205,19,1,0,"(24, 48]",0.1735627410717123,"(7, 30]",False,True
CUS0004515,16.0,29.43,0.0,494,205,55,0,0,"(12, 24]",0.0,"(30, 60]",False,False
CUS0007466,42.0,12.45,13.44,869,50,14,3,0,"(24, 48]",1.0795180722891566,"(7, 30]",False,False
CUS0004752,50.0,28.92,4.38,394,272,19,4,1,"(48, 72]",0.15145228215767634,"(7, 30]",False,False
CUS0004449,21.0,22.32,10.43,344,255,66,0,1,"(12, 24]",0.4672939068100358,,False,False
CUS0003981,25.0,73.16,7.17,143,271,0,2,0,"(24, 48]",0.09800437397484965,"(-1, 7]",True,False
CUS0007764,72.0,62.21,5.09,436,270,14,0,0,"(48, 72]",0.08181964314418903,"(7, 30]",False,True
CUS0004476,66.0,82.39,10.95,499,30,3,0,0,"(48, 72]",0.1329044786988712,"(-1, 7]",True,False
CUS0007832,23.0,62.48,8.218195789745577,45,222,5,4,0,"(12, 24]",0.1315332232673748,"(-1, 7]",False,True
CUS0007239,32.0,41.14,16.51,990,267,48,1,0,"(24, 48]",0.4013125911521634,"(30, 60]",False,True
CUS0002604,69.0,12.33,0.0,145,160,15,0,1,"(48, 72]",0.0,"(7, 30]",False,False
CUS0002255,57.0,57.62,0.0,264,155,5,1,0,"(48, 72]",0.0,"(-1, 7]",False,True
CUS0003089,65.0,77.53,9.23,771,144,22,2,0,"(48, 72]",0.1190506900554624,"(7, 30]",True,False
CUS0006809,52.0,52.45,7.52,393,64,3,4,1,"(48, 72]",0.14337464251668253,"(-1, 7]",False,True
CUS0001443,28.0,11.21,0.0,585,48,21,0,0,"(24, 48]",0.0,"(7, 30]",False,False
CUS0003167,14.0,65.16,9.58,885,206,17,0,0,"(12, 24]",0.14702271332105588,"(7, 30]",True,False
CUS0001107,54.0,56.73,8.218195789745577,639,110,25,5,1,"(48, 72]",0.14486507649824745,"(7, 30]",False,True
CUS0005862,36.0,14.06,2.09,99,12,13,0,0,"(24, 48]",0.14864864864864863,"(7, 30]",False,False
CUS0003381,52.0,44.18,4.0,836,239,0,0,0,"(48, 72]",0.09053870529651425,"(-1, 7]",False,True
CUS0005567,32.0,62.19,8.218195789745577,165,63,45,6,1,"(24, 48]",0.13214657967109789,"(30, 60]",False,True
CUS0001080,3.0,12.09,7.24,971,211,44,1,1,"(0, 6]",0.5988420181968569,"(30, 60]",False,False
CUS0005301,5.0,26.19,9.83,221,176,15,1,1,"(0, 6]",0.3753340969835815,"(7, 30]",False,False
CUS0005120,19.0,47.71,10.15,16,216,13,1,0,"(12, 24]",0.21274365961014463,"(7, 30]",False,True
CUS0005989,9.0,69.07,13.4,330,272,20,8,1,"(6, 12]",0.1940060807876068,"(7, 30]",False,True
CUS0005991,5.0,96.23,11.39,363,108,47,0,1,"(0, 6]",0.11836225709238284,"(30, 60]",True,False
CUS0000200,64.0,44.61,0.0,523,170,45,1,1,"(48, 72]",0.0,"(30, 60]",False,True
CUS0006769,24.0,22.29,8.71,984,253,14,2,1,"(12, 24]",0.39075818752803954,"(7, 30]",False,False
CUS0001049,28.0,55.52662624177525,0.0,863,85,7,4,0,"(24, 48]",0.0,"(-1, 7]",False,False
CUS0007286,69.0,71.78,6.55,287,42,0,0,0,"(48, 72]",0.09125104485929228,"(-1, 7]",True,False
CUS0005365,67.0,29.71,0.0,49,51,38,0,0,"(48, 72]",0.0,"(30, 60]",False,False
CUS0000385,24.0,15.4,3.53,782,231,15,3,0,"(12, 24]",0.2292207792207792,"(7, 30]",False,False
CUS0001250,53.0,37.06,5.54,876,38,8,0,0,"(48, 72]",0.149487317862925,"(7, 30]",False,True
CUS0003976,40.0,13.09,0.0,526,232,19,0,0,"(24, 48]",0.0,"(7, 30]",False,False
CUS0006263,55.0,68.47,13.99,753,192,13,3,0,"(48, 72]",0.2043230611946838,"(7, 30]",True,False
CUS0003742,49.0,11.3,8.82,529,226,23,0,0,"(48, 72]",0.7805309734513274,"(7, 30]",False,False
CUS0001180,14.0,23.01,7.9,599,278,52,0,1,"(12, 24]",0.343328987396784,"(30, 60]",False,False
CUS0003004,49.0,47.55,5.62,309,73,22,0,0,"(48, 72]",0.1181913774973712,"(7, 30]",False,True
CUS0003294,25.0,25.76,19.86,407,177,14,0,0,"(24, 48]",0.7709627329192545,"(7, 30]",False,False
CUS0004565,49.0,50.49,8.86,757,290,12,0,0,"(48, 72]",0.17548029312735194,"(7, 30]",False,True
CUS0001255,45.0,13.44,7.55,145,261,36,0,0,"(24, 48]",0.5617559523809524,"(30, 60]",False,False
CUS0005386,8.0,11.45,6.41,375,244,27,4,1,"(6, 12]",0.5598253275109171,"(7, 30]",False,False
CUS0005526,63.0,10.58,14.19,44,298,7,0,0,"(48, 72]",1.341209829867675,"(-1, 7]",False,False
CUS0001240,15.0,28.51,1.4,942,146,1,3,0,"(12, 24]",0.049105576990529635,"(-1, 7]",False,False
CUS0002799,64.0,55.45,0.63,248,172,20,0,0,"(48, 72]",0.011361587015329125,"(7, 30]",False,True
CUS0005856,57.0,10.0,0.0,994,261,25,1,0,"(48, 72]",0.0,"(7, 30]",False,False
CUS0006489,38.0,49.29,5.97,353,41,38,0,0,"(24, 48]",0.12111990261716372,"(30, 60]",False,True
CUS0003644,40.0,29.26,8.36,513,141,6,1,0,"(24, 48]",0.2857142857142857,"(-1, 7]",False,False
CUS0000151,72.0,77.28,0.0,571,73,15,4,0,"(48, 72]",0.0,"(7, 30]",True,False
CUS0004283,54.0,55.52662624177525,9.5,331,89,9,3,0,"(48, 72]",0.1710890908198689,"(7, 30]",False,False
CUS0001074,28.0,26.89,4.14,420,120,0,1,0,"(24, 48]",0.15396058014131647,"(-1, 7]",False,False
CUS0007004,17.0,102.81,9.88,102,265,15,0,0,"(12, 24]",0.09609960120610836,"(7, 30]",True,False
CUS0003575,17.0,16.84,8.218195789745577,390,251,22,2,1,"(12, 24]",0.48801637706327655,"(7, 30]",False,False
CUS0003833,51.0,54.42,15.22,201,284,16,0,0,"(48, 72]",0.2796765894891584,"(7, 30]",False,True
CUS0004148,53.0,117.72,11.33,15,204,3,0,0,"(48, 72]",0.09624532789670405,"(-1, 7]",True,False
CUS0005521,33.0,16.98,15.61,642,38,18,4,1,"(24, 48]",0.9193168433451119,"(7, 30]",False,False
CUS0006403,34.0,20.07,5.87,743,161,11,2,0,"(24, 48]",0.29247633283507724,"(7, 30]",False,False
CUS0002929,13.0,28.08,11.08,769,276,27,0,1,"(12, 24]",0.3945868945868946,"(7, 30]",False,False
CUS0004693,8.0,65.43,8.218195789745577,205,162,16,1,0,"(6, 12]",0.1256028700862842,"(7, 30]",True,False
CUS0003079,8.0,103.44,3.63,715,131,33,2,1,"(6, 12]",0.03509280742459397,"(30, 60]",True,False
CUS0007643,1.0,21.45,0.45,19,123,18,0,1,"(0, 6]",0.02097902097902098,"(7, 30]",False,False
CUS0007781,36.0,48.54,7.75,110,164,48,0,0,"(24, 48]",0.1596621343222085,"(30, 60]",False,True
CUS0005976,61.0,19.53,3.63,871,113,24,0,0,"(48, 72]",0.18586789554531488,"(7, 30]",False,False
CUS0007949,65.0,10.27,8.23,928,48,1,1,0,"(48, 72]",0.8013631937682572,"(-1, 7]",False,False
CUS0007329,24.0,24.04,0.0,896,122,29,2,0,"(12, 24]",0.0,"(7, 30]",False,False
CUS0002043,25.0,22.64,19.37,282,126,27,1,0,"(24, 48]",0.855565371024735,"(7, 30]",False,False
CUS0006847,52.0,16.39,19.72,134,213,4,2,0,"(48, 72]",1.2031726662599145,"(-1, 7]",False,False
CUS0001439,4.0,95.0,0.44,975,44,22,3,0,"(0, 6]",0.0046315789473684215,"(7, 30]",True,False
CUS0003920,16.0,15.68,11.98,280,264,18,0,0,"(12, 24]",0.764030612244898,"(7, 30]",False,False
CUS0000217,60.0,13.7,3.17,938,191,44,2,0,"(48, 72]",0.23138686131386862,"(30, 60]",False,False
CUS0006736,21.0,45.54,10.79,499,148,0,0,0,"(12, 24]",0.23693456302151952,"(-1, 7]",False,True
CUS0000541,51.0,26.43,6.19,545,194,10,0,1,"(48, 72]",0.23420355656451006,"(7, 30]",False,False
CUS0004333,48.0,109.59,13.04,352,17,3,0,0,"(24, 48]",0.11898895884661008,"(-1, 7]",True,False
CUS0004513,41.0,17.37,0.0,454,293,32,0,0,"(24, 48]",0.0,"(30, 60]",False,False
CUS0003185,62.0,10.93,9.98,460,239,71,0,0,"(48, 72]",0.9130832570905765,,False,False
CUS0002336,58.0,16.91,7.33,560,87,58,1,0,"(48, 72]",0.43347131874630396,"(30, 60]",False,False
CUS0002272,50.0,36.45,11.06,791,213,63,0,0,"(48, 72]",0.3034293552812071,,False,True
CUS0006159,20.0,62.48,12.56,111,61,21,0,0,"(12, 24]",0.20102432778489118,"(7, 30]",False,True
CUS0003555,13.0,10.83,10.79,800,180,15,0,0,"(12, 24]",0.9963065558633425,"(7, 30]",False,False
CUS0004852,29.0,17.54,10.3,834,93,20,0,0,"(24, 48]",0.5872291904218929,"(7, 30]",False,False
CUS0005161,36.0,22.64,8.26,879,257,57,0,0,"(24, 48]",0.36484098939929327,"(30, 60]",False,False
CUS0005651,58.0,16.71,12.97,723,164,3,1,0,"(48, 72]",0.7761819269898265,"(-1, 7]",False,False
CUS0006302,6.0,77.25,17.33,399,40,7,4,1,"(0, 6]",0.224336569579288,"(-1, 7]",True,False
CUS0001048,13.0,28.7,0.44,356,17,28,0,0,"(12, 24]",0.015331010452961672,"(7, 30]",False,False
CUS0006776,72.0,51.47,9.43,220,182,6,2,0,"(48, 72]",0.18321352244025646,"(-1, 7]",False,True
CUS0002254,5.0,19.4,5.68,223,39,57,0,0,"(0, 6]",0.2927835051546392,"(30, 60]",False,False
CUS0007351,23.0,60.44,11.45,626,22,22,1,0,"(12, 24]",0.18944407677035074,"(7, 30]",False,True
CUS0004817,61.0,110.47,8.218195789745577,199,88,51,0,0,"(48, 72]",0.07439300977410679,"(30, 60]",True,False
CUS0004154,4.0,94.61,10.82,386,105,28,0,0,"(0, 6]",0.11436423211077054,"(7, 30]",True,False
CUS0000967,31.0,25.81,3.69,507,251,26,0,0,"(24, 48]",0.14296784192173576,"(7, 30]",False,False
CUS0002195,18.0,42.29,8.51,513,102,12,0,0,"(12, 24]",0.20122960510759044,"(7, 30]",False,True
CUS0007025,55.0,37.48,14.04,434,173,51,0,0,"(48, 72]",0.37459978655282816,"(30, 60]",False,True
CUS0005583,2.0,61.04,0.53,508,77,24,3,0,"(0, 6]",0.008682830930537353,"(7, 30]",False,True
CUS0005272,13.0,17.92,4.05,184,33,54,0,1,"(12, 24]",0.22600446428571425,"(30, 60]",False,False
CUS0007342,16.0,117.97,8.33,986,240,4,0,0,"(12, 24]",0.0706111723319488,"(-1, 7]",True,False
CUS0000578,13.0,28.56,0.0,961,155,54,4,0,"(12, 24]",0.0,"(30, 60]",False,False
CUS0007801,24.0,40.27,16.08,956,122,53,0,0,"(12, 24]",0.39930469332008933,"(30, 60]",False,True
CUS0003896,27.0,72.0,8.63,457,289,23,2,0,"(24, 48]",0.11986111111111113,"(7, 30]",True,False
CUS0000002,27.0,19.39,16.41,938,43,36,0,0,"(24, 48]",0.8463125322331099,"(30, 60]",False,False
CUS0001318,11.0,13.16,0.0,863,289,17,0,0,"(6, 12]",0.0,"(7, 30]",False,False
CUS0001477,3.0,82.28,4.74,163,191,16,0,0,"(0, 6]",0.05760816723383568,"(7, 30]",True,False
CUS0007856,66.0,37.73,2.55,44,155,7,1,0,"(48, 72]",0.06758547574874106,"(-1, 7]",False,True
CUS0002945,9.0,59.96,4.13,604,218,42,3,1,"(6, 12]",0.06887925283522348,"(30, 60]",False,True
CUS0000944,68.0,16.92,2.96,630,173,15,3,0,"(48, 72]",0.17494089834515364,"(7, 30]",False,False
CUS0007754,10.0,22.26,12.52,42,192,23,2,0,"(6, 12]",0.5624438454627133,"(7, 30]",False,False
CUS0006725,29.0,79.13,12.57,566,252,26,0,0,"(24, 48]",0.15885252116769874,"(7, 30]",True,False
CUS0005132,31.0,47.01,5.71,795,78,23,0,0,"(24, 48]",0.12146351840034035,"(7, 30]",False,True
CUS0002316,34.0,29.08,8.95,323,236,5,0,0,"(24, 48]",0.3077716643741403,"(-1, 7]",False,False
CUS0001241,33.0,23.61,12.84,909,257,8,0,0,"(24, 48]",0.5438373570520966,"(7, 30]",False,False
CUS0007290,34.0,98.72,15.78,930,59,20,4,0,"(24, 48]",0.15984602917341978,"(7, 30]",True,False
CUS0002347,36.0,29.42,3.89,30,207,6,1,1,"(24, 48]",0.13222297756628143,"(-1, 7]",False,False
CUS0005971,15.0,79.0,0.48,33,143,8,5,0,"(12, 24]",0.0060759493670886075,"(7, 30]",True,False
CUS0003498,12.0,50.48,3.14,875,22,4,0,0,"(6, 12]",0.062202852614897,"(-1, 7]",False,True
CUS0000030,34.0,60.88,16.95,63,68,61,1,0,"(24, 48]",0.2784165571616294,,False,True
CUS0000118,22.0,37.43,13.5,431,168,24,2,0,"(12, 24]",0.3606732567459257,"(7, 30]",False,True
CUS0006336,41.0,54.74,4.44,87,59,13,1,0,"(24, 48]",0.08111070515162587,"(7, 30]",False,True
CUS0007791,49.0,42.86,0.0,741,38,38,0,0,"(48, 72]",0.0,"(30, 60]",False,True
CUS0006057,57.0,64.97,0.98,988,293,19,0,0,"(48, 72]",0.015083884869939973,"(7, 30]",True,False
CUS0002567,3.0,99.18,3.25,745,236,34,2,0,"(0, 6]",0.032768703367614435,"(30, 60]",True,False
CUS0005622,69.0,43.63885951963101,1.67,671,188,34,0,0,"(48, 72]",0.03826864446924301,"(30, 60]",True,False
CUS0005586,41.0,19.98,4.07,400,106,6,0,0,"(24, 48]",0.20370370370370372,"(-1, 7]",False,False
CUS0005931,23.0,11.02,11.0,906,89,1,1,0,"(12, 24]",0.9981851179673321,"(-1, 7]",False,False
CUS0007041,66.0,60.91,15.47,716,68,52,1,0,"(48, 72]",0.2539812838614349,"(30, 60]",False,True
CUS0003646,42.0,95.87,8.27,436,124,33,1,0,"(24, 48]",0.08626264733493272,"(30, 60]",True,False
CUS0006682,70.0,15.26,11.64,636,160,7,6,1,"(48, 72]",0.762778505897772,"(-1, 7]",False,False
CUS0005868,71.0,63.02,15.27,695,265,36,0,0,"(48, 72]",0.24230403046651855,"(30, 60]",False,True
CUS0001323,30.0,40.55,0.5,159,30,47,4,0,"(24, 48]",0.012330456226880395,"(30, 60]",False,True
CUS0000915,59.0,26.97,0.0,584,194,21,0,0,"(48, 72]",0.0,"(7, 30]",False,False
CUS0003891,68.0,16.69,4.47,735,197,23,4,1,"(48, 72]",0.26782504493708803,"(7, 30]",False,False
CUS0006538,50.0,26.65,7.62,238,51,14,2,0,"(48, 72]",0.2859287054409006,"(7, 30]",False,False
CUS0003912,38.0,22.88,12.85,55,79,10,5,0,"(24, 48]",0.5616258741258742,"(7, 30]",False,False
CUS0006126,21.0,34.12,11.78,663,169,14,0,0,"(12, 24]",0.3452520515826495,"(7, 30]",False,True
CUS0003668,9.0,38.83,15.78,160,152,6,0,0,"(6, 12]",0.4063868143188257,"(-1, 7]",False,True
CUS0000670,67.0,89.52,1.42,970,239,29,0,0,"(48, 72]",0.015862377122430743,"(7, 30]",True,False
CUS0002988,63.0,55.52662624177525,1.12,150,212,21,1,0,"(48, 72]",0.020170503338763492,"(7, 30]",False,False
CUS0005681,35.0,36.5,10.05,803,84,30,0,0,"(24, 48]",0.2753424657534247,"(7, 30]",False,True
CUS0006368,26.0,30.35,8.218195789745577,867,266,20,0,0,"(24, 48]",0.2707807508977126,"(7, 30]",False,True
CUS0007738,60.0,59.01,10.6,897,197,11,0,0,"(48, 72]",0.17963057108964584,"(7, 30]",False,True
CUS0006681,54.0,19.55,19.76,314,142,17,0,0,"(48, 72]",1.0107416879795397,"(7, 30]",False,False
CUS0000239,24.0,23.93,0.0,533,141,9,3,0,"(12, 24]",0.0,"(7, 30]",False,False
CUS0001940,38.0,66.36,3.93,25,300,61,7,1,"(24, 48]",0.05922242314647378,,True,False
CUS0000134,46.0,27.1,6.47,190,72,1,0,0,"(24, 48]",0.23874538745387452,"(-1, 7]",False,False
CUS0005308,58.0,75.12,11.16,122,248,31,0,0,"(48, 72]",0.1485623003194888,"(30, 60]",True,False
CUS0000060,46.0,52.35,17.42,708,276,45,2,0,"(24, 48]",0.33276026743075454,"(30, 60]",False,True
CUS0006731,60.0,19.78,0.01,764,297,3,2,0,"(48, 72]",0.0005055611729019212,"(-1, 7]",False,False
CUS0006920,19.0,117.59,14.67,985,109,27,0,0,"(12, 24]",0.12475550642061399,"(7, 30]",True,False
CUS0000168,17.0,68.11,0.32,633,193,9,2,0,"(12, 24]",0.004698282190574071,"(7, 30]",False,True
CUS0000336,15.0,15.55,10.91,239,143,22,0,0,"(12, 24]",0.7016077170418006,"(7, 30]",False,False
CUS0005349,27.0,32.14,8.42,987,63,28,0,0,"(24, 48]",0.26197884256378345,"(7, 30]",False,True
CUS0001707,50.0,29.13,4.22,41,90,34,2,0,"(48, 72]",0.14486783384826638,"(30, 60]",False,False
CUS0001281,54.0,21.6,6.16,59,286,45,3,0,"(48, 72]",0.28518518518518515,"(30, 60]",False,False
CUS0000013,12.0,14.17,4.5,264,77,31,5,1,"(6, 12]",0.3175723359209598,"(30, 60]",False,False
CUS0003932,64.0,29.4,0.0,505,182,3,2,0,"(48, 72]",0.0,"(-1, 7]",False,False
CUS0005840,69.0,49.66,15.51,838,123,34,1,0,"(48, 72]",0.31232380185259767,"(30, 60]",False,True
CUS0002531,8.0,17.98,18.53,185,131,82,0,1,"(6, 12]",1.0305895439377086,,False,False
CUS0004236,52.0,14.59,11.17,680,243,30,0,0,"(48, 72]",0.7655928718300206,"(7, 30]",False,False
CUS0001104,59.0,118.57,13.46,934,254,11,4,0,"(48, 72]",0.11351943999325294,"(7, 30]",True,False
CUS0006849,34.0,66.86,7.61,650,271,15,3,0,"(24, 48]",0.11381992222554592,"(7, 30]",False,True
CUS0004336,49.0,60.01,3.9,445,158,33,0,0,"(48, 72]",0.06498916847192135,"(30, 60]",False,True
CUS0005596,21.0,21.12,1.8,896,207,40,2,1,"(12, 24]",0.08522727272727272,"(30, 60]",False,False
CUS0003362,32.0,26.46,7.62,818,4,15,3,0,"(24, 48]",0.2879818594104308,"(7, 30]",False,False
CUS0004661,20.0,12.34,8.218195789745577,80,173,33,1,0,"(12, 24]",0.6659802098659301,"(30, 60]",False,False
CUS0004827,65.0,10.15,2.76,216,148,29,1,0,"(48, 72]",0.2719211822660098,"(7, 30]",False,False
CUS0005347,68.0,23.04,7.99,129,175,27,0,0,"(48, 72]",0.3467881944444445,"(7, 30]",False,False
CUS0002983,15.0,12.96,9.55,799,199,11,0,0,"(12, 24]",0.7368827160493827,"(7, 30]",False,False
CUS0006824,42.0,33.62,8.218195789745577,7,28,44,1,0,"(24, 48]",0.24444365823157577,"(30, 60]",False,True
CUS0005677,58.0,12.96,4.54,663,167,0,3,0,"(48, 72]",0.35030864197530864,"(-1, 7]",False,False
CUS0005765,51.0,52.62,2.68,170,74,7,0,0,"(48, 72]",0.05093120486507032,"(-1, 7]",False,True
CUS0000717,12.0,32.54,0.0,359,89,39,0,1,"(6, 12]",0.0,"(30, 60]",False,True
CUS0004006,69.0,55.52662624177525,9.38,680,239,3,6,0,"(48, 72]",0.16892796546214423,"(-1, 7]",False,False
CUS0002620,5.0,20.52,17.96,592,295,5,0,0,"(0, 6]",0.8752436647173489,"(-1, 7]",False,False
CUS0006087,51.0,22.75,0.56,737,258,16,2,1,"(48, 72]",0.02461538461538462,"(7, 30]",False,False
CUS0002956,25.0,89.38,9.7,205,251,14,3,1,"(24, 48]",0.10852539718057731,"(7, 30]",True,False
CUS0002004,14.0,15.37,10.78,834,172,3,2,0,"(12, 24]",0.7013662979830839,"(-1, 7]",False,False
CUS0007927,49.0,18.4,15.68,477,101,25,0,0,"(48, 72]",0.8521739130434783,"(7, 30]",False,False
CUS0001127,9.0,50.4,19.24,817,159,6,0,0,"(6, 12]",0.3817460317460317,"(-1, 7]",False,True
CUS0001806,15.0,84.69,7.95,449,137,33,1,0,"(12, 24]",0.093871767623096,"(30, 60]",True,False
CUS0004038,66.0,15.33,11.84,675,115,59,1,0,"(48, 72]",0.7723418134377038,"(30, 60]",False,False
CUS0001513,56.0,19.53,13.28,364,108,10,0,0,"(48, 72]",0.679979518689196,"(7, 30]",False,False
CUS0005941,30.0,62.47,10.49,461,66,17,0,0,"(24, 48]",0.16792060188890667,"(7, 30]",True,False
CUS0000912,10.0,54.43,9.47,595,44,25,3,0,"(6, 12]",0.17398493477861474,"(7, 30]",False,True
CUS0003035,68.0,19.93,6.47,962,42,25,0,0,"(48, 72]",0.32463622679377824,"(7, 30]",False,False
CUS0001906,53.0,59.95,15.75,139,144,2,1,0,"(48, 72]",0.2627189324437031,"(-1, 7]",False,True
CUS0000362,25.0,93.72,6.14,650,22,16,1,1,"(24, 48]",0.0655142979086641,"(7, 30]",True,False
CUS0001454,19.0,57.29,6.5,141,234,29,6,1,"(12, 24]",0.11345784604643044,"(7, 30]",False,True
CUS0003529,22.0,56.38,18.92,13,183,0,1,0,"(12, 24]",0.33557999290528556,"(-1, 7]",False,True
CUS0000868,44.0,11.36,11.73,607,123,2,2,0,"(24, 48]",1.0325704225352113,"(-1, 7]",False,False
CUS0003184,39.0,10.47,11.89,164,90,32,0,0,"(24, 48]",1.1356255969436484,"(30, 60]",False,False
CUS0001092,1.0,49.36,21.95,136,298,38,1,0,"(0, 6]",0.44469205834683956,"(30, 60]",False,True
CUS0005095,5.0,16.61,7.86,169,147,44,2,0,"(0, 6]",0.47320891029500306,"(30, 60]",False,False
CUS0007702,28.0,55.52662624177525,14.92,922,282,37,2,1,"(24, 48]",0.2686999194770993,"(30, 60]",False,False
CUS0001588,19.0,27.53,4.67,638,130,14,1,0,"(12, 24]",0.1696331274972757,"(7, 30]",False,False
CUS0004247,42.0,26.02,7.04,620,208,36,0,0,"(24, 48]",0.27056110684089163,"(30, 60]",False,False
CUS0003097,63.0,55.52662624177525,8.73,361,52,31,3,0,"(48, 72]",0.157221869774469,"(30, 60]",True,False
CUS0005634,61.0,68.9,10.82,270,151,37,2,0,"(48, 72]",0.15703918722786647,"(30, 60]",False,True
CUS0007778,30.0,11.51,9.6,4,46,24,0,1,"(24, 48]",0.8340573414422241,"(7, 30]",False,False
CUS0004902,32.0,55.52662624177525,19.75,132,225,20,2,1,"(24, 48]",0.3556852151255169,"(7, 30]",False,False
CUS0003190,53.0,118.39,9.18,914,5,33,0,0,"(48, 72]",0.07754033279837824,"(30, 60]",True,False
CUS0000127,56.0,72.87,9.81,612,196,53,0,0,"(48, 72]",0.13462330177027584,"(30, 60]",True,False
CUS0007542,25.0,73.41,4.55,386,285,25,0,0,"(24, 48]",0.061980656586296146,"(7, 30]",True,False
CUS0007831,71.0,46.13,8.218195789745577,995,189,28,4,0,"(48, 72]",0.17815295447096416,"(7, 30]",False,True
CUS0003288,67.0,17.02,19.65,379,57,3,1,0,"(48, 72]",1.154524089306698,"(-1, 7]",False,False
CUS0005231,47.0,38.7,14.07,90,239,71,0,0,"(24, 48]",0.3635658914728682,,False,True
CUS0002626,38.0,12.47,4.59,77,237,15,0,0,"(24, 48]",0.3680834001603849,"(7, 30]",False,False
CUS0003630,37.0,55.52662624177525,2.03,26,139,30,2,0,"(24, 48]",0.03655903730150882,"(7, 30]",False,False
CUS0000639,46.0,29.68,0.0,879,163,35,4,0,"(24, 48]",0.0,"(30, 60]",False,False
CUS0000150,68.0,44.1,3.65,608,137,25,1,0,"(48, 72]",0.08276643990929705,"(7, 30]",False,True
CUS0003015,38.0,15.6,11.33,722,243,52,4,1,"(24, 48]",0.7262820512820513,"(30, 60]",False,False
CUS0003916,60.0,59.82,13.59,870,155,10,1,0,"(48, 72]",0.2271815446339017,"(7, 30]",False,True
CUS0004511,46.0,11.31,7.38,49,175,3,0,0,"(24, 48]",0.6525198938992042,"(-1, 7]",False,False
CUS0003081,45.0,13.84,0.69,757,94,65,4,1,"(24, 48]",0.049855491329479765,,False,False
CUS0006675,21.0,29.62,7.59,692,33,18,0,0,"(12, 24]",0.2562457798784605,"(7, 30]",False,False
CUS0004401,9.0,33.17,8.218195789745577,912,157,50,1,1,"(6, 12]",0.2477598971885914,"(30, 60]",False,True
CUS0006868,54.0,12.66,3.43,885,111,11,8,1,"(48, 72]",0.27093206951026855,"(7, 30]",False,False
CUS0000129,67.0,66.46,2.44,76,257,50,1,0,"(48, 72]",0.0367138128197412,"(30, 60]",False,True
CUS0001691,57.0,113.95,7.42,0,168,42,0,0,"(48, 72]",0.06511627906976744,"(30, 60]",True,False
CUS0002818,70.0,52.06,10.84,102,274,0,3,0,"(48, 72]",0.2082212831348444,"(-1, 7]",False,True
CUS0005148,17.0,53.33,9.98,970,261,22,3,1,"(12, 24]",0.18713669604350272,"(7, 30]",False,True
CUS0004803,47.0,15.89,12.51,372,293,13,0,0,"(24, 48]",0.7872876022655758,"(7, 30]",False,False
CUS0007347,30.0,15.5,8.0,126,294,46,1,0,"(24, 48]",0.5161290322580645,"(30, 60]",False,False
CUS0000842,58.0,51.47,7.58,873,261,12,0,0,"(48, 72]",0.1472702545171945,"(7, 30]",False,True
CUS0006015,29.0,24.13,3.19,765,216,10,2,1,"(24, 48]",0.13220058019063408,"(7, 30]",False,False
CUS0000462,49.0,23.05,8.4,527,241,14,1,0,"(48, 72]",0.3644251626898048,"(7, 30]",False,False
CUS0002184,23.0,27.58,4.45,376,18,51,0,1,"(12, 24]",0.1613488034807832,"(30, 60]",False,False
CUS0007010,50.0,34.9,5.88,601,170,26,0,0,"(48, 72]",0.16848137535816618,"(7, 30]",False,True
CUS0002296,14.0,21.07,9.57,374,259,51,1,0,"(12, 24]",0.45420028476506885,"(30, 60]",False,False
CUS0002592,4.0,24.97,8.218195789745577,330,62,28,3,1,"(0, 6]",0.3291227789245325,"(7, 30]",False,False
CUS0003804,41.0,74.75,0.0,314,145,26,0,0,"(24, 48]",0.0,"(7, 30]",True,False
CUS0006587,10.0,68.02,0.0,465,85,6,1,0,"(6, 12]",0.0,"(-1, 7]",False,True
CUS0005905,10.0,16.99,10.63,183,239,21,1,1,"(6, 12]",0.6256621542083579,"(7, 30]",False,False
CUS0002856,1.0,67.52,14.62,407,119,6,2,0,"(0, 6]",0.21652843601895735,"(-1, 7]",False,True
CUS0002082,17.0,102.9,0.0,944,51,21,0,0,"(12, 24]",0.0,"(7, 30]",True,False
CUS0004286,16.0,28.18,8.56,432,205,76,5,1,"(12, 24]",0.3037615330021292,,False,False
CUS0004775,10.0,22.94,0.0,947,147,56,2,1,"(6, 12]",0.0,"(30, 60]",False,False
CUS0004894,41.0,17.54,12.11,134,127,20,0,0,"(24, 48]",0.6904218928164196,"(7, 30]",False,False
CUS0002607,57.0,18.22,6.46,313,234,12,0,0,"(48, 72]",0.3545554335894622,"(7, 30]",False,False
CUS0004980,23.0,74.94,2.75,192,122,34,1,0,"(12, 24]",0.03669602348545503,"(30, 60]",True,False
CUS0000613,58.0,68.42,2.69,519,258,36,1,0,"(48, 72]",0.03931598947676118,"(30, 60]",False,True
CUS0003195,72.0,67.69,4.29,989,211,30,1,0,"(48, 72]",0.06337716058501995,"(7, 30]",True,False
CUS0005080,59.0,25.33,9.95,581,242,14,0,0,"(48, 72]",0.39281484405842876,"(7, 30]",False,False
CUS0003969,17.0,58.48,0.0,195,110,43,0,0,"(12, 24]",0.0,"(30, 60]",False,True
CUS0000837,45.0,72.02,10.22,415,125,24,1,0,"(24, 48]",0.1419050263815607,"(7, 30]",True,False
CUS0005108,40.0,48.17,9.74,468,238,39,0,0,"(24, 48]",0.20220053975503424,"(30, 60]",False,True
CUS0001879,19.0,16.77,14.17,579,250,1,4,1,"(12, 24]",0.8449612403100776,"(-1, 7]",False,False
CUS0004062,1.0,19.21,3.5,703,211,22,1,1,"(0, 6]",0.18219677251431546,"(7, 30]",False,False
CUS0001330,18.0,29.41,9.3,979,137,17,4,1,"(12, 24]",0.3162189731383883,"(7, 30]",False,False
CUS0005848,5.0,38.0,9.29,512,160,42,1,0,"(0, 6]",0.2444736842105263,"(30, 60]",False,True
CUS0000262,33.0,26.38,12.86,614,160,50,1,0,"(24, 48]",0.4874905231235785,"(30, 60]",False,False
CUS0007189,24.0,16.5,1.18,671,215,21,3,0,"(12, 24]",0.07151515151515152,"(7, 30]",False,False
CUS0004313,44.0,42.29,4.85,575,277,35,0,1,"(24, 48]",0.11468432253487822,"(30, 60]",False,True
CUS0003180,36.0,48.9,14.86,358,272,54,0,1,"(24, 48]",0.3038854805725971,"(30, 60]",False,True
CUS0002232,69.0,108.29,4.39,210,66,0,1,0,"(48, 72]",0.04053929264013297,"(-1, 7]",True,False
CUS0002668,12.0,17.99,9.16,244,153,5,3,0,"(6, 12]",0.5091717620900501,"(-1, 7]",False,False
CUS0001108,19.0,104.64,2.65,660,264,73,4,1,"(12, 24]",0.02532492354740061,,True,False
CUS0001980,48.0,28.45,4.97,609,279,52,2,0,"(24, 48]",0.17469244288224955,"(30, 60]",False,False
CUS0007228,14.0,20.31,4.33,561,239,9,0,0,"(12, 24]",0.2131954702117184,"(7, 30]",False,False
CUS0007671,44.0,11.3,7.58,261,153,5,0,0,"(24, 48]",0.6707964601769911,"(-1, 7]",False,False
CUS0007085,71.0,10.73,1.32,845,199,26,2,0,"(48, 72]",0.12301957129543337,"(7, 30]",False,False
CUS0002211,35.0,15.49,6.87,897,145,32,2,0,"(24, 48]",0.44351194318915427,"(30, 60]",False,False
CUS0007811,32.0,94.74,0.0,388,29,60,0,1,"(24, 48]",0.0,"(30, 60]",True,False
CUS0001540,22.0,43.36,9.92,438,116,29,0,0,"(12, 24]",0.22878228782287824,"(7, 30]",False,True
CUS0004841,44.0,55.52662624177525,13.25,992,116,58,4,1,"(24, 48]",0.2386242582487645,"(30, 60]",False,False
CUS0002878,51.0,56.4,15.4,588,121,45,0,0,"(48, 72]",0.2730496453900709,"(30, 60]",False,True
CUS0003252,26.0,65.53,6.72,293,243,62,0,0,"(24, 48]",0.1025484510911033,,False,True
CUS0002165,60.0,72.61,4.27,308,95,37,2,0,"(48, 72]",0.05880732681448836,"(30, 60]",True,False
CUS0001854,49.0,61.87,2.59,11,146,20,2,0,"(48, 72]",0.041861968643930825,"(7, 30]",False,True
CUS0005209,8.0,27.48,5.99,766,121,30,0,1,"(6, 12]",0.21797671033478894,"(7, 30]",False,False
CUS0006115,44.0,10.59,18.91,441,122,22,1,0,"(24, 48]",1.785646836638338,"(7, 30]",False,False
CUS0006791,9.0,106.58,12.11,205,299,9,2,0,"(6, 12]",0.11362356914993432,"(7, 30]",True,False
CUS0004536,5.0,29.63,9.05,152,17,6,3,1,"(0, 6]",0.30543368207897403,"(-1, 7]",False,False
CUS0007426,25.0,79.62,8.218195789745577,838,190,29,2,0,"(24, 48]",0.103217731596905,"(7, 30]",True,False
CUS0001146,71.0,41.14,1.21,493,192,42,2,0,"(48, 72]",0.029411764705882353,"(30, 60]",False,True
CUS0004341,51.0,24.28,12.95,328,254,18,3,0,"(48, 72]",0.5333607907742998,"(7, 30]",False,False
CUS0003671,21.0,17.04,9.38,783,128,77,0,0,"(12, 24]",0.5504694835680752,,False,False
CUS0006565,36.0,19.46,7.92,806,130,39,0,0,"(24, 48]",0.40698869475847893,"(30, 60]",False,False
CUS0005029,32.0,55.52662624177525,17.99,771,188,56,0,1,"(24, 48]",0.3239887098788885,"(30, 60]",False,True
CUS0001365,7.0,27.17,18.9,429,190,6,0,0,"(6, 12]",0.6956201693043798,"(-1, 7]",False,False
CUS0000700,21.0,23.95,11.76,914,174,46,2,1,"(12, 24]",0.4910229645093946,"(30, 60]",False,False
CUS0007150,70.0,14.45,15.45,797,0,0,1,0,"(48, 72]",1.069204152249135,"(-1, 7]",False,False
CUS0000029,70.0,21.91,9.18,313,267,44,1,0,"(48, 72]",0.4189867640346873,"(30, 60]",False,False
CUS0000948,40.0,10.04,10.95,39,102,16,0,1,"(24, 48]",1.090637450199203,"(7, 30]",False,False
CUS0006139,41.0,21.16,10.24,404,191,12,0,0,"(24, 48]",0.4839319470699433,"(7, 30]",False,False
CUS0000225,40.0,60.88,6.9,258,116,30,5,0,"(24, 48]",0.11333771353482261,"(7, 30]",True,False
CUS0002036,70.0,20.29,3.98,882,268,20,0,0,"(48, 72]",0.19615574174470182,"(7, 30]",False,False
CUS0000675,26.0,29.73,2.12,20,2,7,2,0,"(24, 48]",0.07130844265052136,"(-1, 7]",False,False
CUS0002410,58.0,49.83,16.16,121,182,1,0,0,"(48, 72]",0.32430262893839057,"(-1, 7]",False,True
CUS0006196,19.0,46.98,6.58,995,164,13,0,0,"(12, 24]",0.14005959982971478,"(7, 30]",False,True
CUS0004147,24.0,14.28,7.2,88,124,42,0,0,"(12, 24]",0.5042016806722689,"(30, 60]",False,False
CUS0006033,52.0,57.7,8.218195789745577,212,124,16,3,0,"(48, 72]",0.1424297363907379,"(7, 30]",False,True
CUS0000769,44.0,37.08,1.12,784,283,10,1,0,"(24, 48]",0.0302049622437972,"(7, 30]",False,True
CUS0004303,8.0,41.29,17.54,126,52,14,0,0,"(6, 12]",0.4248001937515137,"(7, 30]",False,True
CUS0005019,25.0,118.78,1.39,631,225,66,1,0,"(24, 48]",0.01170230678565415,,True,False
CUS0001703,57.0,79.71,0.0,86,222,1,3,1,"(48, 72]",0.0,"(-1, 7]",True,False
CUS0003388,49.0,18.78,14.01,869,159,6,0,0,"(48, 72]",0.7460063897763578,"(-1, 7]",False,False
CUS0004102,17.0,23.08,1.77,267,112,38,3,1,"(12, 24]",0.07668977469670711,"(30, 60]",False,False
CUS0003163,6.0,60.49,8.05,248,14,5,0,0,"(0, 6]",0.13307984790874525,"(-1, 7]",True,False
CUS0004308,62.0,106.29,16.26,252,203,24,0,0,"(48, 72]",0.1529777025119955,"(7, 30]",True,False
CUS0005733,20.0,45.58,0.82,698,193,2,2,0,"(12, 24]",0.017990346643264588,"(-1, 7]",False,True
CUS0001060,29.0,15.71,14.51,468,130,19,0,0,"(24, 48]",0.9236155315085932,"(7, 30]",False,False
CUS0002180,24.0,47.28,18.53,729,282,45,2,1,"(12, 24]",0.39192047377326567,"(30, 60]",False,True
CUS0005951,7.0,16.09,17.8,507,14,24,0,0,"(6, 12]",1.1062771908017404,"(7, 30]",False,False
CUS0005131,9.0,45.12,3.75,301,265,14,8,1,"(6, 12]",0.08311170212765957,"(7, 30]",False,True
CUS0007911,1.0,37.34,8.218195789745577,654,12,1,2,1,"(0, 6]",0.22009094241418256,"(-1, 7]",False,True
CUS0000852,4.0,11.15,9.58,590,95,4,0,0,"(0, 6]",0.8591928251121076,"(-1, 7]",False,False
CUS0005179,44.0,22.57,0.15,193,80,47,0,0,"(24, 48]",0.00664599025254763,"(30, 60]",False,False
CUS0000120,32.0,29.43,8.59,498,192,45,2,0,"(24, 48]",0.29187903499830103,"(30, 60]",False,False
CUS0002276,40.0,37.35,12.18,920,271,15,1,0,"(24, 48]",0.3261044176706827,"(7, 30]",False,True
CUS0003080,36.56668337929305,55.96,5.36,234,299,69,0,1,"(24, 48]",0.09578270192994996,,False,True
CUS0002115,32.0,46.05,6.86,314,256,27,0,0,"(24, 48]",0.1489685124864278,"(7, 30]",False,True
CUS0006901,36.0,118.21,13.92,491,84,8,2,0,"(24, 48]",0.11775653498012013,"(7, 30]",True,False
CUS0004890,2.0,79.98,10.4,744,135,35,4,1,"(0, 6]",0.13003250812703177,"(30, 60]",True,False
CUS0006201,38.0,118.39,5.96,936,265,64,1,1,"(24, 48]",0.050342089703522254,,True,False
CUS0001476,52.0,25.8,6.1,975,29,9,2,0,"(48, 72]",0.23643410852713176,"(7, 30]",False,False
CUS0006233,26.0,55.52662624177525,7.95,948,238,20,4,0,"(24, 48]",0.1431745549492587,"(7, 30]",True,False
CUS0004959,14.0,59.67,11.28,593,214,23,1,0,"(12, 24]",0.18903971845148315,"(7, 30]",False,True
CUS0007049,6.0,14.58,1.53,486,175,53,2,1,"(0, 6]",0.10493827160493828,"(30, 60]",False,False
CUS0001327,10.0,48.12,4.02,701,180,10,3,0,"(6, 12]",0.08354114713216958,"(7, 30]",False,True
CUS0003489,50.0,12.26,4.72,209,277,10,0,0,"(48, 72]",0.38499184339314846,"(7, 30]",False,False
CUS0000911,67.0,66.46,5.43,927,56,0,0,0,"(48, 72]",0.08170328016852242,"(-1, 7]",True,False
CUS0001623,24.0,19.32,14.35,579,51,2,0,0,"(12, 24]",0.7427536231884058,"(-1, 7]",False,False
CUS0004012,37.0,10.39,5.76,200,183,35,6,1,"(24, 48]",0.5543792107795957,"(30, 60]",False,False
CUS0006846,2.0,70.63,3.11,397,132,13,0,0,"(0, 6]",0.04403228090046722,"(7, 30]",True,False
CUS0007475,63.0,13.79,15.32,310,130,96,0,0,"(48, 72]",1.110949963741842,,False,False
CUS0002868,29.0,43.63885951963101,5.33,491,98,48,0,0,"(24, 48]",0.12213884731800315,"(30, 60]",False,True
CUS0000263,69.0,20.71,8.218195789745577,651,102,41,1,0,"(48, 72]",0.39682258762653677,"(30, 60]",False,False
CUS0002577,53.0,24.23,0.0,29,146,11,0,0,"(48, 72]",0.0,"(7, 30]",False,False
CUS0002528,68.0,24.36,12.86,922,130,65,0,0,"(48, 72]",0.5279146141215106,,False,False
CUS0007627,9.0,27.38,24.05,298,87,1,0,0,"(6, 12]",0.8783783783783784,"(-1, 7]",False,False
CUS0006692,7.0,14.65,14.46,55,104,0,8,1,"(6, 12]",0.9870307167235495,"(-1, 7]",False,False
CUS0002086,8.0,17.32,11.98,831,165,104,2,1,"(6, 12]",0.6916859122401847,,False,False
CUS0004734,34.0,55.52662624177525,6.48,360,196,8,1,0,"(24, 48]",0.11670076931713162,"(7, 30]",True,False
CUS0002487,17.0,57.28,7.93,457,182,30,5,0,"(12, 24]",0.13844273743016758,"(7, 30]",False,True
CUS0005099,35.0,62.23,6.37,964,179,34,0,0,"(24, 48]",0.10236220472440946,"(30, 60]",False,True
CUS0001417,7.0,26.26,8.218195789745577,20,234,41,1,1,"(6, 12]",0.3129549044076762,"(30, 60]",False,False
CUS0006892,5.0,16.69,3.08,802,210,4,1,0,"(0, 6]",0.18454164170161771,"(-1, 7]",False,False
CUS0002000,35.0,20.11,8.12,475,300,2,0,0,"(24, 48]",0.4037792143212332,"(-1, 7]",False,False
CUS0006331,40.0,16.38,8.76,510,243,14,4,0,"(24, 48]",0.5347985347985348,"(7, 30]",False,False
CUS0002941,34.0,81.23,3.12,196,156,34,1,0,"(24, 48]",0.03840945463498707,"(30, 60]",True,False
CUS0006164,7.0,56.72,7.71,769,38,22,1,0,"(6, 12]",0.1359308885754584,"(7, 30]",False,True
CUS0005757,71.0,82.05,7.84,231,150,63,0,0,"(48, 72]",0.095551492992078,,True,False
CUS0000355,9.0,22.06,5.34,770,203,13,4,0,"(6, 12]",0.24206708975521307,"(7, 30]",False,False
CUS0003347,26.0,55.52662624177525,15.25,810,2,3,0,1,"(24, 48]",0.27464301421084214,"(-1, 7]",False,True
CUS0001277,7.0,19.92,10.2,876,149,13,1,0,"(6, 12]",0.5120481927710843,"(7, 30]",False,False
CUS0006500,8.0,56.33,4.5,205,239,23,0,0,"(6, 12]",0.07988638380969289,"(7, 30]",False,True
CUS0006379,47.0,11.76,13.66,406,259,39,4,0,"(24, 48]",1.1615646258503403,"(30, 60]",False,False
CUS0007223,56.0,20.79,11.78,199,201,60,0,0,"(48, 72]",0.5666185666185666,"(30, 60]",False,False
CUS0000257,39.0,12.62,17.66,489,273,6,0,0,"(24, 48]",1.399366085578447,"(-1, 7]",False,False
CUS0007501,59.0,39.75,8.218195789745577,158,19,11,0,0,"(48, 72]",0.20674706389297048,"(7, 30]",False,True
CUS0005539,68.0,18.24,2.69,365,16,5,0,0,"(48, 72]",0.1474780701754386,"(-1, 7]",False,False
CUS0000378,5.0,48.9,1.95,266,216,20,0,0,"(0, 6]",0.03987730061349693,"(7, 30]",False,True
CUS0000215,16.0,20.68,13.46,262,196,13,1,0,"(12, 24]",0.6508704061895552,"(7, 30]",False,False
CUS0002628,10.0,54.68,2.95,458,32,7,8,1,"(6, 12]",0.05395025603511339,"(-1, 7]",False,True
CUS0002972,19.0,56.25,3.79,668,113,4,1,0,"(12, 24]",0.06737777777777777,"(-1, 7]",False,True
CUS0003624,15.0,26.9,11.08,607,104,55,0,0,"(12, 24]",0.41189591078066917,"(30, 60]",False,False
CUS0001520,30.0,26.68,9.38,799,252,8,0,0,"(24, 48]",0.3515742128935533,"(7, 30]",False,False
CUS0000472,2.0,30.15,5.11,569,20,52,0,1,"(0, 6]",0.16948590381426204,"(30, 60]",False,True
CUS0007520,15.0,35.52,5.55,650,252,26,0,0,"(12, 24]",0.15624999999999997,"(7, 30]",False,True
CUS0004923,41.0,16.93,6.15,553,164,28,0,0,"(24, 48]",0.3632604843473125,"(7, 30]",False,False
CUS0004847,40.0,24.37,3.13,347,210,31,0,0,"(24, 48]",0.12843660237997537,"(30, 60]",False,False
CUS0005297,63.0,17.59,0.0,227,171,55,1,0,"(48, 72]",0.0,"(30, 60]",False,False
CUS0001122,46.0,66.0,0.0,101,139,26,3,0,"(24, 48]",0.0,"(7, 30]",True,False
CUS0002248,35.0,12.22,8.218195789745577,970,97,36,3,0,"(24, 48]",0.6725201137271339,"(30, 60]",False,False
CUS0006683,69.0,111.96,8.27,763,104,62,4,0,"(48, 72]",0.07386566630939621,,True,False
CUS0003824,7.0,60.27,19.22,407,277,44,0,0,"(6, 12]",0.3188982910237265,"(30, 60]",False,True
CUS0003398,57.0,20.8,15.74,984,205,11,1,0,"(48, 72]",0.7567307692307692,"(7, 30]",False,False
CUS0007021,19.0,24.14,2.32,495,275,23,2,1,"(12, 24]",0.09610604805302402,"(7, 30]",False,False
CUS0004256,9.0,23.67,13.53,213,271,38,1,1,"(6, 12]",0.5716096324461343,"(30, 60]",False,False
CUS0003676,6.0,116.07,8.68,462,11,43,1,0,"(0, 6]",0.07478245886103214,"(30, 60]",True,False
CUS0000812,67.0,87.05,6.2,136,124,43,0,0,"(48, 72]",0.07122343480758185,"(30, 60]",True,False
CUS0007705,16.0,61.7,7.58,658,120,25,0,0,"(12, 24]",0.12285251215559156,"(7, 30]",True,False
CUS0004682,4.0,98.6,8.43,751,20,19,1,1,"(0, 6]",0.08549695740365111,"(7, 30]",True,False
CUS0007813,57.0,66.97,4.6,925,276,33,1,0,"(48, 72]",0.06868747200238913,"(30, 60]",True,False
CUS0003070,42.0,107.03,0.0,33,164,11,0,0,"(24, 48]",0.0,"(7, 30]",True,False
CUS0002723,18.0,68.09,8.218195789745577,855,31,6,2,0,"(12, 24]",0.12069607563145214,"(-1, 7]",True,False
CUS0006944,20.0,10.23,12.16,149,257,24,2,0,"(12, 24]",1.1886608015640274,"(7, 30]",False,False
CUS0000258,58.0,13.37,10.09,603,168,6,0,0,"(48, 72]",0.7546746447270007,"(-1, 7]",False,False
CUS0002992,43.0,37.8,11.49,492,96,42,1,0,"(24, 48]",0.303968253968254,"(30, 60]",False,True
CUS0000373,60.0,75.39,8.47,590,87,15,0,0,"(48, 72]",0.11234911792014857,"(7, 30]",True,False
CUS0007120,20.0,27.32,0.0,964,12,20,1,0,"(12, 24]",0.0,"(7, 30]",False,False
CUS0000312,5.0,61.22,8.218195789745577,533,82,22,2,0,"(0, 6]",0.1342403755267164,"(7, 30]",False,True
CUS0001387,62.0,61.84,10.32,85,82,24,0,0,"(48, 72]",0.16688227684346701,"(7, 30]",False,True
CUS0002946,72.0,100.99,6.87,180,197,3,1,0,"(48, 72]",0.06802653728091891,"(-1, 7]",True,False
CUS0002351,37.0,62.66,12.65,990,101,68,2,0,"(24, 48]",0.2018831790616023,,False,True
CUS0006897,25.0,102.62,3.58,106,78,15,1,0,"(24, 48]",0.03488598713701033,"(7, 30]",True,False
CUS0001734,39.0,41.47,8.218195789745577,419,105,17,0,0,"(24, 48]",0.19817207112962568,"(7, 30]",False,True
CUS0006081,5.0,51.68,3.01,506,23,37,1,0,"(0, 6]",0.058243034055727554,"(30, 60]",False,True
CUS0007640,8.0,12.3,9.35,684,234,42,0,0,"(6, 12]",0.7601626016260162,"(30, 60]",False,False
CUS0006218,56.0,73.22,14.92,656,104,11,1,0,"(48, 72]",0.20376946189565692,"(7, 30]",True,False
CUS0006142,39.0,83.34,11.17,437,281,20,2,0,"(24, 48]",0.13402927765778738,"(7, 30]",True,False
CUS0003332,29.0,66.85,0.0,164,104,23,0,0,"(24, 48]",0.0,"(7, 30]",False,True
CUS0001629,70.0,38.78,9.09,703,80,5,2,0,"(48, 72]",0.2343991748323878,"(-1, 7]",False,True
CUS0007516,34.0,67.98,8.51,824,218,11,1,0,"(24, 48]",0.12518387761106206,"(7, 30]",False,True
CUS0004201,8.0,20.43,0.0,49,162,12,2,0,"(6, 12]",0.0,"(7, 30]",False,False
CUS0003161,19.0,71.03,6.7,243,81,39,0,0,"(12, 24]",0.09432634098268337,"(30, 60]",True,False
CUS0001096,41.0,56.26,21.11,463,38,8,0,1,"(24, 48]",0.37522218272307145,"(7, 30]",False,True
CUS0004167,24.0,84.58,17.53,815,154,38,0,0,"(12, 24]",0.20725939938519747,"(30, 60]",True,False
CUS0004185,63.0,39.8,11.36,865,219,16,0,0,"(48, 72]",0.28542713567839195,"(7, 30]",False,True
CUS0007425,54.0,112.53,13.6,949,285,39,0,0,"(48, 72]",0.12085666044610326,"(30, 60]",True,False
CUS0005739,70.0,19.25,11.96,726,263,12,2,0,"(48, 72]",0.6212987012987014,"(7, 30]",False,False
CUS0003402,28.0,13.6,15.43,481,295,22,7,1,"(24, 48]",1.1345588235294117,"(7, 30]",False,False
CUS0000652,28.0,25.94,8.218195789745577,232,289,14,0,0,"(24, 48]",0.3168155662970538,"(7, 30]",False,False
CUS0004958,33.0,18.06,5.25,437,215,46,1,1,"(24, 48]",0.29069767441860467,"(30, 60]",False,False
CUS0005699,45.0,112.65,11.78,827,155,2,0,0,"(24, 48]",0.10457168220150909,"(-1, 7]",True,False
CUS0005406,72.0,57.71,8.218195789745577,634,184,19,2,0,"(48, 72]",0.14240505613837423,"(7, 30]",False,True
CUS0002274,64.0,25.73,5.79,774,65,18,0,0,"(48, 72]",0.22502914885347844,"(7, 30]",False,False
CUS0002727,12.0,54.99,13.07,943,230,1,2,0,"(6, 12]",0.23767957810511,"(-1, 7]",False,True
CUS0003376,63.0,115.65,1.5,53,30,67,0,0,"(48, 72]",0.012970168612191958,,True,False
CUS0001553,13.0,14.69,6.91,845,111,19,0,0,"(12, 24]",0.47038801906058547,"(7, 30]",False,False
CUS0005671,45.0,90.57,6.26,351,73,77,0,0,"(24, 48]",0.06911780942917081,,True,False
CUS0003714,7.0,20.47,8.82,984,126,23,0,0,"(6, 12]",0.43087445041524186,"(7, 30]",False,False
CUS0001964,43.0,54.38,6.64,632,13,40,6,0,"(24, 48]",0.12210371460095622,"(30, 60]",False,True
CUS0002188,18.0,28.8,20.81,646,182,8,4,1,"(12, 24]",0.7225694444444444,"(7, 30]",False,False
CUS0004225,70.0,19.47,10.28,981,136,13,0,0,"(48, 72]",0.5279917822290704,"(7, 30]",False,False
CUS0001388,68.0,58.8,7.47,964,215,20,2,1,"(48, 72]",0.1270408163265306,"(7, 30]",False,True
CUS0001583,46.0,11.38,4.98,832,82,19,1,0,"(24, 48]",0.437609841827768,"(7, 30]",False,False
CUS0000820,54.0,69.55,11.74,534,276,28,1,0,"(48, 72]",0.16879942487419125,"(7, 30]",False,True
CUS0002706,6.0,55.52662624177525,3.82,469,226,18,0,0,"(0, 6]",0.06879582388756833,"(7, 30]",True,False
CUS0005676,28.0,17.46,6.52,878,113,35,0,1,"(24, 48]",0.37342497136311564,"(30, 60]",False,False
CUS0000144,4.0,82.06,4.72,950,50,22,0,0,"(0, 6]",0.057518888618084324,"(7, 30]",True,False
CUS0003975,45.0,64.16,12.71,695,248,0,0,0,"(24, 48]",0.1980985037406484,"(-1, 7]",True,False
CUS0003295,6.0,19.81,18.06,464,252,50,1,0,"(0, 6]",0.911660777385159,"(30, 60]",False,False
CUS0002502,17.0,51.37,3.75,757,35,20,2,0,"(12, 24]",0.07299980533385245,"(7, 30]",False,True
CUS0006860,58.0,12.74,15.33,416,241,85,0,0,"(48, 72]",1.2032967032967032,,False,False
CUS0004669,56.0,93.9,6.84,625,246,28,0,0,"(48, 72]",0.07284345047923323,"(7, 30]",True,False
CUS0000939,25.0,67.21,6.22,5,276,48,0,0,"(24, 48]",0.0925457521202202,"(30, 60]",True,False
CUS0003915,28.0,69.86,14.02,726,112,32,0,0,"(24, 48]",0.20068708846263955,"(30, 60]",False,True
CUS0007467,58.0,55.52662624177525,12.99,298,0,3,0,0,"(48, 72]",0.2339418199736944,"(-1, 7]",False,True
CUS0002523,21.0,68.07,11.46,922,100,6,1,0,"(12, 24]",0.16835610401057738,"(-1, 7]",False,True
CUS0007963,70.0,107.33,10.77,142,296,40,0,0,"(48, 72]",0.10034473120283238,"(30, 60]",True,False
CUS0002337,60.0,54.13,8.69,947,125,0,1,0,"(48, 72]",0.16053944208387214,"(-1, 7]",False,True
CUS0006390,14.0,68.97,17.11,585,18,31,2,0,"(12, 24]",0.24807887487313324,"(30, 60]",False,True
CUS0006680,31.0,45.65,8.218195789745577,854,202,6,0,1,"(24, 48]",0.18002619473703346,"(-1, 7]",False,True
CUS0007502,56.0,27.11,16.56,260,220,30,2,0,"(48, 72]",0.6108447067502766,"(7, 30]",False,False
CUS0006693,26.0,28.65,8.12,632,183,0,1,0,"(24, 48]",0.28342059336823733,"(-1, 7]",False,False
CUS0001782,43.0,61.63,0.09,858,290,15,1,0,"(24, 48]",0.0014603277624533504,"(7, 30]",False,True
CUS0002514,22.0,29.87,3.47,896,257,5,0,0,"(12, 24]",0.1161700703046535,"(-1, 7]",False,False
CUS0003311,64.0,14.85,17.15,906,192,19,0,0,"(48, 72]",1.1548821548821548,"(7, 30]",False,False
CUS0000836,45.0,85.65,3.06,708,278,48,4,0,"(24, 48]",0.03572679509632224,"(30, 60]",True,False
CUS0002489,41.0,35.3,8.95,840,203,17,2,0,"(24, 48]",0.2535410764872521,"(7, 30]",False,True
CUS0000199,3.0,24.18,9.32,19,86,4,1,0,"(0, 6]",0.38544251447477257,"(-1, 7]",False,False
CUS0002323,17.0,56.26,10.01,827,227,52,0,1,"(12, 24]",0.17792392463562035,"(30, 60]",False,True
CUS0000079,5.0,24.44,3.38,152,66,41,1,1,"(0, 6]",0.1382978723404255,"(30, 60]",False,False
CUS0004697,55.0,13.52,9.21,27,157,33,4,0,"(48, 72]",0.6812130177514794,"(30, 60]",False,False
CUS0004019,14.0,10.47,11.64,537,127,2,3,0,"(12, 24]",1.1117478510028653,"(-1, 7]",False,False
CUS0003271,35.0,66.97,2.7,224,166,14,1,0,"(24, 48]",0.04031655965357623,"(7, 30]",False,True
CUS0000046,64.0,54.85,9.55,27,287,21,0,0,"(48, 72]",0.1741112123974476,"(7, 30]",False,True
CUS0002142,46.0,55.52662624177525,8.218195789745577,403,195,66,0,0,"(24, 48]",0.14800459429971002,,False,False
CUS0003505,13.0,25.23,16.06,7,128,49,1,0,"(12, 24]",0.6365437970669837,"(30, 60]",False,False
CUS0004436,2.0,51.33,2.95,857,28,4,1,0,"(0, 6]",0.0574712643678161,"(-1, 7]",False,True
CUS0000163,1.0,25.76,5.76,976,224,0,2,1,"(0, 6]",0.22360248447204967,"(-1, 7]",False,False
CUS0000514,1.0,67.17,5.44,231,212,30,0,0,"(0, 6]",0.08098853654905463,"(7, 30]",False,True
CUS0006677,62.0,34.67,4.12,950,284,53,0,0,"(48, 72]",0.1188347274300548,"(30, 60]",False,True
CUS0003954,72.0,18.76,11.28,518,0,30,1,0,"(48, 72]",0.6012793176972281,"(7, 30]",False,False
CUS0001199,56.0,97.37,7.78,856,263,34,2,0,"(48, 72]",0.07990140700421074,"(30, 60]",True,False
CUS0004629,4.0,65.64,1.52,317,153,29,1,0,"(0, 6]",0.02315661182205972,"(7, 30]",True,False
CUS0000899,18.0,17.07,8.218195789745577,101,177,1,1,1,"(12, 24]",0.48144087813389436,"(-1, 7]",False,False
CUS0004112,17.0,85.32,13.55,298,182,17,5,0,"(12, 24]",0.15881387716830758,"(7, 30]",True,False
CUS0002965,21.0,33.27,13.34,31,101,37,0,0,"(12, 24]",0.4009618274721971,"(30, 60]",False,True
CUS0003400,30.0,111.83,13.76,575,44,7,3,1,"(24, 48]",0.12304390592864169,"(-1, 7]",True,False
CUS0004357,5.0,55.52662624177525,0.0,917,42,4,1,0,"(0, 6]",0.0,"(-1, 7]",False,False
CUS0003967,59.0,40.51,2.89,761,274,25,0,0,"(48, 72]",0.07134040977536411,"(7, 30]",False,True
CUS0003995,17.0,11.89,4.31,350,176,55,1,0,"(12, 24]",0.3624894869638351,"(30, 60]",False,False
CUS0004327,47.0,66.79,5.02,626,152,9,1,0,"(24, 48]",0.07516095223835902,"(7, 30]",True,False
CUS0007051,15.0,57.63,21.51,452,54,51,1,0,"(12, 24]",0.3732431025507548,"(30, 60]",False,True
CUS0006741,31.0,43.71,6.09,323,19,2,1,0,"(24, 48]",0.1393273850377488,"(-1, 7]",False,True
CUS0002903,37.0,25.83,0.58,490,276,21,0,1,"(24, 48]",0.022454510259388306,"(7, 30]",False,False
CUS0002293,5.0,10.45,9.25,406,40,36,0,0,"(0, 6]",0.8851674641148326,"(30, 60]",False,False
CUS0005343,32.0,25.22,11.84,812,74,30,0,0,"(24, 48]",0.46946867565424266,"(7, 30]",False,False
CUS0005773,28.0,61.93,5.02,869,183,28,4,1,"(24, 48]",0.0810592604553528,"(7, 30]",False,True
CUS0004694,35.0,15.45,15.84,817,31,7,1,0,"(24, 48]",1.025242718446602,"(-1, 7]",False,False
CUS0005324,50.0,10.96,6.43,487,293,1,0,0,"(48, 72]",0.5866788321167883,"(-1, 7]",False,False
CUS0000001,23.0,25.87,6.9,691,110,7,1,0,"(12, 24]",0.26671820641669886,"(-1, 7]",False,False
CUS0000407,19.0,88.54,9.28,954,84,23,1,0,"(12, 24]",0.10481138468488817,"(7, 30]",True,False
CUS0003741,55.0,27.93,5.96,712,173,38,0,1,"(48, 72]",0.213390619405657,"(30, 60]",False,False
CUS0003238,49.0,15.93,8.218195789745577,997,6,42,2,0,"(48, 72]",0.5158942743092013,"(30, 60]",False,False
CUS0005097,33.0,41.4,3.38,516,65,59,0,1,"(24, 48]",0.08164251207729468,"(30, 60]",False,True
CUS0004307,22.0,94.91,4.75,325,165,40,1,0,"(12, 24]",0.05004741333895269,"(30, 60]",True,False
CUS0002735,65.0,34.48,9.46,664,272,32,3,0,"(48, 72]",0.27436194895591653,"(30, 60]",False,True
CUS0003626,30.0,15.42,17.09,150,30,21,0,0,"(24, 48]",1.108300907911803,"(7, 30]",False,False
CUS0002243,3.0,22.46,6.27,236,149,33,0,1,"(0, 6]",0.27916295636687444,"(30, 60]",False,False
CUS0000864,55.0,17.39,19.12,100,237,2,0,0,"(48, 72]",1.0994824611845888,"(-1, 7]",False,False
CUS0001773,72.0,29.87,17.12,761,200,63,6,1,"(48, 72]",0.573150318044861,,False,False
CUS0001890,69.0,57.85,0.0,441,14,3,0,0,"(48, 72]",0.0,"(-1, 7]",False,True
CUS0005096,49.0,101.8,1.41,413,206,33,0,0,"(48, 72]",0.013850687622789784,"(30, 60]",True,False
CUS0006822,49.0,66.37,14.74,503,149,3,1,0,"(48, 72]",0.22208829290342022,"(-1, 7]",False,True
CUS0005259,21.0,44.25,10.27,108,51,5,0,0,"(12, 24]",0.23209039548022597,"(-1, 7]",False,True
CUS0007632,11.0,37.94,3.67,840,143,34,5,1,"(6, 12]",0.09673168160253032,"(30, 60]",False,True
CUS0002111,22.0,46.12,11.75,539,289,13,0,0,"(12, 24]",0.25477016478751086,"(7, 30]",False,True
CUS0002329,26.0,68.23,9.42,121,240,16,0,0,"(24, 48]",0.13806243587864575,"(7, 30]",False,True
CUS0000098,17.0,55.52662624177525,1.55,422,241,27,0,0,"(12, 24]",0.027914535870610185,"(7, 30]",False,False
CUS0000323,10.0,64.85,8.218195789745577,351,237,61,6,1,"(6, 12]",0.12672622651882157,,True,False
CUS0000996,63.0,10.26,10.89,415,233,30,1,0,"(48, 72]",1.0614035087719298,"(7, 30]",False,False
CUS0006451,43.0,17.54,7.41,466,126,1,0,0,"(24, 48]",0.4224629418472064,"(-1, 7]",False,False
CUS0001544,6.0,38.7,7.74,22,267,17,6,1,"(0, 6]",0.19999999999999998,"(7, 30]",False,True
CUS0006177,31.0,19.94,7.99,988,295,32,0,0,"(24, 48]",0.40070210631895686,"(30, 60]",False,False
CUS0004099,32.0,10.24,2.59,739,84,58,1,0,"(24, 48]",0.2529296875,"(30, 60]",False,False
CUS0001644,28.0,69.84,7.51,874,100,16,2,0,"(24, 48]",0.10753150057273768,"(7, 30]",True,False
CUS0004885,17.0,20.96,8.218195789745577,137,36,16,4,0,"(12, 24]",0.3920894937855714,"(7, 30]",False,False
CUS0003663,16.0,21.54,1.73,514,82,26,5,0,"(12, 24]",0.08031569173630455,"(7, 30]",False,False
CUS0003024,62.0,14.71,6.16,202,227,34,0,0,"(48, 72]",0.4187627464309993,"(30, 60]",False,False
CUS0007169,18.0,25.56,3.38,315,46,2,2,0,"(12, 24]",0.1322378716744914,"(-1, 7]",False,False
CUS0003709,21.0,97.62,9.75,684,226,13,0,0,"(12, 24]",0.09987707437000615,"(7, 30]",True,False
CUS0001701,32.0,54.45,2.96,356,258,22,2,0,"(24, 48]",0.054361799816345265,"(7, 30]",False,True
CUS0007575,45.0,21.77,11.55,517,37,23,0,0,"(24, 48]",0.5305466237942122,"(7, 30]",False,False
CUS0006642,67.0,53.1,21.02,372,228,24,6,0,"(48, 72]",0.3958568738229755,"(7, 30]",False,True
CUS0003999,16.0,55.52662624177525,13.05,120,181,31,2,0,"(12, 24]",0.23502238265255673,"(30, 60]",False,False
CUS0001983,45.0,55.52662624177525,2.01,559,300,24,1,0,"(24, 48]",0.03619884974188804,"(7, 30]",True,False
CUS0004431,9.0,13.9,7.2,562,245,50,0,0,"(6, 12]",0.5179856115107914,"(30, 60]",False,False
CUS0006953,22.0,19.5,10.03,363,160,9,1,0,"(12, 24]",0.5143589743589744,"(7, 30]",False,False
CUS0007170,30.0,21.84,16.52,740,18,41,0,0,"(24, 48]",0.7564102564102564,"(30, 60]",False,False
CUS0005175,49.0,119.11,10.18,599,171,53,0,0,"(48, 72]",0.08546721517924608,"(30, 60]",True,False
CUS0006061,6.0,16.8,0.2,612,130,49,0,0,"(0, 6]",0.011904761904761904,"(30, 60]",False,False
CUS0004095,72.0,29.47,10.21,907,152,30,2,0,"(48, 72]",0.3464540210383441,"(7, 30]",False,False
CUS0006391,7.0,69.43,14.03,848,259,30,0,0,"(6, 12]",0.20207403139853086,"(7, 30]",True,False
CUS0005252,22.0,17.6,8.81,550,239,3,4,0,"(12, 24]",0.5005681818181819,"(-1, 7]",False,False
CUS0002605,51.0,117.13,10.7,448,221,13,0,0,"(48, 72]",0.09135148979766072,"(7, 30]",True,False
CUS0002314,37.0,27.22,0.0,722,5,10,4,1,"(24, 48]",0.0,"(7, 30]",False,False
CUS0002495,15.0,39.01,0.0,223,141,18,0,0,"(12, 24]",0.0,"(7, 30]",False,True
CUS0007913,72.0,63.62,8.218195789745577,972,139,23,3,0,"(48, 72]",0.12917629345717663,"(7, 30]",False,True
CUS0004460,11.0,25.61,0.0,674,128,21,7,1,"(6, 12]",0.0,"(7, 30]",False,False
CUS0004721,9.0,109.17,2.1,83,241,12,2,0,"(6, 12]",0.01923605386095081,"(7, 30]",True,False
CUS0000981,46.0,28.5,1.47,390,107,4,2,0,"(24, 48]",0.05157894736842105,"(-1, 7]",False,False
CUS0003892,56.0,71.17,8.218195789745577,790,294,0,1,0,"(48, 72]",0.11547275242019919,"(-1, 7]",True,False
CUS0002386,32.0,58.16,14.08,436,269,18,0,0,"(24, 48]",0.24209078404401652,"(7, 30]",False,True
CUS0007602,62.0,28.65,12.16,828,298,45,0,0,"(48, 72]",0.4244328097731239,"(30, 60]",False,False
CUS0001718,3.0,35.27,0.0,346,114,15,0,1,"(0, 6]",0.0,"(7, 30]",False,True
CUS0001335,7.0,38.13,5.82,115,152,22,4,1,"(6, 12]",0.15263571990558614,"(7, 30]",False,True
CUS0003519,9.0,69.38,11.65,409,164,30,0,0,"(6, 12]",0.16791582588642262,"(7, 30]",False,True
CUS0000189,30.0,56.46,16.73,886,56,52,1,0,"(24, 48]",0.2963159759121502,"(30, 60]",False,True
CUS0005659,72.0,16.76,4.32,312,189,11,0,0,"(48, 72]",0.25775656324582336,"(7, 30]",False,False
CUS0000065,70.0,21.23,12.43,482,45,19,1,0,"(48, 72]",0.5854922279792746,"(7, 30]",False,False
CUS0001289,70.0,19.71,8.74,712,171,13,0,0,"(48, 72]",0.44342973110096395,"(7, 30]",False,False
CUS0004223,28.0,61.02,10.16,733,13,42,1,0,"(24, 48]",0.1665027859718125,"(30, 60]",False,True
CUS0002718,24.0,63.02,4.53,528,57,68,0,0,"(12, 24]",0.07188194224055855,,True,False
CUS0003792,10.0,30.06,11.06,788,16,42,3,1,"(6, 12]",0.36793080505655357,"(30, 60]",False,True
CUS0003491,18.0,116.64,0.0,797,83,53,4,1,"(12, 24]",0.0,"(30, 60]",True,False
CUS0002841,28.0,14.44,11.16,261,28,35,0,0,"(24, 48]",0.7728531855955679,"(30, 60]",False,False
CUS0003704,34.0,102.55,15.64,242,26,3,1,0,"(24, 48]",0.15251097025841054,"(-1, 7]",True,False
CUS0006628,9.0,10.94,2.96,706,2,63,0,1,"(6, 12]",0.27056672760511885,,False,False
CUS0007146,5.0,62.2,2.09,230,115,10,2,1,"(0, 6]",0.033601286173633435,"(7, 30]",True,False
CUS0001992,30.0,66.9,4.3,975,166,9,0,0,"(24, 48]",0.06427503736920777,"(7, 30]",False,True
CUS0001781,65.0,14.86,14.17,2,58,3,0,0,"(48, 72]",0.9535666218034994,"(-1, 7]",False,False
CUS0001132,51.0,55.52662624177525,16.75,354,216,19,0,0,"(48, 72]",0.3016570811824004,"(7, 30]",False,True
CUS0000877,4.0,18.05,12.59,384,101,54,1,1,"(0, 6]",0.6975069252077561,"(30, 60]",False,False
CUS0001849,68.0,18.53,9.33,741,130,21,2,0,"(48, 72]",0.503507825148408,"(7, 30]",False,False
CUS0005398,31.0,25.08,0.81,446,198,22,0,0,"(24, 48]",0.03229665071770335,"(7, 30]",False,False
CUS0003873,61.0,14.17,8.89,565,115,23,0,0,"(48, 72]",0.6273817925194073,"(7, 30]",False,False
CUS0001916,2.0,13.33,12.06,527,65,57,0,1,"(0, 6]",0.9047261815453864,"(30, 60]",False,False
CUS0001832,35.0,14.71,0.0,354,267,32,0,0,"(24, 48]",0.0,"(30, 60]",False,False
CUS0007512,62.0,54.68,5.43,914,282,63,0,0,"(48, 72]",0.09930504754937819,,False,True
CUS0004416,37.0,31.28,16.66,56,149,7,1,0,"(24, 48]",0.532608695652174,"(-1, 7]",False,True
CUS0007006,71.0,13.17,5.92,520,6,13,2,0,"(48, 72]",0.4495064540622627,"(7, 30]",False,False
CUS0004698,64.0,14.76,8.218195789745577,338,138,54,1,0,"(48, 72]",0.5567883326385893,"(30, 60]",False,False
CUS0004695,39.0,10.73,0.75,270,162,32,0,1,"(24, 48]",0.06989748369058714,"(30, 60]",False,False
CUS0003153,8.0,55.52662624177525,0.0,210,198,40,0,1,"(6, 12]",0.0,"(30, 60]",False,True
CUS0006101,31.0,67.52,1.61,776,17,12,0,0,"(24, 48]",0.023844786729857823,"(7, 30]",False,True
CUS0001651,69.0,55.52662624177525,14.39,461,258,16,1,0,"(48, 72]",0.25915494914714876,"(7, 30]",True,False
CUS0004410,28.0,55.52662624177525,12.48,590,96,29,1,0,"(24, 48]",0.2247570372033646,"(7, 30]",False,False
CUS0003952,57.0,13.78,10.75,253,160,4,0,0,"(48, 72]",0.7801161103047896,"(-1, 7]",False,False
CUS0005140,48.0,24.88,6.2,933,37,3,2,0,"(24, 48]",0.2491961414790997,"(-1, 7]",False,False
CUS0006186,39.0,41.58,4.42,82,277,16,6,1,"(24, 48]",0.1063011063011063,"(7, 30]",False,True
CUS0003008,9.0,94.38,6.73,518,180,7,3,0,"(6, 12]",0.0713074803983895,"(-1, 7]",True,False
CUS0005942,72.0,37.57,1.4,217,75,28,4,0,"(48, 72]",0.03726377428799574,"(7, 30]",False,True
CUS0001130,23.0,12.33,13.24,732,23,13,1,0,"(12, 24]",1.0738037307380373,"(7, 30]",False,False
CUS0003117,24.0,34.77,7.23,909,90,40,2,1,"(12, 24]",0.2079378774805867,"(30, 60]",False,True
CUS0000486,57.0,55.52662624177525,3.38,38,170,7,1,0,"(48, 72]",0.060871697575911245,"(-1, 7]",False,False
CUS0005633,66.0,72.36,11.36,184,149,6,2,0,"(48, 72]",0.15699281370923163,"(-1, 7]",True,False
CUS0005742,32.0,55.52662624177525,11.4,99,79,46,3,0,"(24, 48]",0.20530690898384266,"(30, 60]",True,False
CUS0005147,60.0,65.89,14.02,337,222,59,1,0,"(48, 72]",0.21277887388071026,"(30, 60]",False,True
CUS0003043,50.0,18.74,1.58,559,187,28,0,0,"(48, 72]",0.08431163287086448,"(7, 30]",False,False
CUS0007729,36.0,41.34,5.84,896,222,0,1,0,"(24, 48]",0.14126753749395257,"(-1, 7]",False,True
CUS0003303,48.0,65.28,7.88,519,119,62,4,0,"(24, 48]",0.12071078431372549,,True,False
CUS0003480,1.0,63.0,11.07,983,153,32,0,0,"(0, 6]",0.1757142857142857,"(30, 60]",True,False
CUS0000942,71.0,10.55,10.21,890,240,50,4,0,"(48, 72]",0.9677725118483412,"(30, 60]",False,False
CUS0001780,48.0,55.52662624177525,10.45,814,13,1,1,0,"(24, 48]",0.18819799990185576,"(-1, 7]",False,False
CUS0002809,2.0,83.96,8.84,945,178,20,1,0,"(0, 6]",0.1052882324916627,"(7, 30]",True,False
CUS0007222,43.0,55.52662624177525,11.6,361,265,53,0,0,"(24, 48]",0.2089087845800504,"(30, 60]",False,True
CUS0002434,42.0,11.28,11.72,630,27,2,1,0,"(24, 48]",1.0390070921985817,"(-1, 7]",False,False
CUS0003694,13.0,69.51,6.35,944,289,65,0,0,"(12, 24]",0.09135376204862608,,True,False
CUS0003744,1.0,27.51,3.43,825,159,35,0,1,"(0, 6]",0.12468193384223919,"(30, 60]",False,False
CUS0006745,9.0,66.81,7.49,795,235,27,4,0,"(6, 12]",0.11210896572369405,"(7, 30]",False,True
CUS0000093,36.0,14.95,13.79,511,118,17,3,0,"(24, 48]",0.9224080267558529,"(7, 30]",False,False
CUS0004349,44.0,58.76,8.35,163,25,26,1,1,"(24, 48]",0.14210347174948945,"(7, 30]",False,True
CUS0004952,68.0,16.5,0.43,888,245,20,0,1,"(48, 72]",0.026060606060606062,"(7, 30]",False,False
CUS0003665,34.0,55.74,14.44,364,182,4,0,0,"(24, 48]",0.2590599210620739,"(-1, 7]",False,True
CUS0005285,56.0,119.0,8.02,282,192,66,0,0,"(48, 72]",0.06739495798319327,,True,False
CUS0001415,68.0,16.29,6.09,881,40,17,1,0,"(48, 72]",0.3738489871086556,"(7, 30]",False,False
CUS0002019,14.0,64.89,0.47,140,170,48,0,0,"(12, 24]",0.0072430266605023885,"(30, 60]",False,True
CUS0004094,57.0,94.09,12.85,348,123,49,0,0,"(48, 72]",0.1365713678393028,"(30, 60]",True,False
CUS0000080,31.0,108.43,4.2,473,145,53,4,0,"(24, 48]",0.03873466752743705,"(30, 60]",True,False
CUS0003562,68.0,86.15,9.09,770,102,3,2,0,"(48, 72]",0.10551363900174114,"(-1, 7]",True,False
CUS0005275,2.0,13.85,11.25,465,281,28,0,1,"(0, 6]",0.8122743682310469,"(7, 30]",False,False
CUS0000109,23.0,49.43,7.29,513,256,50,0,1,"(12, 24]",0.14748128666801538,"(30, 60]",False,True
CUS0003132,44.0,95.01,6.01,334,5,7,1,0,"(24, 48]",0.06325649931586148,"(-1, 7]",True,False
CUS0006393,14.0,69.63,21.43,477,124,3,0,0,"(12, 24]",0.307769639523194,"(-1, 7]",False,True
CUS0007956,66.0,107.94,6.19,962,130,28,0,0,"(48, 72]",0.05734667407819159,"(7, 30]",True,False
CUS0000637,50.0,54.87,4.92,463,281,29,4,1,"(48, 72]",0.0896664844177146,"(7, 30]",False,True
CUS0005467,23.0,55.52662624177525,9.17,733,59,51,2,0,"(12, 24]",0.16514599608612607,"(30, 60]",True,False
CUS0003719,51.0,45.62,13.37,565,8,35,0,0,"(48, 72]",0.29307321350284965,"(30, 60]",False,True
CUS0004647,44.0,13.95,5.54,382,49,22,2,0,"(24, 48]",0.39713261648745524,"(7, 30]",False,False
CUS0004069,15.0,37.81,1.19,957,182,39,3,1,"(12, 24]",0.031473155249933875,"(30, 60]",False,True
CUS0003541,1.0,107.79,3.05,341,269,5,1,0,"(0, 6]",0.02829576027460803,"(-1, 7]",True,False
CUS0001566,56.0,55.52662624177525,0.0,385,122,28,1,1,"(48, 72]",0.0,"(7, 30]",False,False
CUS0007454,62.0,63.4,6.15,534,178,47,3,0,"(48, 72]",0.0970031545741325,"(30, 60]",True,False
CUS0003291,40.0,117.16,7.32,916,108,48,6,1,"(24, 48]",0.06247866165926938,"(30, 60]",True,False
CUS0006906,34.0,77.43,8.1,371,227,36,0,0,"(24, 48]",0.10461061604029445,"(30, 60]",True,False
CUS0001123,56.0,51.92,12.63,226,141,33,1,0,"(48, 72]",0.24325885978428352,"(30, 60]",False,True
CUS0007305,41.0,23.83,13.99,271,212,5,1,0,"(24, 48]",0.5870751154007554,"(-1, 7]",False,False
CUS0001511,35.0,55.52662624177525,13.62,60,205,23,1,0,"(24, 48]",0.24528772810174884,"(7, 30]",False,True
CUS0001017,28.0,14.71,0.95,755,113,19,0,0,"(24, 48]",0.06458191706322229,"(7, 30]",False,False
CUS0002646,34.0,61.96,4.93,594,234,40,1,0,"(24, 48]",0.07956746287927695,"(30, 60]",False,True
CUS0000647,71.0,35.15,19.78,980,69,35,0,0,"(48, 72]",0.5627311522048365,"(30, 60]",False,True
CUS0003877,22.0,40.69,12.38,259,47,19,2,1,"(12, 24]",0.30425165888424677,"(7, 30]",False,True
CUS0004748,29.0,55.52662624177525,3.49,193,141,35,1,0,"(24, 48]",0.06285272915382552,"(30, 60]",False,True
CUS0001070,70.0,118.07,15.2,775,183,64,3,0,"(48, 72]",0.12873718980265944,,True,False
CUS0006713,22.0,28.83,8.99,909,5,18,1,0,"(12, 24]",0.3118279569892473,"(7, 30]",False,False
CUS0004940,21.0,19.94,1.96,503,53,37,0,0,"(12, 24]",0.09829488465396188,"(30, 60]",False,False
CUS0003284,3.0,23.95,13.18,974,286,46,3,1,"(0, 6]",0.5503131524008351,"(30, 60]",False,False
CUS0002349,1.0,34.19,9.16,784,130,30,2,1,"(0, 6]",0.26791459491079267,"(7, 30]",False,True
CUS0006058,19.0,55.52662624177525,0.0,273,92,6,1,1,"(12, 24]",0.0,"(-1, 7]",False,True
CUS0000768,8.0,36.81,8.79,679,102,12,2,0,"(6, 12]",0.2387938060309698,"(7, 30]",False,True
CUS0002494,2.0,19.1,8.218195789745577,745,91,10,0,0,"(0, 6]",0.43027203087673177,"(7, 30]",False,False
CUS0006804,5.0,55.52662624177525,0.45,680,180,14,0,1,"(0, 6]",0.008104220091467473,"(7, 30]",False,False
CUS0000450,30.0,29.84,7.29,897,224,19,0,0,"(24, 48]",0.2443029490616622,"(7, 30]",False,False
CUS0004566,29.0,87.12,3.99,481,59,6,0,0,"(24, 48]",0.04579889807162534,"(-1, 7]",True,False
CUS0002205,23.0,14.15,2.56,211,138,9,0,0,"(12, 24]",0.18091872791519434,"(7, 30]",False,False
CUS0003564,56.0,28.79,0.05,740,213,11,1,0,"(48, 72]",0.001736714136853074,"(7, 30]",False,False
CUS0001453,1.0,68.77,8.47,109,102,19,2,0,"(0, 6]",0.12316417042314964,"(7, 30]",True,False
CUS0000082,40.0,101.75,7.2,90,219,6,0,0,"(24, 48]",0.07076167076167077,"(-1, 7]",True,False
CUS0005554,40.0,64.38,7.62,812,72,58,0,0,"(24, 48]",0.11835973904939423,"(30, 60]",False,True
CUS0006418,22.0,41.66,10.71,401,133,45,1,1,"(12, 24]",0.25708113298127705,"(30, 60]",False,True
CUS0002191,10.0,55.52662624177525,10.28,773,260,10,3,0,"(6, 12]",0.18513640564507916,"(7, 30]",False,True
CUS0007179,4.0,57.04,7.83,123,252,24,5,1,"(0, 6]",0.13727208976157082,"(7, 30]",False,True
CUS0002586,45.0,64.99,7.97,813,37,2,0,0,"(24, 48]",0.1226342514232959,"(-1, 7]",False,True
CUS0004136,5.0,27.95,5.11,184,150,35,0,0,"(0, 6]",0.1828264758497317,"(30, 60]",False,False
CUS0006756,53.0,28.86,17.2,16,204,12,1,0,"(48, 72]",0.5959805959805959,"(7, 30]",False,False
CUS0000876,27.0,66.2,0.0,436,34,12,7,1,"(24, 48]",0.0,"(7, 30]",True,False
CUS0004578,46.0,25.99,1.06,201,5,3,6,0,"(24, 48]",0.04078491727587534,"(-1, 7]",False,False
CUS0004996,37.0,18.37,2.17,868,116,1,0,0,"(24, 48]",0.11812738160043548,"(-1, 7]",False,False
CUS0003783,28.0,55.52662624177525,1.35,966,69,60,1,0,"(24, 48]",0.02431266027440242,"(30, 60]",False,False
CUS0003716,26.0,57.17,11.13,218,2,28,3,0,"(24, 48]",0.1946825258002449,"(7, 30]",False,True
CUS0004508,14.0,10.13,12.7,28,216,12,0,0,"(12, 24]",1.253701875616979,"(7, 30]",False,False
CUS0002467,2.0,26.42,18.39,751,207,51,0,0,"(0, 6]",0.6960635881907645,"(30, 60]",False,False
CUS0005048,28.0,69.33,1.65,181,93,3,0,0,"(24, 48]",0.023799221116399826,"(-1, 7]",False,True
CUS0005709,32.0,62.94,8.26,820,32,19,0,0,"(24, 48]",0.13123609787098825,"(7, 30]",False,True
CUS0001153,56.0,92.94,12.08,373,163,55,0,0,"(48, 72]",0.1299763288142888,"(30, 60]",True,False
CUS0004912,10.0,16.88,16.68,303,163,28,0,0,"(6, 12]",0.9881516587677726,"(7, 30]",False,False
CUS0007730,36.0,20.11,10.53,697,17,2,0,0,"(24, 48]",0.5236200895077076,"(-1, 7]",False,False
CUS0003434,26.0,101.68,7.25,676,16,24,0,0,"(24, 48]",0.0713021243115657,"(7, 30]",True,False
CUS0001984,46.0,22.68,6.35,589,85,24,2,0,"(24, 48]",0.27998236331569665,"(7, 30]",False,False
CUS0004179,12.0,12.38,12.42,519,154,11,0,0,"(6, 12]",1.0032310177705976,"(7, 30]",False,False
CUS0005194,13.0,116.98,9.75,2,194,23,0,0,"(12, 24]",0.08334758078303983,"(7, 30]",True,False
CUS0003278,57.0,31.91,4.59,422,222,13,0,0,"(48, 72]",0.14384205578188655,"(7, 30]",False,True
CUS0003115,33.0,23.36,0.0,174,61,16,1,0,"(24, 48]",0.0,"(7, 30]",False,False
CUS0003249,4.0,24.65,15.69,130,198,33,0,0,"(0, 6]",0.6365111561866126,"(30, 60]",False,False
CUS0005806,68.0,89.05,4.31,563,133,16,5,0,"(48, 72]",0.04839977540707467,"(7, 30]",True,False
CUS0004162,54.0,13.57,0.0,668,33,14,0,0,"(48, 72]",0.0,"(7, 30]",False,False
CUS0007541,3.0,24.44,7.49,218,23,15,0,0,"(0, 6]",0.30646481178396073,"(7, 30]",False,False
CUS0001315,32.0,20.54,10.15,794,71,27,1,1,"(24, 48]",0.49415774099318405,"(7, 30]",False,False
CUS0005098,51.0,15.35,4.66,788,237,16,0,0,"(48, 72]",0.3035830618892508,"(7, 30]",False,False
CUS0002533,11.0,29.9,9.03,872,195,32,0,0,"(6, 12]",0.3020066889632107,"(30, 60]",False,False
CUS0000705,48.0,110.75,14.57,536,61,10,3,0,"(24, 48]",0.13155756207674943,"(7, 30]",True,False
CUS0003692,68.0,29.51,3.16,617,80,13,7,0,"(48, 72]",0.10708234496780752,"(7, 30]",False,False
CUS0002743,46.0,26.77,6.79,87,164,31,1,0,"(24, 48]",0.2536421367202092,"(30, 60]",False,False
CUS0002350,48.0,56.5,0.0,213,99,19,2,0,"(24, 48]",0.0,"(7, 30]",False,True
CUS0001561,37.0,55.52662624177525,4.09,561,182,50,0,0,"(24, 48]",0.07365835594244881,"(30, 60]",False,False
CUS0001843,62.0,19.32,6.33,451,238,11,1,0,"(48, 72]",0.327639751552795,"(7, 30]",False,False
CUS0001660,70.0,24.32,8.218195789745577,357,21,25,1,0,"(48, 72]",0.3379192347757227,"(7, 30]",False,False
CUS0003237,7.0,55.24,12.85,810,279,27,1,0,"(6, 12]",0.23262128892107167,"(7, 30]",False,True
CUS0002461,54.0,94.61,4.57,351,24,43,1,0,"(48, 72]",0.048303561991332844,"(30, 60]",True,False
CUS0004163,25.0,14.57,0.12,90,209,40,0,1,"(24, 48]",0.008236101578586135,"(30, 60]",False,False
CUS0003530,13.0,51.83,9.29,519,78,32,1,1,"(12, 24]",0.17923982249662357,"(30, 60]",False,True
CUS0001446,59.0,22.37,0.0,154,2,4,0,0,"(48, 72]",0.0,"(-1, 7]",False,False
CUS0006185,9.0,38.65,5.52,806,145,14,0,0,"(6, 12]",0.14282018111254852,"(7, 30]",False,True
CUS0006133,62.0,74.37,13.59,774,293,19,0,0,"(48, 72]",0.1827349737797499,"(7, 30]",True,False
CUS0003997,65.0,55.52662624177525,16.1,731,140,29,5,1,"(48, 72]",0.2899509854947252,"(7, 30]",False,False
CUS0002874,9.0,15.47,6.56,828,54,19,3,0,"(6, 12]",0.42404654169360045,"(7, 30]",False,False
CUS0000253,57.0,37.35,8.68,534,231,2,1,0,"(48, 72]",0.2323962516733601,"(-1, 7]",False,True
CUS0000661,39.0,12.6,17.22,905,247,18,2,0,"(24, 48]",1.3666666666666667,"(7, 30]",False,False
CUS0006119,10.0,69.31,0.8,99,86,16,1,0,"(6, 12]",0.011542345981820806,"(7, 30]",True,False
CUS0004072,19.0,13.12,3.01,822,239,1,3,0,"(12, 24]",0.22942073170731708,"(-1, 7]",False,False
CUS0007611,7.0,55.52662624177525,9.97,23,75,25,1,0,"(6, 12]",0.17955349847095714,"(7, 30]",False,False
CUS0006146,32.0,70.26,6.51,341,44,7,3,0,"(24, 48]",0.09265584970111015,"(-1, 7]",True,False
CUS0002942,29.0,20.26,18.13,898,171,47,2,0,"(24, 48]",0.8948667324777886,"(30, 60]",False,False
CUS0006145,26.0,12.5,11.27,264,179,20,0,0,"(24, 48]",0.9016,"(7, 30]",False,False
CUS0005582,3.0,83.31,11.11,654,282,10,1,0,"(0, 6]",0.13335734005521546,"(7, 30]",True,False
CUS0003432,18.0,77.2,4.51,981,202,17,0,0,"(12, 24]",0.05841968911917098,"(7, 30]",True,False
CUS0004332,25.0,42.62,13.19,481,225,1,3,0,"(24, 48]",0.3094791177850774,"(-1, 7]",False,True
CUS0001434,67.0,64.4,17.93,714,244,25,2,0,"(48, 72]",0.27841614906832296,"(7, 30]",True,False
CUS0001495,40.0,29.9,1.75,645,79,15,0,0,"(24, 48]",0.05852842809364549,"(7, 30]",False,False
CUS0000727,43.0,55.52662624177525,15.77,660,252,12,0,0,"(24, 48]",0.2840078907609823,"(7, 30]",False,True
CUS0005345,2.0,14.88,2.25,593,169,64,0,1,"(0, 6]",0.15120967741935484,,False,False
CUS0003426,16.0,26.61,5.99,321,147,22,1,0,"(12, 24]",0.2251033446072905,"(7, 30]",False,False
CUS0007653,22.0,21.71,2.24,166,114,92,0,1,"(12, 24]",0.10317825886688163,,False,False
CUS0000404,8.0,32.91,13.18,312,217,24,0,0,"(6, 12]",0.40048617441507145,"(7, 30]",False,True
CUS0007986,40.0,46.32,0.54,274,18,24,0,0,"(24, 48]",0.011658031088082903,"(7, 30]",False,True
CUS0003240,64.0,10.56,8.218195789745577,580,227,32,0,0,"(48, 72]",0.7782382376653009,"(30, 60]",False,False
CUS0007259,56.0,106.08,10.13,795,36,35,2,0,"(48, 72]",0.09549396681749624,"(30, 60]",True,False
CUS0001828,33.0,73.7,4.78,998,196,24,0,0,"(24, 48]",0.06485753052917233,"(7, 30]",True,False
CUS0005867,28.0,18.35,3.55,554,207,80,5,1,"(24, 48]",0.19346049046321523,,False,False
CUS0001129,24.0,11.64,12.0,294,161,49,5,0,"(12, 24]",1.0309278350515463,"(30, 60]",False,False
CUS0000532,13.0,24.16,7.37,459,278,14,0,0,"(12, 24]",0.3050496688741722,"(7, 30]",False,False
CUS0006598,70.0,50.94,12.28,517,50,20,0,0,"(48, 72]",0.24106792304672164,"(7, 30]",False,True
CUS0004652,37.0,77.68,11.2,145,272,53,1,1,"(24, 48]",0.1441812564366632,"(30, 60]",True,False
CUS0004363,46.0,66.12,9.85,41,73,42,3,0,"(24, 48]",0.14897156684815485,"(30, 60]",False,True
CUS0004655,41.0,25.79,8.29,359,283,22,0,0,"(24, 48]",0.3214424195424583,"(7, 30]",False,False
CUS0001322,71.0,68.09,8.3,438,176,16,3,0,"(48, 72]",0.12189748861800559,"(7, 30]",True,False
CUS0003636,24.0,84.07,10.25,898,132,72,1,1,"(12, 24]",0.1219222076840728,,True,False
CUS0003422,24.0,64.94,18.76,75,260,14,2,0,"(12, 24]",0.28888204496458275,"(7, 30]",False,True
CUS0003479,70.0,40.48,8.85,930,193,45,1,0,"(48, 72]",0.21862648221343875,"(30, 60]",False,True
CUS0005400,9.0,65.1,2.8,880,16,26,0,0,"(6, 12]",0.043010752688172046,"(7, 30]",True,False
CUS0001551,69.0,93.5,11.32,428,78,32,1,0,"(48, 72]",0.12106951871657755,"(30, 60]",True,False
CUS0004026,68.0,12.57,11.75,819,299,13,3,0,"(48, 72]",0.9347653142402546,"(7, 30]",False,False
CUS0000068,38.0,14.57,13.43,925,14,30,2,0,"(24, 48]",0.9217570350034316,"(7, 30]",False,False
CUS0007138,15.0,40.86,6.7,7,137,23,1,0,"(12, 24]",0.16397454723445914,"(7, 30]",False,True
CUS0007538,51.0,68.55,8.34,861,3,45,0,0,"(48, 72]",0.12166301969365427,"(30, 60]",False,True
CUS0003369,19.0,35.24,11.38,885,167,24,2,0,"(12, 24]",0.3229284903518729,"(7, 30]",False,True
CUS0004860,6.0,10.25,11.54,63,21,7,2,1,"(0, 6]",1.1258536585365853,"(-1, 7]",False,False
CUS0007376,10.0,28.67,9.16,522,189,8,0,0,"(6, 12]",0.3194977328217649,"(7, 30]",False,False
CUS0001839,22.0,55.52662624177525,13.4,422,218,11,2,0,"(12, 24]",0.24132566494592034,"(7, 30]",False,False
CUS0002847,4.0,28.06,10.19,780,258,16,1,0,"(0, 6]",0.3631503920171062,"(7, 30]",False,False
CUS0006963,17.0,39.56,11.12,356,199,14,0,0,"(12, 24]",0.2810920121334681,"(7, 30]",False,True
CUS0002283,65.0,28.61,5.8,597,58,4,0,0,"(48, 72]",0.20272631946871722,"(-1, 7]",False,False
CUS0003902,60.0,17.13,8.218195789745577,880,149,31,0,0,"(48, 72]",0.4797545703295725,"(30, 60]",False,False
CUS0003445,67.0,115.69,1.27,348,65,3,2,0,"(48, 72]",0.010977612585357422,"(-1, 7]",True,False
CUS0002285,11.0,12.83,1.85,541,88,18,0,0,"(6, 12]",0.14419329696024943,"(7, 30]",False,False
CUS0007202,64.0,44.2,0.66,174,268,17,6,0,"(48, 72]",0.014932126696832578,"(7, 30]",False,True
CUS0000696,22.0,15.96,3.5,940,216,32,3,1,"(12, 24]",0.21929824561403508,"(30, 60]",False,False
CUS0004029,38.0,74.42,9.67,448,197,37,0,0,"(24, 48]",0.12993818865896264,"(30, 60]",True,False
CUS0002346,44.0,25.43,5.99,576,166,11,0,0,"(24, 48]",0.23554856468737712,"(7, 30]",False,False
CUS0005964,29.0,46.97,4.93,827,200,15,5,0,"(24, 48]",0.10496061315733446,"(7, 30]",False,True
CUS0006508,39.0,65.05,18.25,675,68,20,2,0,"(24, 48]",0.28055342044581094,"(7, 30]",False,True
CUS0001158,6.0,16.42,8.16,634,298,54,3,1,"(0, 6]",0.49695493300852617,"(30, 60]",False,False
CUS0006138,18.0,26.2,9.13,770,93,29,3,0,"(12, 24]",0.3484732824427481,"(7, 30]",False,False
CUS0007371,13.0,23.61,14.9,163,203,19,3,1,"(12, 24]",0.6310885218127912,"(7, 30]",False,False
CUS0004549,47.0,28.49,13.93,362,260,32,1,0,"(24, 48]",0.48894348894348894,"(30, 60]",False,False
CUS0000174,66.0,98.66,7.52,764,300,4,1,1,"(48, 72]",0.07622136630853436,"(-1, 7]",True,False
CUS0003795,33.0,116.0,6.66,330,275,48,0,0,"(24, 48]",0.057413793103448275,"(30, 60]",True,False
CUS0005578,32.0,35.66,16.06,197,19,30,2,0,"(24, 48]",0.45036455412226584,"(7, 30]",False,True
CUS0004675,39.0,32.44,9.23,525,189,48,0,0,"(24, 48]",0.2845252774352651,"(30, 60]",False,True
CUS0000535,57.0,112.11,7.63,943,33,50,3,0,"(48, 72]",0.06805815716706806,"(30, 60]",True,False
CUS0000238,9.0,17.62,5.38,181,186,19,0,0,"(6, 12]",0.3053348467650397,"(7, 30]",False,False
CUS0001231,9.0,85.37,9.32,400,36,6,0,0,"(6, 12]",0.10917184022490337,"(-1, 7]",True,False
CUS0001747,72.0,102.06,12.4,733,29,33,3,0,"(48, 72]",0.12149715853419557,"(30, 60]",True,False
CUS0007011,72.0,55.52662624177525,0.0,512,216,22,0,0,"(48, 72]",0.0,"(7, 30]",False,False
CUS0003880,16.0,51.97,20.96,423,65,26,1,0,"(12, 24]",0.4033096016932846,"(7, 30]",False,True
CUS0001911,62.0,13.36,0.0,623,76,22,0,0,"(48, 72]",0.0,"(7, 30]",False,False
CUS0000838,72.0,13.56,14.81,536,154,27,0,0,"(48, 72]",1.0921828908554572,"(7, 30]",False,False
CUS0001814,11.0,49.57,9.25,773,157,56,0,1,"(6, 12]",0.1866048012911035,"(30, 60]",False,True
CUS0000839,8.0,16.85,7.76,852,234,32,3,1,"(6, 12]",0.46053412462908005,"(30, 60]",False,False
CUS0004950,49.0,12.41,10.86,830,222,22,0,0,"(48, 72]",0.8751007252215954,"(7, 30]",False,False
CUS0000601,1.0,22.97,0.0,992,31,59,5,1,"(0, 6]",0.0,"(30, 60]",False,False
CUS0002201,67.0,80.47,6.42,412,262,14,0,0,"(48, 72]",0.07978128495091338,"(7, 30]",True,False
CUS0007881,3.0,63.58,8.71,583,136,11,2,0,"(0, 6]",0.1369927650204467,"(7, 30]",False,True
CUS0001759,63.0,52.75,13.5,440,158,29,0,0,"(48, 72]",0.2559241706161137,"(7, 30]",False,True
CUS0007959,34.0,64.35,3.6,474,132,39,0,0,"(24, 48]",0.05594405594405595,"(30, 60]",False,True
CUS0002271,7.0,20.62,9.6,389,262,58,0,0,"(6, 12]",0.4655674102812803,"(30, 60]",False,False
CUS0003699,42.0,14.34,2.43,909,88,16,3,0,"(24, 48]",0.16945606694560672,"(7, 30]",False,False
CUS0003802,61.0,79.24,9.8,0,50,33,6,0,"(48, 72]",0.1236749116607774,"(30, 60]",True,False
CUS0004881,68.0,95.23,13.15,856,46,25,0,0,"(48, 72]",0.13808673737267668,"(7, 30]",True,False
CUS0000052,56.0,28.31,11.49,384,90,26,0,0,"(48, 72]",0.40586365241963973,"(7, 30]",False,False
CUS0000813,45.0,43.88,7.39,462,18,20,1,0,"(24, 48]",0.16841385597082953,"(7, 30]",False,True
CUS0006148,39.0,15.79,11.63,658,197,41,0,0,"(24, 48]",0.7365421152628246,"(30, 60]",False,False
CUS0003984,70.0,26.65,2.97,602,96,61,1,0,"(48, 72]",0.11144465290806756,,False,False
CUS0006046,14.0,78.02,0.22,538,199,40,0,0,"(12, 24]",0.0028197897974878237,"(30, 60]",True,False
CUS0000014,44.0,68.55,7.43,274,139,28,7,0,"(24, 48]",0.10838803792851932,"(7, 30]",False,True
CUS0002634,54.0,11.51,4.34,496,205,32,1,0,"(48, 72]",0.37706342311033886,"(30, 60]",False,False
CUS0005082,51.0,58.16,15.55,396,226,45,1,0,"(48, 72]",0.26736588720770293,"(30, 60]",False,True
CUS0003983,13.0,29.21,13.03,318,280,26,1,0,"(12, 24]",0.44608010955152344,"(7, 30]",False,False
CUS0000003,44.0,59.9,4.62,926,107,64,0,0,"(24, 48]",0.07712854757929884,,False,True
CUS0003307,60.0,29.56,5.58,578,62,65,0,0,"(48, 72]",0.18876860622462788,,False,False
CUS0003399,66.0,60.34,8.23,502,3,47,6,1,"(48, 72]",0.13639376864434868,"(30, 60]",True,False
CUS0005113,29.0,17.62,8.218195789745577,802,207,57,1,0,"(24, 48]",0.4664129279083755,"(30, 60]",False,False
CUS0007518,22.0,117.77,10.53,333,35,56,0,0,"(12, 24]",0.08941156491466418,"(30, 60]",True,False
CUS0002162,34.0,24.08,12.43,785,130,30,8,1,"(24, 48]",0.5161960132890365,"(7, 30]",False,False
CUS0006935,35.0,24.69,1.0,315,151,28,2,0,"(24, 48]",0.04050222762251924,"(7, 30]",False,False
CUS0000728,35.0,11.75,11.29,163,178,2,2,0,"(24, 48]",0.9608510638297871,"(-1, 7]",False,False
CUS0007978,45.0,24.67,17.11,47,181,49,0,0,"(24, 48]",0.6935549250101337,"(30, 60]",False,False
CUS0000033,56.0,68.9,21.68,619,91,54,2,0,"(48, 72]",0.31465892597968065,"(30, 60]",True,False
CUS0004907,30.0,79.56,11.82,629,57,15,2,0,"(24, 48]",0.14856711915535445,"(7, 30]",True,False
CUS0007513,23.0,29.05,8.74,22,207,10,7,1,"(12, 24]",0.30086058519793457,"(7, 30]",False,False
CUS0003345,37.0,11.9,9.29,777,224,67,0,1,"(24, 48]",0.7806722689075629,,False,False
CUS0003809,10.0,11.92,12.49,392,8,20,0,0,"(6, 12]",1.0478187919463087,"(7, 30]",False,False
CUS0006856,36.56668337929305,62.76,8.218195789745577,323,180,44,0,1,"(24, 48]",0.130946395630108,"(30, 60]",False,True
CUS0006401,20.0,19.74,15.27,366,274,48,0,0,"(12, 24]",0.7735562310030396,"(30, 60]",False,False
CUS0003988,34.0,11.38,11.98,119,286,5,3,0,"(24, 48]",1.0527240773286468,"(-1, 7]",False,False
CUS0006985,15.0,45.44,12.29,460,199,58,3,1,"(12, 24]",0.2704665492957746,"(30, 60]",False,True
CUS0007027,12.0,67.0,4.14,674,98,34,2,0,"(6, 12]",0.0617910447761194,"(30, 60]",True,False
CUS0007660,36.0,17.62,0.0,595,92,27,0,0,"(24, 48]",0.0,"(7, 30]",False,False
CUS0006544,1.0,13.79,4.9,220,123,21,0,0,"(0, 6]",0.35532994923857875,"(7, 30]",False,False
CUS0005022,45.0,13.78,10.64,784,11,13,0,0,"(24, 48]",0.7721335268505081,"(7, 30]",False,False
CUS0003224,37.0,61.31,9.43,532,275,10,4,0,"(24, 48]",0.15380851410862828,"(7, 30]",True,False
CUS0006634,33.0,33.33,14.74,202,153,9,0,0,"(24, 48]",0.44224422442244227,"(7, 30]",False,True
CUS0006312,6.0,79.64,12.72,432,2,0,0,0,"(0, 6]",0.15971873430436967,"(-1, 7]",True,False
CUS0004637,50.0,65.79,9.27,311,271,37,0,0,"(48, 72]",0.14090287277701777,"(30, 60]",False,True
CUS0000528,33.0,21.25,9.01,884,242,35,0,0,"(24, 48]",0.424,"(30, 60]",False,False
CUS0001746,36.0,17.25,12.73,574,118,14,0,0,"(24, 48]",0.7379710144927536,"(7, 30]",False,False
CUS0007183,22.0,16.35,6.45,383,8,34,8,1,"(12, 24]",0.39449541284403666,"(30, 60]",False,False
CUS0002123,53.0,15.99,9.77,254,101,23,2,0,"(48, 72]",0.6110068792995622,"(7, 30]",False,False
CUS0002223,10.0,66.56,13.26,88,80,47,0,0,"(6, 12]",0.19921875,"(30, 60]",False,True
CUS0001769,45.0,10.1,8.9,234,106,5,0,0,"(24, 48]",0.8811881188118813,"(-1, 7]",False,False
CUS0005938,30.0,23.84,0.0,687,87,7,0,0,"(24, 48]",0.0,"(-1, 7]",False,False
CUS0006595,3.0,56.18,4.79,326,138,17,0,0,"(0, 6]",0.08526165895336418,"(7, 30]",False,True
CUS0002252,70.0,17.76,6.78,509,102,55,0,0,"(48, 72]",0.38175675675675674,"(30, 60]",False,False
CUS0004937,9.0,19.26,2.37,749,45,17,5,1,"(6, 12]",0.12305295950155763,"(7, 30]",False,False
CUS0004606,19.0,68.45,5.12,695,11,10,6,1,"(12, 24]",0.07479912344777209,"(7, 30]",True,False
CUS0005923,60.0,55.52662624177525,9.16,150,104,10,3,0,"(48, 72]",0.1649659023063157,"(7, 30]",True,False
CUS0004866,24.0,23.11,18.31,617,22,32,1,0,"(12, 24]",0.7922977066205106,"(30, 60]",False,False
CUS0000024,71.0,26.46,10.04,276,137,3,2,0,"(48, 72]",0.37944066515495084,"(-1, 7]",False,False
CUS0001914,63.0,29.03,9.89,565,169,22,0,0,"(48, 72]",0.34068205304857047,"(7, 30]",False,False
CUS0004984,53.0,100.28,10.95,225,219,21,8,0,"(48, 72]",0.10919425608296768,"(7, 30]",True,False
CUS0004666,29.0,45.46,15.19,696,34,31,1,0,"(24, 48]",0.3341399032116146,"(30, 60]",False,True
CUS0004133,66.0,21.92,9.6,441,132,44,4,0,"(48, 72]",0.437956204379562,"(30, 60]",False,False
CUS0004166,19.0,22.23,10.95,776,101,40,1,0,"(12, 24]",0.4925775978407557,"(30, 60]",False,False
CUS0007156,28.0,50.27,0.0,588,261,54,5,1,"(24, 48]",0.0,"(30, 60]",False,True
CUS0006187,28.0,57.47,1.59,581,197,15,0,0,"(24, 48]",0.02766660866539064,"(7, 30]",False,True
CUS0007296,62.0,39.4,1.14,578,230,45,0,0,"(48, 72]",0.02893401015228426,"(30, 60]",False,True
CUS0002417,8.0,108.2,1.29,96,107,35,1,0,"(6, 12]",0.011922365988909427,"(30, 60]",True,False
CUS0002930,19.0,15.53,6.27,480,133,31,4,0,"(12, 24]",0.40373470701867353,"(30, 60]",False,False
CUS0001527,49.0,26.13,11.64,977,275,9,1,0,"(48, 72]",0.4454649827784157,"(7, 30]",False,False
CUS0001239,36.0,22.24,3.94,860,249,44,2,0,"(24, 48]",0.17715827338129497,"(30, 60]",False,False
CUS0000487,27.0,41.58,3.0,895,163,19,4,0,"(24, 48]",0.07215007215007216,"(7, 30]",False,True
CUS0003662,22.0,20.36,10.61,523,41,27,3,1,"(12, 24]",0.5211198428290766,"(7, 30]",False,False
CUS0004039,55.0,38.71,0.63,524,65,3,2,0,"(48, 72]",0.0162748643761302,"(-1, 7]",False,True
CUS0000401,6.0,64.83,3.24,974,33,14,0,0,"(0, 6]",0.049976862563627954,"(7, 30]",False,True
CUS0007993,68.0,55.52662624177525,10.78,665,266,56,3,1,"(48, 72]",0.19414109463559856,"(30, 60]",False,False
CUS0000895,39.0,15.96,12.75,712,214,5,1,0,"(24, 48]",0.7988721804511277,"(-1, 7]",False,False
CUS0004328,41.0,63.17,6.38,153,62,31,1,0,"(24, 48]",0.10099730884913724,"(30, 60]",False,True
CUS0000481,4.0,12.79,9.74,133,107,2,1,0,"(0, 6]",0.7615324472243942,"(-1, 7]",False,False
CUS0005299,68.0,29.31,0.0,263,257,17,8,1,"(48, 72]",0.0,"(7, 30]",False,False
CUS0001386,51.0,68.73,4.94,12,30,1,0,0,"(48, 72]",0.07187545467772442,"(-1, 7]",False,True
CUS0000288,28.0,20.5,0.0,881,284,4,0,0,"(24, 48]",0.0,"(-1, 7]",False,False
CUS0006747,11.0,19.21,5.24,151,232,39,5,1,"(6, 12]",0.27277459656428943,"(30, 60]",False,False
CUS0007316,29.0,68.3,3.01,300,38,18,5,0,"(24, 48]",0.044070278184480234,"(7, 30]",True,False
CUS0002884,61.0,14.18,10.58,79,144,0,2,0,"(48, 72]",0.7461212976022568,"(-1, 7]",False,False
CUS0004459,36.56668337929305,26.68,19.51,154,199,34,0,0,"(24, 48]",0.7312593703148427,"(30, 60]",False,False
CUS0004117,2.0,27.42,0.0,795,79,37,0,1,"(0, 6]",0.0,"(30, 60]",False,False
CUS0007825,69.0,46.93,10.83,232,119,65,0,0,"(48, 72]",0.23076923076923078,,False,True
CUS0000716,4.0,16.94,6.8,493,47,58,0,0,"(0, 6]",0.4014167650531286,"(30, 60]",False,False
CUS0006502,32.0,57.57,4.75,963,115,43,1,0,"(24, 48]",0.08250825082508251,"(30, 60]",False,True
CUS0005336,61.0,55.52662624177525,3.5,157,72,26,0,0,"(48, 72]",0.0630328229336359,"(7, 30]",False,True
CUS0006477,14.0,13.1,1.19,438,113,62,1,0,"(12, 24]",0.09083969465648854,,False,False
CUS0002421,66.0,22.74,16.52,683,259,24,0,0,"(48, 72]",0.7264731750219877,"(7, 30]",False,False
CUS0007675,7.0,55.52662624177525,1.1,168,149,53,1,1,"(6, 12]",0.019810315779142714,"(30, 60]",False,False
CUS0007570,25.0,55.34,8.218195789745577,243,154,8,0,0,"(24, 48]",0.14850371864375816,"(7, 30]",False,True
CUS0005581,43.0,18.84,5.28,414,31,0,1,0,"(24, 48]",0.2802547770700637,"(-1, 7]",False,False
CUS0005402,67.0,73.9,14.46,114,40,7,0,0,"(48, 72]",0.19566982408660352,"(-1, 7]",True,False
CUS0003151,58.0,41.53,7.64,249,250,60,0,1,"(48, 72]",0.18396339995184202,"(30, 60]",False,True
CUS0001590,23.0,62.33,8.96,37,86,4,0,0,"(12, 24]",0.1437510027274186,"(-1, 7]",False,True
CUS0006093,31.0,13.68,14.1,487,222,12,2,0,"(24, 48]",1.030701754385965,"(7, 30]",False,False
CUS0003102,18.0,52.8,5.13,199,293,8,0,0,"(12, 24]",0.09715909090909092,"(7, 30]",False,True
CUS0003685,14.0,42.12,20.09,405,287,19,0,0,"(12, 24]",0.4769705603038937,"(7, 30]",False,True
CUS0003298,17.0,26.09,0.0,516,87,30,2,0,"(12, 24]",0.0,"(7, 30]",False,False
CUS0000047,66.0,14.9,9.46,151,26,56,3,1,"(48, 72]",0.6348993288590604,"(30, 60]",False,False
CUS0000650,23.0,46.12,8.218195789745577,559,262,48,0,0,"(12, 24]",0.17819158260506457,"(30, 60]",False,True
CUS0006460,56.0,19.26,16.28,78,105,36,4,0,"(48, 72]",0.8452751817237798,"(30, 60]",False,False
CUS0002372,5.0,27.02,14.79,995,176,20,0,0,"(0, 6]",0.5473723168023686,"(7, 30]",False,False
CUS0007144,8.0,67.22,5.93,413,59,9,0,1,"(6, 12]",0.08821779232371318,"(7, 30]",False,True
CUS0001111,40.0,11.66,16.64,922,126,30,0,0,"(24, 48]",1.4271012006861064,"(7, 30]",False,False
CUS0003503,35.0,39.47,10.08,682,44,14,1,0,"(24, 48]",0.255383835824677,"(7, 30]",False,True
CUS0004576,6.0,20.74,0.0,292,295,14,1,1,"(0, 6]",0.0,"(7, 30]",False,False
CUS0002614,51.0,63.64,0.42,413,24,35,0,0,"(48, 72]",0.006599622878692646,"(30, 60]",False,True
CUS0004291,27.0,12.31,16.18,127,290,19,2,0,"(24, 48]",1.314378554021121,"(7, 30]",False,False
CUS0004211,40.0,14.01,0.96,988,269,11,1,0,"(24, 48]",0.06852248394004283,"(7, 30]",False,False
CUS0004036,8.0,63.58,12.84,883,158,8,0,0,"(6, 12]",0.20195029883611199,"(7, 30]",True,False
CUS0003032,36.0,22.65,0.65,716,99,47,3,0,"(24, 48]",0.028697571743929364,"(30, 60]",False,False
CUS0001939,14.0,91.59,11.58,470,78,1,0,0,"(12, 24]",0.12643301670488044,"(-1, 7]",True,False
CUS0000701,11.0,62.83,11.56,874,147,19,2,0,"(6, 12]",0.18398854050612765,"(7, 30]",False,True
CUS0000408,49.0,99.45,10.69,354,88,8,0,0,"(48, 72]",0.10749120160884866,"(7, 30]",True,False
CUS0006667,36.0,43.36,1.85,145,8,48,0,0,"(24, 48]",0.04266605166051661,"(30, 60]",False,True
CUS0004931,10.0,55.31,10.54,120,19,16,1,0,"(6, 12]",0.19056228530103053,"(7, 30]",False,True
CUS0006792,56.0,28.79,0.38,348,152,17,1,0,"(48, 72]",0.013199027440083362,"(7, 30]",False,False
CUS0003728,68.0,22.32,18.32,161,65,13,0,0,"(48, 72]",0.8207885304659498,"(7, 30]",False,False
CUS0000758,18.0,57.03,15.16,952,61,2,4,0,"(12, 24]",0.26582500438365775,"(-1, 7]",False,True
CUS0007848,57.0,24.24,0.0,261,261,9,1,0,"(48, 72]",0.0,"(7, 30]",False,False
CUS0002939,56.0,86.95,6.53,396,95,20,4,1,"(48, 72]",0.07510063254744107,"(7, 30]",True,False
CUS0005601,36.0,39.82,6.57,47,80,76,0,0,"(24, 48]",0.16499246609743848,,False,True
CUS0004175,13.0,85.47,1.88,201,292,54,4,1,"(12, 24]",0.021996021996021995,"(30, 60]",True,False
CUS0006796,28.0,15.89,1.04,559,51,16,3,0,"(24, 48]",0.06544996853366897,"(7, 30]",False,False
CUS0005685,68.0,115.44,17.42,514,205,19,1,0,"(48, 72]",0.15090090090090091,"(7, 30]",True,False
CUS0004626,65.0,43.09,5.97,100,165,5,6,0,"(48, 72]",0.13854722673474124,"(-1, 7]",False,True
CUS0004116,41.0,22.49,16.52,948,66,5,0,0,"(24, 48]",0.7345486883059138,"(-1, 7]",False,False
CUS0000921,52.0,87.38,1.85,788,233,40,0,0,"(48, 72]",0.021171892881666286,"(30, 60]",True,False
CUS0002122,56.0,32.37,1.73,838,186,14,0,0,"(48, 72]",0.05344454742045104,"(7, 30]",False,True
CUS0007109,19.0,12.44,16.04,47,29,0,2,0,"(12, 24]",1.2893890675241158,"(-1, 7]",False,False
CUS0001067,56.0,15.2,7.23,150,209,41,3,0,"(48, 72]",0.47565789473684217,"(30, 60]",False,False
CUS0001853,36.0,34.48,10.93,265,192,3,0,0,"(24, 48]",0.31699535962877035,"(-1, 7]",False,True
CUS0006754,49.0,11.06,5.76,168,42,28,2,0,"(48, 72]",0.5207956600361663,"(7, 30]",False,False
CUS0000938,22.0,42.64,6.98,58,242,15,1,0,"(12, 24]",0.16369606003752346,"(7, 30]",False,True
CUS0001532,63.0,114.8,11.04,573,112,9,1,0,"(48, 72]",0.09616724738675958,"(7, 30]",True,False
CUS0004434,70.0,31.09,6.53,892,292,12,6,1,"(48, 72]",0.21003538115149567,"(7, 30]",False,True
CUS0005312,50.0,12.74,19.06,440,103,17,3,0,"(48, 72]",1.4960753532182103,"(7, 30]",False,False
CUS0006516,61.0,88.22,11.19,255,239,13,0,0,"(48, 72]",0.12684198594423032,"(7, 30]",True,False
CUS0000425,51.0,25.56,0.0,204,230,4,1,0,"(48, 72]",0.0,"(-1, 7]",False,False
CUS0006503,12.0,17.71,8.218195789745577,924,199,48,3,1,"(6, 12]",0.464042675874962,"(30, 60]",False,False
CUS0001557,42.0,23.04,8.67,890,46,15,0,0,"(24, 48]",0.37630208333333337,"(7, 30]",False,False
CUS0004278,49.0,11.68,14.1,495,198,24,1,0,"(48, 72]",1.207191780821918,"(7, 30]",False,False
CUS0006295,56.0,36.53,12.16,280,204,51,2,0,"(48, 72]",0.3328770873254859,"(30, 60]",False,True
CUS0006903,2.0,98.53,14.13,247,215,47,4,1,"(0, 6]",0.14340809905612503,"(30, 60]",True,False
CUS0007443,19.0,28.95,9.08,198,188,13,0,0,"(12, 24]",0.3136442141623489,"(7, 30]",False,False
CUS0004448,32.0,23.35,7.13,170,204,13,4,0,"(24, 48]",0.3053533190578158,"(7, 30]",False,False
CUS0004222,53.0,28.16,11.46,849,37,46,3,0,"(48, 72]",0.4069602272727273,"(30, 60]",False,False
CUS0003179,14.0,13.33,21.9,483,292,20,0,0,"(12, 24]",1.6429107276819204,"(7, 30]",False,False
CUS0003500,6.0,116.99,14.7,472,239,53,1,0,"(0, 6]",0.1256517651081289,"(30, 60]",True,False
CUS0003580,19.0,21.53,11.49,955,24,11,0,0,"(12, 24]",0.5336739433348815,"(7, 30]",False,False
CUS0000360,49.0,27.43,2.89,896,281,32,1,0,"(48, 72]",0.1053590958804229,"(30, 60]",False,False
CUS0003900,67.0,10.84,12.24,191,157,31,0,0,"(48, 72]",1.1291512915129152,"(30, 60]",False,False
CUS0004938,47.0,48.98,3.52,855,226,6,3,0,"(24, 48]",0.07186606778276848,"(-1, 7]",False,True
CUS0004713,55.0,22.13,12.73,735,120,23,1,0,"(48, 72]",0.5752372345232716,"(7, 30]",False,False
CUS0000192,67.0,58.68,6.33,322,12,18,5,0,"(48, 72]",0.10787321063394684,"(7, 30]",False,True
CUS0000299,64.0,96.21,0.0,387,92,10,0,0,"(48, 72]",0.0,"(7, 30]",True,False
CUS0006578,46.0,58.23,14.18,831,242,26,5,0,"(24, 48]",0.24351708741198697,"(7, 30]",False,True
CUS0006358,1.0,65.64,10.65,963,157,5,2,0,"(0, 6]",0.16224862888482633,"(-1, 7]",True,False
CUS0004640,53.0,64.82,13.95,494,34,5,2,0,"(48, 72]",0.2152113545202098,"(-1, 7]",True,False
CUS0002414,2.0,88.88,14.04,969,91,40,0,0,"(0, 6]",0.15796579657965795,"(30, 60]",True,False
CUS0000445,1.0,50.63,11.11,108,48,40,0,0,"(0, 6]",0.21943511751925734,"(30, 60]",False,True
CUS0003069,26.0,13.45,4.29,10,246,7,0,0,"(24, 48]",0.31895910780669146,"(-1, 7]",False,False
CUS0001581,72.0,24.0,10.97,907,238,4,1,0,"(48, 72]",0.45708333333333334,"(-1, 7]",False,False
CUS0006947,66.0,27.83,17.54,274,6,36,0,0,"(48, 72]",0.6302551203736975,"(30, 60]",False,False
CUS0001837,36.0,16.59,21.75,812,53,7,2,0,"(24, 48]",1.3110307414104883,"(-1, 7]",False,False
CUS0002600,45.0,37.95,10.28,873,197,40,0,0,"(24, 48]",0.2708827404479578,"(30, 60]",False,True
CUS0006483,43.0,29.01,12.02,10,29,52,8,1,"(24, 48]",0.4143398827990348,"(30, 60]",False,False
CUS0002041,3.0,34.28,8.54,580,21,4,0,0,"(0, 6]",0.24912485414235702,"(-1, 7]",False,True
CUS0000119,69.0,67.3,12.71,758,229,14,5,0,"(48, 72]",0.18885586924219913,"(7, 30]",False,True
CUS0003404,36.0,30.25,2.52,229,292,5,1,1,"(24, 48]",0.08330578512396694,"(-1, 7]",False,True
CUS0002538,28.0,25.11,4.87,496,73,8,0,1,"(24, 48]",0.19394663480684987,"(7, 30]",False,False
CUS0007393,62.0,16.42,5.59,531,115,30,0,0,"(48, 72]",0.3404384896467722,"(7, 30]",False,False
CUS0007594,51.0,22.72,8.79,125,190,10,4,1,"(48, 72]",0.3868838028169014,"(7, 30]",False,False
CUS0003203,57.0,20.62,9.07,824,216,17,1,0,"(48, 72]",0.4398642095053346,"(7, 30]",False,False
CUS0002294,51.0,28.51,3.47,137,66,55,1,1,"(48, 72]",0.12171168011224132,"(30, 60]",False,False
CUS0002767,62.0,41.97,12.21,337,146,21,4,1,"(48, 72]",0.29092208720514656,"(7, 30]",False,True
CUS0001671,35.0,54.08,12.72,40,252,0,0,0,"(24, 48]",0.23520710059171598,"(-1, 7]",False,True
CUS0000779,14.0,114.21,3.39,483,242,28,0,0,"(12, 24]",0.029682164433937487,"(7, 30]",True,False
CUS0004181,20.0,22.51,11.35,629,46,37,1,1,"(12, 24]",0.504220346512661,"(30, 60]",False,False
CUS0004999,52.0,99.67,10.33,353,188,42,4,0,"(48, 72]",0.10364201866158322,"(30, 60]",True,False
CUS0000980,58.0,56.23,11.58,991,191,33,6,0,"(48, 72]",0.20593988973857372,"(30, 60]",False,True
CUS0000340,70.0,99.89,11.97,857,110,68,2,0,"(48, 72]",0.11983181499649616,,True,False
CUS0006767,36.0,87.68,1.13,735,287,24,1,0,"(24, 48]",0.012887773722627735,"(7, 30]",True,False
CUS0004995,13.0,29.74,4.16,213,23,25,1,1,"(12, 24]",0.1398789509078682,"(7, 30]",False,False
CUS0001033,23.0,57.95,19.34,542,202,15,1,0,"(12, 24]",0.3337359792924935,"(7, 30]",False,True
CUS0003761,16.0,20.93,16.91,978,35,13,1,0,"(12, 24]",0.8079311992355471,"(7, 30]",False,False
CUS0003860,15.0,55.52662624177525,3.28,679,29,6,1,0,"(12, 24]",0.05907075977780736,"(-1, 7]",False,True
CUS0004628,30.0,12.68,8.7,896,226,48,0,0,"(24, 48]",0.6861198738170347,"(30, 60]",False,False
CUS0002947,55.0,11.53,15.82,866,92,59,0,0,"(48, 72]",1.3720728534258457,"(30, 60]",False,False
CUS0002579,21.0,11.6,0.0,991,280,18,0,0,"(12, 24]",0.0,"(7, 30]",False,False
CUS0000830,1.0,69.62,8.65,227,190,15,0,0,"(0, 6]",0.12424590634875035,"(7, 30]",True,False
CUS0003603,46.0,15.12,19.22,430,158,32,5,1,"(24, 48]",1.2711640211640212,"(30, 60]",False,False
CUS0005404,7.0,39.21,5.48,80,45,1,1,0,"(6, 12]",0.13976026523845958,"(-1, 7]",False,True
CUS0002497,27.0,55.52662624177525,10.8,827,108,17,3,0,"(24, 48]",0.19450128219521937,"(7, 30]",False,False
CUS0003279,46.0,24.39,8.218195789745577,538,300,24,0,0,"(24, 48]",0.33694939687353737,"(7, 30]",False,False
CUS0003747,28.0,25.38,0.0,121,2,24,1,0,"(24, 48]",0.0,"(7, 30]",False,False
CUS0003150,35.0,22.11,7.51,39,184,16,0,0,"(24, 48]",0.33966530981456355,"(7, 30]",False,False
CUS0005181,16.0,27.86,8.96,189,59,9,0,0,"(12, 24]",0.3216080402010051,"(7, 30]",False,False
CUS0005015,41.0,112.37,14.3,852,192,44,0,0,"(24, 48]",0.12725816499065587,"(30, 60]",True,False
CUS0004361,23.0,59.05,13.6,0,206,15,5,1,"(12, 24]",0.23031329381879764,"(7, 30]",False,True
CUS0005909,64.0,29.48,7.18,772,238,57,5,1,"(48, 72]",0.24355495251017636,"(30, 60]",False,False
CUS0001868,10.0,25.55,17.56,735,74,1,0,0,"(6, 12]",0.687279843444227,"(-1, 7]",False,False
CUS0004488,33.0,22.4,6.97,936,9,20,0,1,"(24, 48]",0.3111607142857143,"(7, 30]",False,False
CUS0000766,18.0,10.42,13.78,778,110,17,0,0,"(12, 24]",1.3224568138195776,"(7, 30]",False,False
CUS0000096,51.0,22.54,14.11,415,3,19,0,0,"(48, 72]",0.6259982253771074,"(7, 30]",False,False
CUS0004146,8.0,22.99,1.14,432,101,50,6,1,"(6, 12]",0.049586776859504134,"(30, 60]",False,False
CUS0002101,68.0,17.47,0.73,938,26,31,6,0,"(48, 72]",0.04178591871780195,"(30, 60]",False,False
CUS0001674,34.0,28.59,0.0,317,28,0,2,0,"(24, 48]",0.0,"(-1, 7]",False,False
CUS0004588,15.0,115.45,3.86,358,114,41,0,0,"(12, 24]",0.03343438718059766,"(30, 60]",True,False
CUS0000565,72.0,46.59,11.88,996,159,7,1,0,"(48, 72]",0.2549903412749517,"(-1, 7]",False,True
CUS0002420,69.0,113.56,3.8,223,149,56,0,0,"(48, 72]",0.03346248679112363,"(30, 60]",True,False
CUS0001246,39.0,86.29,5.22,618,204,39,1,0,"(24, 48]",0.06049368408853864,"(30, 60]",True,False
CUS0006853,10.0,48.89,8.75,548,176,1,0,0,"(6, 12]",0.1789732051544283,"(-1, 7]",False,True
CUS0001169,58.0,38.73,0.0,305,135,6,0,0,"(48, 72]",0.0,"(-1, 7]",False,True
CUS0006354,54.0,32.8,6.67,715,232,11,0,0,"(48, 72]",0.20335365853658538,"(7, 30]",False,True
CUS0006618,36.56668337929305,20.23,8.218195789745577,79,38,53,0,0,"(24, 48]",0.4062380518905377,"(30, 60]",False,False
CUS0001938,27.0,11.69,12.37,877,8,38,0,1,"(24, 48]",1.058169375534645,"(30, 60]",False,False
CUS0000584,26.0,55.52662624177525,17.03,916,13,20,0,0,"(24, 48]",0.3066997070170913,"(7, 30]",False,False
CUS0002079,50.0,13.29,8.218195789745577,146,236,6,0,0,"(48, 72]",0.6183744010342798,"(-1, 7]",False,False
CUS0000810,48.0,18.02,12.6,921,250,11,0,0,"(24, 48]",0.6992230854605993,"(7, 30]",False,False
CUS0003487,66.0,54.42,9.93,864,205,20,0,0,"(48, 72]",0.18246968026460858,"(7, 30]",False,True
CUS0007394,35.0,22.48,7.69,756,180,48,0,0,"(24, 48]",0.34208185053380785,"(30, 60]",False,False
CUS0003304,69.0,60.55,5.42,642,198,39,0,0,"(48, 72]",0.08951279933938894,"(30, 60]",False,True
CUS0001845,29.0,25.14,2.77,508,178,80,0,1,"(24, 48]",0.1101829753381066,,False,False
CUS0005383,4.0,58.54,6.76,831,24,0,0,0,"(0, 6]",0.11547659719849675,"(-1, 7]",False,True
CUS0004165,57.0,19.92,0.25,113,85,34,2,0,"(48, 72]",0.01255020080321285,"(30, 60]",False,False
CUS0002703,24.0,83.23,9.45,35,270,15,0,0,"(12, 24]",0.11354079058031959,"(7, 30]",True,False
CUS0007829,69.0,28.17,8.218195789745577,888,227,19,3,0,"(48, 72]",0.2917357397850755,"(7, 30]",False,False
CUS0001892,34.0,26.98,10.76,905,245,4,0,0,"(24, 48]",0.39881393624907335,"(-1, 7]",False,False
CUS0004064,8.0,72.84,11.61,256,27,0,0,0,"(6, 12]",0.15939044481054365,"(-1, 7]",True,False
CUS0001299,17.0,98.84,8.18,646,100,1,1,0,"(12, 24]",0.08276001618777822,"(-1, 7]",True,False
CUS0007042,64.0,13.6,9.12,440,71,37,0,0,"(48, 72]",0.6705882352941176,"(30, 60]",False,False
CUS0004680,67.0,11.6,7.95,524,245,17,0,0,"(48, 72]",0.685344827586207,"(7, 30]",False,False
CUS0005787,58.0,20.59,9.37,655,268,4,1,0,"(48, 72]",0.45507527926177754,"(-1, 7]",False,False
CUS0000421,27.0,19.34,3.75,506,178,75,0,0,"(24, 48]",0.1938986556359876,,False,False
CUS0007852,15.0,55.52662624177525,5.86,19,293,7,1,0,"(12, 24]",0.10553495496888755,"(-1, 7]",False,True
CUS0006065,55.0,19.0,7.15,123,2,12,0,1,"(48, 72]",0.3763157894736842,"(7, 30]",False,False
CUS0001846,66.0,66.91,0.65,859,154,7,0,0,"(48, 72]",0.009714541921984756,"(-1, 7]",False,True
CUS0003352,72.0,96.98,7.18,842,34,31,0,0,"(48, 72]",0.07403588368735821,"(30, 60]",True,False
CUS0002370,36.0,21.74,0.0,633,272,1,3,1,"(24, 48]",0.0,"(-1, 7]",False,False
CUS0004972,15.0,49.43,5.11,9,140,36,3,1,"(12, 24]",0.10337851507181874,"(30, 60]",False,True
CUS0001833,42.0,98.55,7.09,201,7,11,0,0,"(24, 48]",0.0719431760527651,"(7, 30]",True,False
CUS0002953,35.0,38.09,8.43,648,178,1,3,0,"(24, 48]",0.2213179312155421,"(-1, 7]",False,True
CUS0000963,56.0,20.49,9.46,792,273,40,0,0,"(48, 72]",0.4616886285993168,"(30, 60]",False,False
CUS0005620,62.0,22.2,1.97,520,170,38,0,0,"(48, 72]",0.08873873873873873,"(30, 60]",False,False
CUS0003697,39.0,55.52662624177525,0.0,562,149,46,1,1,"(24, 48]",0.0,"(30, 60]",False,True
CUS0007075,68.0,28.12,0.0,299,84,4,7,0,"(48, 72]",0.0,"(-1, 7]",False,False
CUS0005798,56.0,15.59,14.57,311,173,54,0,1,"(48, 72]",0.9345734445157152,"(30, 60]",False,False
CUS0006179,39.0,57.94,1.59,901,168,23,0,0,"(24, 48]",0.027442181567138423,"(7, 30]",False,True
CUS0003637,66.0,111.79,11.39,12,96,56,0,0,"(48, 72]",0.10188746757312818,"(30, 60]",True,False
CUS0000268,55.0,108.86,6.36,294,42,40,5,0,"(48, 72]",0.058423663420907594,"(30, 60]",True,False
CUS0004512,57.0,74.0,9.94,225,227,26,0,0,"(48, 72]",0.1343243243243243,"(7, 30]",True,False
CUS0006333,9.0,22.15,0.0,790,148,57,0,1,"(6, 12]",0.0,"(30, 60]",False,False
CUS0001949,47.0,55.62,6.9,514,106,32,1,0,"(24, 48]",0.12405609492988134,"(30, 60]",False,True
CUS0006282,37.0,29.99,8.218195789745577,277,3,67,0,1,"(24, 48]",0.27403120339265014,,False,False
CUS0001827,6.0,28.03,8.218195789745577,357,17,28,0,0,"(0, 6]",0.2931928572866777,"(7, 30]",False,False
CUS0004366,50.0,29.13,2.98,459,131,2,0,0,"(48, 72]",0.10230003432887058,"(-1, 7]",False,False
CUS0005244,13.0,62.1,11.59,943,263,23,1,1,"(12, 24]",0.18663446054750402,"(7, 30]",False,True
CUS0007561,20.0,66.87,0.94,416,105,55,4,1,"(12, 24]",0.01405712576641244,"(30, 60]",False,True
CUS0003010,16.0,39.97,7.46,46,61,4,1,0,"(12, 24]",0.18663997998498874,"(-1, 7]",False,True
CUS0007664,62.0,51.36,13.67,860,297,14,1,0,"(48, 72]",0.26616043613707163,"(7, 30]",False,True
CUS0000866,57.0,106.87,2.79,13,277,26,1,0,"(48, 72]",0.026106484513895387,"(7, 30]",True,False
CUS0004720,21.0,24.88,8.43,220,267,24,3,0,"(12, 24]",0.33882636655948556,"(7, 30]",False,False
CUS0003547,31.0,12.21,12.23,365,213,25,0,0,"(24, 48]",1.0016380016380015,"(7, 30]",False,False
CUS0006955,51.0,52.9,7.96,793,145,56,1,1,"(48, 72]",0.1504725897920605,"(30, 60]",False,True
CUS0004398,18.0,25.16,16.09,106,117,81,5,1,"(12, 24]",0.6395071542130366,,False,False
CUS0005528,46.0,30.46,10.72,295,253,24,2,0,"(24, 48]",0.3519369665134603,"(7, 30]",False,True
CUS0000907,44.0,18.5,16.37,237,176,9,0,0,"(24, 48]",0.8848648648648649,"(7, 30]",False,False
CUS0007719,63.0,25.59,4.49,180,212,42,0,0,"(48, 72]",0.1754591637358343,"(30, 60]",False,False
CUS0007865,13.0,42.29,8.218195789745577,820,51,3,0,0,"(12, 24]",0.19432952919710517,"(-1, 7]",False,True
CUS0005899,21.0,59.87,12.49,828,298,32,0,0,"(12, 24]",0.20861867379321866,"(30, 60]",False,True
CUS0004573,43.0,76.0,5.75,494,21,16,4,1,"(24, 48]",0.0756578947368421,"(7, 30]",True,False
CUS0003762,42.0,16.44,0.0,899,106,19,0,0,"(24, 48]",0.0,"(7, 30]",False,False
CUS0001824,32.0,55.52662624177525,3.55,287,297,15,0,0,"(24, 48]",0.06393329183268784,"(7, 30]",False,False
CUS0006664,66.0,36.07,16.71,226,188,9,1,0,"(48, 72]",0.46326587191571944,"(7, 30]",False,True
CUS0000910,69.0,31.22,6.7,387,44,7,1,0,"(48, 72]",0.21460602178090968,"(-1, 7]",False,True
CUS0002475,3.0,15.6,8.09,258,93,35,0,0,"(0, 6]",0.5185897435897436,"(30, 60]",False,False
CUS0005424,57.0,17.97,8.218195789745577,78,23,5,0,0,"(48, 72]",0.4573286471756025,"(-1, 7]",False,False
CUS0001400,33.0,89.89,8.218195789745577,268,121,6,1,1,"(24, 48]",0.09142502825392788,"(-1, 7]",True,False
CUS0006635,71.0,36.36,8.218195789745577,148,166,30,1,0,"(48, 72]",0.22602298651665503,"(7, 30]",False,True
CUS0003253,27.0,114.26,13.14,93,285,35,0,0,"(24, 48]",0.1150008751969193,"(30, 60]",True,False
CUS0005571,10.0,25.75,7.7,576,24,40,0,0,"(6, 12]",0.29902912621359223,"(30, 60]",False,False
CUS0006426,6.0,52.17,8.218195789745577,188,296,8,4,0,"(0, 6]",0.15752723384599535,"(7, 30]",False,True
CUS0005210,33.0,21.11,2.77,698,198,21,2,0,"(24, 48]",0.13121743249644718,"(7, 30]",False,False
CUS0007838,22.0,116.37,18.21,959,276,18,0,0,"(12, 24]",0.15648362980149524,"(7, 30]",True,False
CUS0002558,39.0,33.11,12.6,161,136,23,0,0,"(24, 48]",0.38054968287526425,"(7, 30]",False,True
CUS0000754,20.0,25.54,3.41,161,197,35,1,0,"(12, 24]",0.13351605324980423,"(30, 60]",False,False
CUS0004292,5.0,55.74,8.72,214,193,14,0,0,"(0, 6]",0.1564406171510585,"(7, 30]",False,True
CUS0004630,39.0,14.54,8.218195789745577,116,147,25,2,0,"(24, 48]",0.5652129153882791,"(7, 30]",False,False
CUS0004649,30.0,72.39,3.92,990,177,34,0,0,"(24, 48]",0.05415112584611134,"(30, 60]",True,False
CUS0003209,11.0,66.98,7.19,334,161,1,1,0,"(6, 12]",0.10734547626157062,"(-1, 7]",True,False
CUS0003875,8.0,56.73,10.69,165,175,7,3,0,"(6, 12]",0.188436453375639,"(-1, 7]",False,True
CUS0005568,60.0,23.75,13.13,571,156,3,0,0,"(48, 72]",0.5528421052631579,"(-1, 7]",False,False
CUS0003497,37.0,37.24,2.3,300,179,18,3,0,"(24, 48]",0.06176154672395273,"(7, 30]",False,True
CUS0006584,6.0,87.59,0.0,950,73,42,4,1,"(0, 6]",0.0,"(30, 60]",True,False
CUS0007219,66.0,54.33,6.26,908,142,7,0,0,"(48, 72]",0.11522179274802136,"(-1, 7]",False,True
CUS0000287,28.0,90.32,8.218195789745577,796,298,7,2,0,"(24, 48]",0.0909897673798226,"(-1, 7]",True,False
CUS0006970,23.0,17.69,5.51,296,256,13,5,1,"(12, 24]",0.31147540983606553,"(7, 30]",False,False
CUS0001216,67.0,61.71,0.0,489,55,19,1,0,"(48, 72]",0.0,"(7, 30]",True,False
CUS0001019,11.0,10.21,15.47,316,50,39,1,0,"(6, 12]",1.5151811949069538,"(30, 60]",False,False
CUS0000902,31.0,65.4,9.72,568,218,9,0,0,"(24, 48]",0.14862385321100918,"(7, 30]",False,True
CUS0004868,70.0,113.45,2.21,259,258,46,2,0,"(48, 72]",0.019479947113265755,"(30, 60]",True,False
CUS0005157,29.0,62.94,0.0,9,202,5,0,1,"(24, 48]",0.0,"(-1, 7]",False,True
CUS0006024,32.0,13.62,19.15,141,28,25,1,0,"(24, 48]",1.4060205580029368,"(7, 30]",False,False
CUS0006287,16.0,24.3,3.5,902,162,5,0,0,"(12, 24]",0.14403292181069957,"(-1, 7]",False,False
CUS0002920,19.0,50.39,20.17,783,226,36,0,0,"(12, 24]",0.4002778329033539,"(30, 60]",False,True
CUS0001499,23.0,62.11,1.16,735,32,33,0,0,"(12, 24]",0.01867654161970697,"(30, 60]",False,True
CUS0006181,53.0,66.52,8.76,535,13,58,0,0,"(48, 72]",0.13168971737823212,"(30, 60]",True,False
CUS0000291,15.0,10.23,11.29,740,38,24,0,0,"(12, 24]",1.1036168132942326,"(7, 30]",False,False
CUS0001522,18.0,44.76,15.86,478,137,9,0,0,"(12, 24]",0.35433422698838246,"(7, 30]",False,True
CUS0000470,29.0,78.56,3.36,797,223,14,4,0,"(24, 48]",0.04276985743380855,"(7, 30]",True,False
CUS0004925,36.0,20.37,0.0,543,238,38,0,0,"(24, 48]",0.0,"(30, 60]",False,False
CUS0000517,33.0,47.86,9.49,985,171,5,1,0,"(24, 48]",0.19828666945257,"(-1, 7]",False,True
CUS0004022,24.0,94.12,10.82,160,147,15,2,0,"(12, 24]",0.11495962600934977,"(7, 30]",True,False
CUS0000396,36.0,59.44,21.28,387,106,10,4,0,"(24, 48]",0.35800807537012114,"(7, 30]",False,True
CUS0001110,49.0,65.04,9.04,998,218,16,3,0,"(48, 72]",0.13899138991389912,"(7, 30]",False,True
CUS0004547,7.0,52.72,6.4,701,257,54,0,1,"(6, 12]",0.12139605462822459,"(30, 60]",False,True
CUS0002125,51.0,24.05,12.33,475,196,3,1,0,"(48, 72]",0.5126819126819127,"(-1, 7]",False,False
CUS0004430,63.0,32.96,0.55,931,107,2,6,1,"(48, 72]",0.016686893203883495,"(-1, 7]",False,True
CUS0003831,21.0,26.33,8.9,574,291,38,0,0,"(12, 24]",0.33801747056589443,"(30, 60]",False,False
CUS0000056,4.0,48.17,11.95,964,185,16,4,0,"(0, 6]",0.24807971766659745,"(7, 30]",False,True
CUS0005894,24.0,13.58,7.18,452,256,14,0,1,"(12, 24]",0.5287187039764359,"(7, 30]",False,False
CUS0000363,22.0,26.84,2.33,659,118,24,2,0,"(12, 24]",0.0868107302533532,"(7, 30]",False,False
CUS0004611,65.0,18.4,10.05,962,52,20,0,0,"(48, 72]",0.5461956521739131,"(7, 30]",False,False
CUS0000809,40.0,21.26,7.84,615,7,17,0,0,"(24, 48]",0.3687676387582314,"(7, 30]",False,False
CUS0004575,67.0,69.12,0.0,487,199,43,0,0,"(48, 72]",0.0,"(30, 60]",False,True
CUS0002033,22.0,117.91,6.48,193,165,25,5,0,"(12, 24]",0.05495717072343313,"(7, 30]",True,False
CUS0001867,49.0,46.48,9.63,954,182,10,5,0,"(48, 72]",0.2071858864027539,"(7, 30]",False,True
CUS0006673,38.0,66.18,11.32,654,162,1,1,0,"(24, 48]",0.17104865518283469,"(-1, 7]",True,False
CUS0002130,51.0,43.78,2.54,539,286,1,0,0,"(48, 72]",0.058017359524897213,"(-1, 7]",False,True
CUS0001295,64.0,55.52662624177525,1.98,976,154,59,1,0,"(48, 72]",0.03565856840245688,"(30, 60]",False,True
CUS0000017,70.0,23.68,13.64,156,282,32,1,0,"(48, 72]",0.5760135135135136,"(30, 60]",False,False
CUS0003017,66.0,10.57,0.0,541,259,20,2,0,"(48, 72]",0.0,"(7, 30]",False,False
CUS0006028,62.0,28.9,14.29,211,227,12,0,0,"(48, 72]",0.4944636678200692,"(7, 30]",False,False
CUS0004592,13.0,115.55,7.15,836,184,33,1,0,"(12, 24]",0.061877974902639556,"(30, 60]",True,False
CUS0003002,46.0,17.91,9.84,229,254,19,1,1,"(24, 48]",0.5494137353433836,"(7, 30]",False,False
CUS0003943,41.0,21.22,0.0,953,205,0,0,0,"(24, 48]",0.0,"(-1, 7]",False,False
CUS0002777,51.0,24.73,5.53,847,5,18,0,0,"(48, 72]",0.22361504245855238,"(7, 30]",False,False
CUS0003765,13.0,25.42,8.13,926,295,0,1,0,"(12, 24]",0.3198269079464988,"(-1, 7]",False,False
CUS0006730,18.0,65.98,2.51,78,87,24,4,1,"(12, 24]",0.038041830857835704,"(7, 30]",False,True
CUS0004124,72.0,53.58,2.71,211,128,37,5,0,"(48, 72]",0.0505785740948115,"(30, 60]",False,True
CUS0000568,24.0,10.76,3.36,999,134,19,2,0,"(12, 24]",0.31226765799256506,"(7, 30]",False,False
CUS0000353,29.0,22.72,5.94,425,261,1,3,0,"(24, 48]",0.261443661971831,"(-1, 7]",False,False
CUS0000482,49.0,58.65,16.87,700,201,37,5,0,"(48, 72]",0.28763853367433934,"(30, 60]",False,True
CUS0006310,59.0,25.92,4.53,885,143,52,1,0,"(48, 72]",0.17476851851851852,"(30, 60]",False,False
CUS0007427,16.0,21.85,17.05,791,158,24,0,0,"(12, 24]",0.780320366132723,"(7, 30]",False,False
CUS0004804,8.0,68.81,16.31,124,27,41,4,1,"(6, 12]",0.23702950152594096,"(30, 60]",True,False
CUS0001507,46.0,25.5,8.97,349,296,10,4,0,"(24, 48]",0.351764705882353,"(7, 30]",False,False
CUS0001937,68.0,59.63,12.04,827,230,20,0,0,"(48, 72]",0.20191178936776788,"(7, 30]",False,True
CUS0006486,10.0,40.66,4.85,898,216,48,1,0,"(6, 12]",0.11928184948352188,"(30, 60]",False,True
CUS0004613,58.0,73.96,16.72,727,53,34,1,0,"(48, 72]",0.22606814494321256,"(30, 60]",True,False
CUS0002935,64.0,75.69,6.75,521,209,38,3,0,"(48, 72]",0.089179548156956,"(30, 60]",True,False
CUS0005341,11.0,20.96,8.218195789745577,188,136,4,0,0,"(6, 12]",0.3920894937855714,"(-1, 7]",False,False
CUS0004685,46.0,55.52662624177525,4.75,369,192,21,0,0,"(24, 48]",0.08554454540993445,"(7, 30]",False,True
CUS0001953,67.0,111.2,5.68,618,23,10,2,0,"(48, 72]",0.05107913669064748,"(7, 30]",True,False
CUS0002297,43.0,27.57,21.48,341,67,50,0,1,"(24, 48]",0.779107725788901,"(30, 60]",False,False
CUS0002963,69.0,15.99,12.25,631,199,28,0,0,"(48, 72]",0.7661038148843027,"(7, 30]",False,False
CUS0005067,1.0,23.64,0.0,555,265,13,1,1,"(0, 6]",0.0,"(7, 30]",False,False
CUS0004227,23.0,85.88,12.91,870,143,17,0,0,"(12, 24]",0.15032603632976246,"(7, 30]",True,False
CUS0001510,37.0,90.21,20.2,239,51,25,4,1,"(24, 48]",0.22392195987141117,"(7, 30]",True,False
CUS0006297,59.0,16.9,13.72,533,24,37,0,0,"(48, 72]",0.8118343195266273,"(30, 60]",False,False
CUS0006151,69.0,61.02,18.04,396,131,33,2,0,"(48, 72]",0.2956407735168797,"(30, 60]",False,True
CUS0006285,58.0,63.15,3.53,172,26,8,2,0,"(48, 72]",0.05589865399841647,"(7, 30]",False,True
CUS0001189,40.0,27.81,5.53,202,235,0,2,0,"(24, 48]",0.1988493347716649,"(-1, 7]",False,False
CUS0003989,7.0,26.96,12.88,314,288,24,4,0,"(6, 12]",0.47774480712166173,"(7, 30]",False,False
CUS0003501,26.0,58.1,21.81,279,229,49,0,0,"(24, 48]",0.3753872633390705,"(30, 60]",False,True
CUS0003475,37.0,55.97,15.18,505,79,49,0,1,"(24, 48]",0.27121672324459534,"(30, 60]",False,True
CUS0001243,48.0,109.31,5.66,492,195,51,0,0,"(24, 48]",0.05177934315250206,"(30, 60]",True,False
CUS0004621,6.0,11.98,6.6,541,79,0,5,0,"(0, 6]",0.5509181969949916,"(-1, 7]",False,False
CUS0004214,52.0,10.92,6.61,689,190,21,0,0,"(48, 72]",0.6053113553113554,"(7, 30]",False,False
CUS0007726,40.0,82.31,0.92,406,298,4,3,0,"(24, 48]",0.011177256712428623,"(-1, 7]",True,False
CUS0004657,65.0,46.14,8.44,415,225,35,0,1,"(48, 72]",0.18292154312960554,"(30, 60]",False,True
CUS0002736,15.0,19.02,16.06,42,89,25,0,0,"(12, 24]",0.8443743427970557,"(7, 30]",False,False
CUS0007690,43.0,29.91,1.58,62,103,67,5,1,"(24, 48]",0.052825142092945504,,False,False
CUS0005835,22.0,16.52,2.21,292,144,43,0,0,"(12, 24]",0.1337772397094431,"(30, 60]",False,False
CUS0002835,20.0,23.34,21.82,260,204,51,3,0,"(12, 24]",0.9348757497857755,"(30, 60]",False,False
CUS0004359,40.0,23.86,8.22,5,3,28,0,0,"(24, 48]",0.3445096395641241,"(7, 30]",False,False
CUS0001150,50.0,10.54,13.38,391,274,11,0,0,"(48, 72]",1.269449715370019,"(7, 30]",False,False
CUS0003384,53.0,27.79,9.76,473,188,8,2,0,"(48, 72]",0.3512054695933789,"(7, 30]",False,False
CUS0004678,4.0,30.57,16.0,8,27,19,0,0,"(0, 6]",0.5233889434085705,"(7, 30]",False,True
CUS0000829,71.0,64.24,6.48,972,222,28,3,0,"(48, 72]",0.10087173100871732,"(7, 30]",True,False
CUS0002803,38.0,65.33,16.95,922,39,21,1,0,"(24, 48]",0.25945201285779884,"(7, 30]",False,True
CUS0007630,54.0,10.11,7.81,423,5,1,0,0,"(48, 72]",0.7725024727992087,"(-1, 7]",False,False
CUS0000616,64.0,61.69,11.88,169,49,37,0,0,"(48, 72]",0.1925757821364889,"(30, 60]",False,True
CUS0001972,42.0,118.22,11.54,359,6,18,0,1,"(24, 48]",0.09761461681610556,"(7, 30]",True,False
CUS0006323,55.0,17.74,12.72,331,27,59,1,0,"(48, 72]",0.717023675310034,"(30, 60]",False,False
CUS0003731,9.0,19.48,3.14,273,206,38,3,1,"(6, 12]",0.16119096509240247,"(30, 60]",False,False
CUS0004926,32.0,62.64,0.0,251,13,33,2,0,"(24, 48]",0.0,"(30, 60]",True,False
CUS0001546,67.0,93.16,5.57,873,227,30,2,0,"(48, 72]",0.05978960927436669,"(7, 30]",True,False
CUS0000816,56.0,17.08,10.42,890,109,21,1,0,"(48, 72]",0.6100702576112412,"(7, 30]",False,False
CUS0005385,12.0,21.48,12.57,678,164,1,0,0,"(6, 12]",0.585195530726257,"(-1, 7]",False,False
CUS0000301,38.0,34.98,5.34,363,47,12,0,0,"(24, 48]",0.15265866209262435,"(7, 30]",False,True
CUS0004879,60.0,68.56,2.62,374,98,13,8,1,"(48, 72]",0.0382147024504084,"(7, 30]",False,True
CUS0003897,37.0,21.28,6.06,404,118,13,0,0,"(24, 48]",0.2847744360902255,"(7, 30]",False,False
CUS0006820,26.0,82.22,7.76,535,297,12,4,0,"(24, 48]",0.09438092921430309,"(7, 30]",True,False
CUS0005059,72.0,17.49,2.32,762,123,2,2,0,"(48, 72]",0.13264722698684964,"(-1, 7]",False,False
CUS0004849,3.0,41.54,10.14,878,294,7,4,0,"(0, 6]",0.24410207029369285,"(-1, 7]",False,True
CUS0007448,40.0,29.07,4.13,388,172,16,2,0,"(24, 48]",0.14207086343309253,"(7, 30]",False,False
CUS0001072,1.0,24.51,12.39,94,111,6,2,0,"(0, 6]",0.5055079559363524,"(-1, 7]",False,False
CUS0004765,11.0,39.55,8.218195789745577,9,64,45,1,0,"(6, 12]",0.20779256105551397,"(30, 60]",False,True
CUS0002068,10.0,28.49,8.21,391,165,26,3,0,"(6, 12]",0.28817128817128823,"(7, 30]",False,False
CUS0002572,12.0,36.9,8.66,83,229,21,0,0,"(6, 12]",0.23468834688346885,"(7, 30]",False,True
CUS0006319,35.0,32.45,8.218195789745577,776,180,53,0,0,"(24, 48]",0.25325718920633516,"(30, 60]",False,True
CUS0003985,15.0,68.56,5.59,862,104,21,3,0,"(12, 24]",0.08153442240373394,"(7, 30]",False,True
CUS0005319,66.0,10.77,5.37,37,230,86,2,1,"(48, 72]",0.4986072423398329,,False,False
CUS0005151,25.0,25.48,0.0,739,260,15,4,0,"(24, 48]",0.0,"(7, 30]",False,False
CUS0001641,31.0,21.44,0.75,588,204,21,6,1,"(24, 48]",0.034981343283582086,"(7, 30]",False,False
CUS0006990,2.0,38.78,14.4,280,257,25,1,0,"(0, 6]",0.37132542547705,"(7, 30]",False,True
CUS0001174,69.0,91.55,5.27,914,185,34,4,0,"(48, 72]",0.05756417258328782,"(30, 60]",True,False
CUS0006691,32.0,13.35,11.23,732,215,7,0,0,"(24, 48]",0.8411985018726592,"(-1, 7]",False,False
CUS0002510,15.0,61.91,9.17,320,150,30,0,0,"(12, 24]",0.1481182361492489,"(7, 30]",False,True
CUS0003044,65.0,55.52662624177525,6.92,977,95,26,3,0,"(48, 72]",0.1246248956287887,"(7, 30]",True,False
CUS0005187,34.0,25.01,10.1,465,68,37,0,0,"(24, 48]",0.4038384646141543,"(30, 60]",False,False
CUS0001593,67.0,100.73,10.92,381,265,3,1,0,"(48, 72]",0.108408617095205,"(-1, 7]",True,False
CUS0004750,57.0,33.96,4.58,636,79,16,4,0,"(48, 72]",0.1348645465253239,"(7, 30]",False,True
CUS0006485,25.0,19.16,5.63,538,127,67,0,1,"(24, 48]",0.2938413361169102,,False,False
CUS0006950,45.0,40.58,3.69,436,4,16,0,0,"(24, 48]",0.0909314933464761,"(7, 30]",False,True
CUS0007877,53.0,55.52662624177525,15.3,368,296,0,2,0,"(48, 72]",0.2755434831098941,"(-1, 7]",False,True
CUS0006250,35.0,19.05,12.63,547,237,10,3,0,"(24, 48]",0.662992125984252,"(7, 30]",False,False
CUS0002064,48.0,16.88,2.82,918,122,17,0,0,"(24, 48]",0.1670616113744076,"(7, 30]",False,False
CUS0002136,59.0,51.53,5.56,189,113,5,0,0,"(48, 72]",0.10789831166310886,"(-1, 7]",False,True
CUS0003456,64.0,12.27,8.7,776,281,24,0,1,"(48, 72]",0.7090464547677261,"(7, 30]",False,False
CUS0004739,72.0,18.0,15.23,216,255,47,1,0,"(48, 72]",0.8461111111111111,"(30, 60]",False,False
CUS0002667,42.0,16.13,4.46,307,273,21,2,0,"(24, 48]",0.27650340979541227,"(7, 30]",False,False
CUS0006468,18.0,71.01,9.1,46,240,9,0,0,"(12, 24]",0.12815096465286577,"(7, 30]",True,False
CUS0002008,69.0,37.86,11.99,810,99,2,1,0,"(48, 72]",0.3166930797675647,"(-1, 7]",False,True
CUS0002385,47.0,18.7,12.87,669,74,41,1,0,"(24, 48]",0.6882352941176471,"(30, 60]",False,False
CUS0000657,63.0,113.21,8.218195789745577,837,202,69,0,0,"(48, 72]",0.07259248997213653,,True,False
CUS0005088,30.0,20.94,9.34,637,193,7,0,0,"(24, 48]",0.44603629417382995,"(-1, 7]",False,False
CUS0006647,63.0,116.96,6.47,113,66,1,0,0,"(48, 72]",0.05531805745554036,"(-1, 7]",True,False
CUS0003086,46.0,52.53,0.13,915,175,10,1,0,"(24, 48]",0.002474776318294308,"(7, 30]",False,True
CUS0003013,2.0,12.81,15.91,472,63,9,0,0,"(0, 6]",1.2419984387197502,"(7, 30]",False,False
CUS0002460,36.0,110.27,0.27,978,293,47,3,1,"(24, 48]",0.002448535413076993,"(30, 60]",True,False
CUS0006330,38.0,27.55,14.35,754,133,79,1,0,"(24, 48]",0.5208711433756805,,False,False
CUS0007050,1.0,18.93,1.53,226,35,31,2,1,"(0, 6]",0.08082408874801902,"(30, 60]",False,False
CUS0003106,2.0,55.52662624177525,10.46,397,16,1,0,0,"(0, 6]",0.18837809368166616,"(-1, 7]",False,True
CUS0001640,68.0,107.91,8.22,440,299,4,0,0,"(48, 72]",0.07617458993605783,"(-1, 7]",True,False
CUS0003939,22.0,70.57,15.14,137,201,50,0,0,"(12, 24]",0.21453875584526005,"(30, 60]",True,False
CUS0003755,16.0,30.84,9.98,462,33,20,5,0,"(12, 24]",0.3236057068741894,"(7, 30]",False,True
CUS0007953,54.0,50.68,3.84,411,92,20,0,0,"(48, 72]",0.07576953433307024,"(7, 30]",False,True
CUS0000108,49.0,28.65,9.04,561,27,4,4,0,"(48, 72]",0.31553228621291446,"(-1, 7]",False,False
CUS0001145,65.0,28.42,10.62,319,285,21,0,0,"(48, 72]",0.37368050668543273,"(7, 30]",False,False
CUS0002369,4.0,68.91,6.65,66,73,2,0,1,"(0, 6]",0.09650268466115224,"(-1, 7]",False,True
CUS0001242,63.0,30.66,3.89,294,45,38,2,0,"(48, 72]",0.1268754076973255,"(30, 60]",False,True
CUS0000859,49.0,65.5,10.05,852,286,18,1,0,"(48, 72]",0.1534351145038168,"(7, 30]",False,True
CUS0003560,69.0,70.94,11.16,424,152,14,0,0,"(48, 72]",0.15731604172540176,"(7, 30]",True,False
CUS0000349,57.0,39.22,11.33,95,276,9,0,0,"(48, 72]",0.288883222845487,"(7, 30]",False,True
CUS0007552,41.0,67.45,12.34,295,99,30,1,0,"(24, 48]",0.18295033358042995,"(7, 30]",False,True
CUS0005688,56.0,10.6,6.53,650,143,24,0,0,"(48, 72]",0.6160377358490566,"(7, 30]",False,False
CUS0007526,6.0,31.8,16.79,852,249,36,3,1,"(0, 6]",0.5279874213836477,"(30, 60]",False,True
CUS0005332,68.0,10.35,0.0,158,43,2,0,0,"(48, 72]",0.0,"(-1, 7]",False,False
CUS0005760,14.0,17.1,0.89,806,245,21,2,1,"(12, 24]",0.052046783625730994,"(7, 30]",False,False
CUS0002481,57.0,31.62,17.04,97,175,25,1,0,"(48, 72]",0.5388994307400379,"(7, 30]",False,True
CUS0006104,11.0,59.77,0.75,438,207,34,0,1,"(6, 12]",0.012548101054040488,"(30, 60]",False,True
CUS0004425,33.0,12.58,21.25,321,47,21,2,1,"(24, 48]",1.6891891891891893,"(7, 30]",False,False
CUS0005549,40.0,34.55,0.14,682,248,14,4,1,"(24, 48]",0.004052098408104198,"(7, 30]",False,True
CUS0001247,40.0,13.63,0.0,123,214,2,8,0,"(24, 48]",0.0,"(-1, 7]",False,False
CUS0006987,39.0,16.28,15.96,582,93,12,0,0,"(24, 48]",0.9803439803439803,"(7, 30]",False,False
CUS0005447,69.0,27.35,9.34,615,239,16,0,0,"(48, 72]",0.34149908592321754,"(7, 30]",False,False
CUS0002073,10.0,89.61,10.23,65,180,27,0,0,"(6, 12]",0.11416136591898227,"(7, 30]",True,False
CUS0003789,53.0,61.44,3.77,506,7,6,3,1,"(48, 72]",0.061360677083333336,"(-1, 7]",True,False
CUS0007078,42.0,28.85,4.14,742,185,18,1,0,"(24, 48]",0.1435008665511265,"(7, 30]",False,False
CUS0006494,57.0,16.62,16.84,95,285,9,1,0,"(48, 72]",1.01323706377858,"(7, 30]",False,False
CUS0002163,2.0,42.34,2.46,660,37,46,3,0,"(0, 6]",0.058101086443079826,"(30, 60]",False,True
CUS0000862,22.0,36.85,18.18,731,122,91,0,1,"(12, 24]",0.4933514246947083,,False,True
CUS0004224,10.0,57.95,0.0,119,4,36,0,0,"(6, 12]",0.0,"(30, 60]",False,True
CUS0004405,38.0,19.8,0.0,529,43,46,1,1,"(24, 48]",0.0,"(30, 60]",False,False
CUS0000162,44.0,92.86,8.94,204,134,33,0,0,"(24, 48]",0.09627396080120611,"(30, 60]",True,False
CUS0001873,46.0,23.75,24.17,0,185,16,2,0,"(24, 48]",1.017684210526316,"(7, 30]",False,False
CUS0004231,41.0,32.04,4.31,957,104,4,2,0,"(24, 48]",0.13451935081148564,"(-1, 7]",False,True
CUS0002692,56.0,19.28,4.09,530,297,45,1,0,"(48, 72]",0.21213692946058088,"(30, 60]",False,False
CUS0000934,69.0,19.18,2.11,25,280,42,0,0,"(48, 72]",0.1100104275286757,"(30, 60]",False,False
CUS0004004,10.0,65.35,0.0,311,281,6,1,1,"(6, 12]",0.0,"(-1, 7]",True,False
CUS0000982,17.0,29.82,7.98,96,22,39,0,1,"(12, 24]",0.26760563380281693,"(30, 60]",False,False
CUS0006748,18.0,53.13,1.2,566,190,54,7,1,"(12, 24]",0.02258610954263128,"(30, 60]",False,True
CUS0005287,15.0,12.7,6.13,636,265,28,3,1,"(12, 24]",0.48267716535433075,"(7, 30]",False,False
CUS0006380,63.0,23.91,0.0,895,1,10,0,0,"(48, 72]",0.0,"(7, 30]",False,False
CUS0000772,33.0,58.59,14.88,546,287,3,8,0,"(24, 48]",0.25396825396825395,"(-1, 7]",False,True
CUS0004943,37.0,23.81,17.23,889,84,15,0,0,"(24, 48]",0.7236455270894583,"(7, 30]",False,False
CUS0007057,70.0,98.15,22.43,312,31,20,1,0,"(48, 72]",0.22852776362710137,"(7, 30]",True,False
CUS0001194,30.0,14.79,9.6,344,54,59,0,0,"(24, 48]",0.6490872210953347,"(30, 60]",False,False
CUS0001863,35.0,55.52662624177525,10.32,740,88,57,2,1,"(24, 48]",0.18585678076432072,"(30, 60]",False,False
CUS0005453,68.0,11.97,3.92,263,78,74,3,1,"(48, 72]",0.32748538011695905,,False,False
CUS0002039,50.0,55.52662624177525,8.218195789745577,688,6,18,0,0,"(48, 72]",0.14800459429971002,"(7, 30]",False,True
CUS0006914,65.0,70.5,12.43,146,147,44,5,0,"(48, 72]",0.17631205673758865,"(30, 60]",True,False
CUS0005309,12.0,16.89,19.38,168,132,18,1,0,"(6, 12]",1.147424511545293,"(7, 30]",False,False
CUS0007172,15.0,55.52662624177525,0.0,434,109,34,0,0,"(12, 24]",0.0,"(30, 60]",True,False
CUS0004467,10.0,28.52,13.85,898,2,30,0,0,"(6, 12]",0.4856241234221599,"(7, 30]",False,False
CUS0007325,21.0,22.61,7.84,866,216,42,4,0,"(12, 24]",0.34674922600619196,"(30, 60]",False,False
CUS0000648,41.0,18.73,3.89,283,17,39,0,0,"(24, 48]",0.20768820074746397,"(30, 60]",False,False
CUS0003958,57.0,33.06,0.0,491,120,14,0,0,"(48, 72]",0.0,"(7, 30]",False,True
CUS0007214,44.0,10.8,16.89,126,280,31,1,0,"(24, 48]",1.5638888888888889,"(30, 60]",False,False
CUS0007607,28.0,59.75,9.37,16,224,0,0,0,"(24, 48]",0.15682008368200837,"(-1, 7]",False,True
CUS0002038,11.0,21.46,7.36,194,107,8,0,0,"(6, 12]",0.3429636533084809,"(7, 30]",False,False
CUS0001909,53.0,22.38,12.96,645,46,32,1,0,"(48, 72]",0.579088471849866,"(30, 60]",False,False
CUS0006766,8.0,49.81,4.59,566,188,6,0,0,"(6, 12]",0.09215017064846416,"(-1, 7]",False,True
CUS0004854,16.0,61.37,9.89,275,18,39,2,1,"(12, 24]",0.16115365813915594,"(30, 60]",True,False
CUS0004000,39.0,19.42,17.96,315,102,4,0,0,"(24, 48]",0.9248197734294541,"(-1, 7]",False,False
CUS0003245,34.0,18.44,14.85,516,116,7,0,0,"(24, 48]",0.8053145336225596,"(-1, 7]",False,False
CUS0005072,37.0,29.85,12.83,832,290,0,1,0,"(24, 48]",0.4298157453936348,"(-1, 7]",False,False
CUS0000575,32.0,47.86,15.47,653,300,22,0,0,"(24, 48]",0.3232344337651484,"(7, 30]",False,True
CUS0005636,63.0,63.57,1.76,357,207,4,0,0,"(48, 72]",0.027686015416076765,"(-1, 7]",True,False
CUS0006395,62.0,47.81,10.28,9,33,65,5,0,"(48, 72]",0.21501777870738337,,False,True
CUS0001876,43.0,25.23,5.94,18,235,20,1,0,"(24, 48]",0.23543400713436385,"(7, 30]",False,False
CUS0003361,16.0,107.04,15.85,525,272,61,0,0,"(12, 24]",0.14807548579970103,,True,False
CUS0003994,3.0,92.24,7.92,339,54,3,1,0,"(0, 6]",0.08586296617519515,"(-1, 7]",True,False
CUS0006793,8.0,55.52662624177525,7.15,772,86,11,1,0,"(6, 12]",0.12876705256442764,"(7, 30]",True,False
CUS0002483,70.0,24.88,17.42,825,256,9,3,0,"(48, 72]",0.7001607717041801,"(7, 30]",False,False
CUS0003929,7.0,101.88,8.218195789745577,30,45,6,1,0,"(6, 12]",0.08066544748474261,"(-1, 7]",True,False
CUS0004727,37.0,23.23,0.0,424,160,19,0,0,"(24, 48]",0.0,"(7, 30]",False,False
CUS0004297,62.0,117.69,0.0,383,218,14,0,0,"(48, 72]",0.0,"(7, 30]",True,False
CUS0007533,29.0,33.88,6.79,167,103,3,0,0,"(24, 48]",0.20041322314049587,"(-1, 7]",False,True
CUS0005903,61.0,119.97,0.0,886,78,37,1,0,"(48, 72]",0.0,"(30, 60]",True,False
CUS0003316,42.0,89.76,4.08,380,194,46,2,0,"(24, 48]",0.045454545454545456,"(30, 60]",True,False
CUS0006962,28.0,105.67,13.94,571,15,17,0,0,"(24, 48]",0.1319201287025646,"(7, 30]",True,False
CUS0001185,36.0,21.85,12.71,247,111,7,0,0,"(24, 48]",0.5816933638443936,"(-1, 7]",False,False
CUS0007868,27.0,12.29,4.56,749,79,12,0,0,"(24, 48]",0.371033360455655,"(7, 30]",False,False
CUS0004631,68.0,17.26,4.91,259,146,39,0,0,"(48, 72]",0.2844727694090382,"(30, 60]",False,False
CUS0002044,9.0,20.78,16.03,670,202,57,0,1,"(6, 12]",0.7714148219441771,"(30, 60]",False,False
CUS0003534,63.0,56.29,3.7,300,176,7,2,0,"(48, 72]",0.06573103570794102,"(-1, 7]",False,True
CUS0002539,35.0,68.73,13.12,378,9,17,1,0,"(24, 48]",0.19089189582423977,"(7, 30]",False,True
CUS0003526,68.0,88.45,3.86,254,93,32,3,0,"(48, 72]",0.04364047484454494,"(30, 60]",True,False
CUS0006728,2.0,15.57,11.91,375,162,45,3,1,"(0, 6]",0.7649325626204239,"(30, 60]",False,False
CUS0006577,70.0,118.68,0.93,368,138,5,3,0,"(48, 72]",0.007836198179979777,"(-1, 7]",True,False
CUS0001908,44.0,41.48,10.46,538,202,14,2,0,"(24, 48]",0.2521697203471553,"(7, 30]",False,True
CUS0004482,29.0,18.52,5.39,258,48,12,3,0,"(24, 48]",0.29103671706263495,"(7, 30]",False,False
CUS0003282,8.0,43.76,0.0,583,83,28,0,1,"(6, 12]",0.0,"(7, 30]",False,True
CUS0001534,71.0,16.33,9.96,778,68,37,0,0,"(48, 72]",0.6099203919167178,"(30, 60]",False,False
CUS0004315,26.0,14.62,3.56,301,134,40,1,0,"(24, 48]",0.24350205198358416,"(30, 60]",False,False
CUS0006463,60.0,58.2,8.59,115,220,1,1,0,"(48, 72]",0.14759450171821306,"(-1, 7]",False,True
CUS0004369,22.0,14.42,2.56,314,107,4,0,0,"(12, 24]",0.17753120665742025,"(-1, 7]",False,False
CUS0006865,60.0,26.61,6.91,616,261,11,2,0,"(48, 72]",0.25967681322810976,"(7, 30]",False,False
CUS0002710,34.0,26.44,4.78,488,12,17,1,0,"(24, 48]",0.18078668683812404,"(7, 30]",False,False
CUS0004373,39.0,50.73,8.13,276,143,1,0,0,"(24, 48]",0.16026020106445893,"(-1, 7]",False,True
CUS0006488,22.0,68.78,10.59,426,132,30,3,1,"(12, 24]",0.15396917708636232,"(7, 30]",False,True
CUS0001533,50.0,67.65,5.2,393,142,20,0,0,"(48, 72]",0.07686622320768662,"(7, 30]",False,True
CUS0002588,66.0,16.67,11.68,221,169,34,2,0,"(48, 72]",0.7006598680263947,"(30, 60]",False,False
CUS0001518,72.0,12.3,15.47,39,183,19,0,0,"(48, 72]",1.2577235772357724,"(7, 30]",False,False
CUS0007839,52.0,44.23,14.0,323,44,6,0,0,"(48, 72]",0.31652724395206877,"(-1, 7]",False,True
CUS0007899,9.0,21.38,6.46,714,243,16,1,0,"(6, 12]",0.30215154349859685,"(7, 30]",False,False
CUS0004981,40.0,103.34,21.55,667,113,45,5,1,"(24, 48]",0.20853493323011418,"(30, 60]",True,False
CUS0006487,70.0,23.69,5.12,769,135,26,2,0,"(48, 72]",0.2161249472351203,"(7, 30]",False,False
CUS0005768,51.0,18.17,10.14,656,124,65,1,0,"(48, 72]",0.558062740781508,,False,False
CUS0007209,69.0,12.39,2.69,913,271,27,2,0,"(48, 72]",0.21711057304277642,"(7, 30]",False,False
CUS0004807,49.0,43.65,5.78,176,106,54,0,0,"(48, 72]",0.13241695303550974,"(30, 60]",False,True
CUS0002679,30.0,24.49,6.82,136,218,23,2,0,"(24, 48]",0.2784810126582279,"(7, 30]",False,False
CUS0000071,1.0,37.14,13.14,702,144,15,0,0,"(0, 6]",0.35379644588045234,"(7, 30]",False,True
CUS0003138,68.0,72.72,7.37,592,166,33,2,0,"(48, 72]",0.10134763476347636,"(30, 60]",True,False
CUS0000536,6.0,23.88,10.25,745,75,20,4,0,"(0, 6]",0.42922948073701844,"(7, 30]",False,False
CUS0001887,42.0,56.07,11.29,915,64,0,2,0,"(24, 48]",0.20135544854645976,"(-1, 7]",False,True
CUS0003749,27.0,62.05,10.36,719,279,10,0,0,"(24, 48]",0.1669621273166801,"(7, 30]",False,True
CUS0001749,62.0,16.29,4.94,56,174,7,1,0,"(48, 72]",0.30325352977286685,"(-1, 7]",False,False
CUS0000785,44.0,33.37,0.0,589,155,53,5,0,"(24, 48]",0.0,"(30, 60]",False,True
CUS0004535,16.0,19.25,7.87,11,93,1,6,1,"(12, 24]",0.4088311688311688,"(-1, 7]",False,False
CUS0002206,16.0,52.13,2.29,662,106,9,0,0,"(12, 24]",0.043928639938615,"(7, 30]",False,True
CUS0001756,64.0,14.75,8.32,846,84,11,1,0,"(48, 72]",0.5640677966101695,"(7, 30]",False,False
CUS0005241,4.0,10.74,13.59,960,187,22,2,0,"(0, 6]",1.26536312849162,"(7, 30]",False,False
CUS0001620,56.0,62.93,0.27,377,110,10,0,0,"(48, 72]",0.0042904814873669156,"(7, 30]",False,True
CUS0006601,49.0,15.36,11.69,31,77,18,0,0,"(48, 72]",0.7610677083333334,"(7, 30]",False,False
CUS0006646,27.0,46.52,5.57,252,108,13,1,0,"(24, 48]",0.11973344797936371,"(7, 30]",False,True
CUS0000135,55.0,56.66,5.08,298,11,23,1,0,"(48, 72]",0.08965760677726792,"(7, 30]",False,True
CUS0000245,6.0,10.64,4.19,35,94,39,0,0,"(0, 6]",0.39379699248120303,"(30, 60]",False,False
CUS0001204,33.0,15.82,10.06,60,293,51,2,1,"(24, 48]",0.6359039190897599,"(30, 60]",False,False
CUS0000223,20.0,67.12,3.93,226,251,20,3,0,"(12, 24]",0.0585518474374255,"(7, 30]",False,True
CUS0001039,25.0,66.71,14.06,67,5,19,0,0,"(24, 48]",0.21076300404736922,"(7, 30]",False,True
CUS0005684,37.0,25.68,3.53,150,176,7,0,0,"(24, 48]",0.13746105919003115,"(-1, 7]",False,False
CUS0007372,70.0,60.15,6.27,848,49,39,0,0,"(48, 72]",0.10423940149625935,"(30, 60]",True,False
CUS0002182,66.0,112.72,13.16,544,194,3,1,0,"(48, 72]",0.11674946770759403,"(-1, 7]",True,False
CUS0006339,11.0,16.49,18.51,266,101,9,1,0,"(6, 12]",1.1224984839296546,"(7, 30]",False,False
CUS0007008,65.0,47.96,8.81,453,21,2,0,0,"(48, 72]",0.18369474562135113,"(-1, 7]",False,True
CUS0006735,67.0,40.29,8.218195789745577,185,17,14,0,0,"(48, 72]",0.20397606824883538,"(7, 30]",False,True
CUS0004471,34.0,55.52662624177525,6.61,100,70,22,0,1,"(24, 48]",0.11904198845466667,"(7, 30]",False,True
CUS0006006,7.0,11.46,8.218195789745577,791,239,53,1,0,"(6, 12]",0.7171200514612196,"(30, 60]",False,False
CUS0006162,6.0,20.99,4.2,185,2,4,3,1,"(0, 6]",0.20009528346831826,"(-1, 7]",False,False
CUS0004082,7.0,11.41,10.37,834,175,31,0,0,"(6, 12]",0.9088518843120069,"(30, 60]",False,False
CUS0007095,25.0,62.95,20.81,88,75,41,3,1,"(24, 48]",0.33057982525814134,"(30, 60]",False,True
CUS0007111,56.0,26.61,8.218195789745577,87,232,5,6,0,"(48, 72]",0.30883862419186686,"(-1, 7]",False,False
CUS0006422,53.0,60.92,19.01,741,268,71,0,0,"(48, 72]",0.31204858831254106,,False,True
CUS0002862,23.0,29.12,5.81,447,123,24,1,0,"(12, 24]",0.19951923076923075,"(7, 30]",False,False
CUS0007471,59.0,21.65,1.06,667,228,7,1,0,"(48, 72]",0.0489607390300231,"(-1, 7]",False,False
CUS0001375,54.0,69.86,4.57,806,129,13,0,0,"(48, 72]",0.06541654738047524,"(7, 30]",False,True
CUS0002402,28.0,114.89,2.44,272,269,50,0,1,"(24, 48]",0.021237705631473584,"(30, 60]",True,False
CUS0007110,45.0,11.28,5.59,937,97,19,0,0,"(24, 48]",0.49556737588652483,"(7, 30]",False,False
CUS0000786,69.0,21.24,1.07,523,109,13,1,0,"(48, 72]",0.05037664783427496,"(7, 30]",False,False
CUS0007578,8.0,24.52,0.67,301,297,4,2,0,"(6, 12]",0.027324632952691684,"(-1, 7]",False,False
CUS0004126,24.0,67.92,16.87,737,173,5,3,0,"(12, 24]",0.2483804475853946,"(-1, 7]",False,True
CUS0007250,52.0,118.13,7.07,42,204,55,0,0,"(48, 72]",0.05984931854736308,"(30, 60]",True,False
CUS0002610,46.0,10.46,3.31,167,2,37,0,0,"(24, 48]",0.3164435946462715,"(30, 60]",False,False
CUS0006415,59.0,11.04,12.37,852,48,28,1,0,"(48, 72]",1.1204710144927537,"(7, 30]",False,False
CUS0005407,63.0,33.87,9.37,4,295,8,0,0,"(48, 72]",0.27664599940950696,"(7, 30]",False,True
CUS0006174,45.0,47.05,8.218195789745577,249,142,61,8,1,"(24, 48]",0.17466941104666478,,False,True
CUS0002720,24.0,88.66,5.46,235,175,12,0,0,"(12, 24]",0.06158357771260997,"(7, 30]",True,False
CUS0001856,59.0,69.64,11.09,648,146,15,4,0,"(48, 72]",0.15924755887421022,"(7, 30]",True,False
CUS0002005,32.0,55.52662624177525,9.88,644,117,8,0,0,"(24, 48]",0.17793265445266365,"(7, 30]",True,False
CUS0005639,25.0,65.35,7.8,417,200,11,0,0,"(24, 48]",0.11935730680948739,"(7, 30]",True,False
CUS0007842,59.0,24.71,13.04,357,124,21,1,0,"(48, 72]",0.527721570214488,"(7, 30]",False,False
CUS0004441,25.0,49.97,8.92,302,34,5,0,0,"(24, 48]",0.17850710426255753,"(-1, 7]",False,True
CUS0005756,29.0,80.44,17.36,478,8,16,0,0,"(24, 48]",0.2158130283441074,"(7, 30]",True,False
CUS0002210,39.0,21.67,6.24,689,299,14,2,1,"(24, 48]",0.2879556991232118,"(7, 30]",False,False
CUS0002901,69.0,12.29,5.82,754,151,9,3,0,"(48, 72]",0.47355573637103343,"(7, 30]",False,False
CUS0002664,58.0,29.94,11.88,333,118,13,0,0,"(48, 72]",0.3967935871743487,"(7, 30]",False,False
CUS0006607,10.0,55.52662624177525,1.29,216,203,31,6,1,"(6, 12]",0.02323209759554009,"(30, 60]",False,True
CUS0001696,4.0,30.08,2.53,604,250,11,0,0,"(0, 6]",0.08410904255319149,"(7, 30]",False,True
CUS0000554,46.0,44.26,4.37,450,76,20,0,0,"(24, 48]",0.09873474920921826,"(7, 30]",False,True
CUS0000953,12.0,41.31,6.19,353,200,12,2,0,"(6, 12]",0.14984265311062697,"(7, 30]",False,True
CUS0006632,10.0,55.23,2.54,539,160,38,5,1,"(6, 12]",0.045989498460981354,"(30, 60]",False,True
CUS0003837,3.0,17.7,16.75,172,105,6,1,1,"(0, 6]",0.9463276836158192,"(-1, 7]",False,False
CUS0001032,23.0,14.29,12.44,824,223,29,0,0,"(12, 24]",0.8705388383484954,"(7, 30]",False,False
CUS0001013,49.0,60.94,20.39,329,210,42,5,1,"(48, 72]",0.334591401378405,"(30, 60]",False,True
CUS0000760,13.0,12.23,0.0,448,93,28,3,1,"(12, 24]",0.0,"(7, 30]",False,False
CUS0003217,27.0,55.52662624177525,18.34,129,181,10,0,0,"(24, 48]",0.33029199217225214,"(7, 30]",False,False
CUS0002995,35.0,15.58,8.218195789745577,622,179,20,0,0,"(24, 48]",0.5274836835523476,"(7, 30]",False,False
CUS0006362,6.0,109.27,19.51,646,154,11,0,0,"(0, 6]",0.17854854946462892,"(7, 30]",True,False
CUS0002651,48.0,64.88,11.91,728,202,58,1,0,"(24, 48]",0.18356966707768188,"(30, 60]",True,False
CUS0007567,8.0,28.8,0.0,799,264,56,1,0,"(6, 12]",0.0,"(30, 60]",False,False
CUS0000896,4.0,26.43,5.44,626,67,47,0,0,"(0, 6]",0.20582671206961786,"(30, 60]",False,False
CUS0003231,9.0,64.82,10.29,469,169,26,3,0,"(6, 12]",0.1587473002159827,"(7, 30]",True,False
CUS0002985,31.0,16.19,11.76,575,206,36,0,0,"(24, 48]",0.7263743051266213,"(30, 60]",False,False
CUS0001022,65.0,90.77,3.1,608,68,67,0,0,"(48, 72]",0.034152252947008924,,True,False
CUS0000504,50.0,21.05,6.78,451,144,17,6,0,"(48, 72]",0.32209026128266033,"(7, 30]",False,False
CUS0006542,5.0,19.66,5.79,724,296,26,0,0,"(0, 6]",0.2945066124109868,"(7, 30]",False,False
CUS0007605,58.0,50.15,6.99,362,9,65,0,0,"(48, 72]",0.13938185443668993,,False,True
CUS0004845,68.0,72.1,8.18,819,40,7,0,0,"(48, 72]",0.11345353675450763,"(-1, 7]",True,False
CUS0003608,65.0,31.02,9.35,727,129,20,0,0,"(48, 72]",0.30141843971631205,"(7, 30]",False,True
CUS0001026,55.0,33.97,19.45,823,196,20,1,0,"(48, 72]",0.57256402708272,"(7, 30]",False,True
CUS0000823,17.0,26.08,8.92,140,246,31,1,0,"(12, 24]",0.34202453987730064,"(30, 60]",False,False
CUS0007230,71.0,10.87,13.21,234,92,4,0,0,"(48, 72]",1.2152713891444344,"(-1, 7]",False,False
CUS0007133,61.0,59.42,0.0,916,272,37,0,0,"(48, 72]",0.0,"(30, 60]",False,True
CUS0004475,8.0,10.86,11.1,533,284,24,3,0,"(6, 12]",1.022099447513812,"(7, 30]",False,False
CUS0005369,71.0,24.66,2.19,649,149,96,0,1,"(48, 72]",0.08880778588807786,,False,False
CUS0001418,26.0,27.7,6.5,567,237,25,0,0,"(24, 48]",0.23465703971119134,"(7, 30]",False,False
CUS0004242,19.0,26.34,8.01,208,108,22,1,0,"(12, 24]",0.3041002277904328,"(7, 30]",False,False
CUS0006322,33.0,14.66,4.55,26,132,58,0,0,"(24, 48]",0.31036834924965895,"(30, 60]",False,False
CUS0005227,15.0,80.51,14.2,698,178,12,1,0,"(12, 24]",0.17637560551484285,"(7, 30]",True,False
CUS0003888,20.0,41.27,14.25,357,189,16,1,0,"(12, 24]",0.3452871335110249,"(7, 30]",False,True
CUS0006168,5.0,55.52662624177525,5.27,712,294,57,2,0,"(0, 6]",0.09490942196007462,"(30, 60]",False,True
CUS0006708,19.0,12.7,11.54,890,174,68,6,1,"(12, 24]",0.9086614173228347,,False,False
CUS0001452,48.0,19.72,13.74,980,80,11,4,0,"(24, 48]",0.6967545638945234,"(7, 30]",False,False
CUS0007206,38.0,51.45,17.41,572,110,20,2,0,"(24, 48]",0.3383867832847425,"(7, 30]",False,True
CUS0007015,50.0,34.47,6.97,146,151,23,0,0,"(48, 72]",0.20220481578183927,"(7, 30]",False,True
CUS0003001,63.0,107.58,15.81,546,50,5,0,0,"(48, 72]",0.14696040156162857,"(-1, 7]",True,False
CUS0000406,53.0,65.61,0.0,973,104,49,3,1,"(48, 72]",0.0,"(30, 60]",False,True
CUS0007907,23.0,30.69,2.89,166,95,43,0,1,"(12, 24]",0.09416748126425546,"(30, 60]",False,True
CUS0007612,21.0,18.34,12.68,311,154,46,3,1,"(12, 24]",0.6913849509269356,"(30, 60]",False,False
CUS0000803,19.0,44.93,0.0,414,79,12,0,0,"(12, 24]",0.0,"(7, 30]",False,True
CUS0001760,57.0,45.84,15.62,805,28,23,1,0,"(48, 72]",0.3407504363001745,"(7, 30]",False,True
CUS0004892,17.0,11.4,16.93,579,168,15,1,0,"(12, 24]",1.4850877192982455,"(7, 30]",False,False
CUS0002676,25.0,18.54,10.34,518,289,40,1,0,"(24, 48]",0.557713052858684,"(30, 60]",False,False
CUS0003698,13.0,32.83,6.13,236,246,74,0,0,"(12, 24]",0.18671946390496497,,False,True
CUS0006827,20.0,86.63,5.3,694,271,4,0,0,"(12, 24]",0.06117972988572088,"(-1, 7]",True,False
CUS0003801,44.0,75.24,7.94,715,105,62,4,1,"(24, 48]",0.1055289739500266,,True,False
CUS0003544,5.0,33.74,14.26,106,114,35,0,0,"(0, 6]",0.4226437462951985,"(30, 60]",False,True
CUS0004389,26.0,37.13,0.5,623,110,38,0,0,"(24, 48]",0.013466199838405602,"(30, 60]",False,True
CUS0007891,56.0,11.82,6.84,428,51,12,0,1,"(48, 72]",0.5786802030456852,"(7, 30]",False,False
CUS0005069,69.0,11.92,5.18,604,189,3,2,0,"(48, 72]",0.4345637583892617,"(-1, 7]",False,False
CUS0001469,10.0,59.09,8.218195789745577,255,175,72,0,0,"(6, 12]",0.13907929920029746,,False,True
CUS0004495,55.0,110.66,7.97,923,274,10,4,0,"(48, 72]",0.07202241098861377,"(7, 30]",True,False
CUS0002684,60.0,19.91,0.0,398,90,4,4,0,"(48, 72]",0.0,"(-1, 7]",False,False
CUS0005130,20.0,106.8,1.14,268,168,23,2,0,"(12, 24]",0.010674157303370785,"(7, 30]",True,False
CUS0006197,71.0,34.19,8.32,628,224,13,0,0,"(48, 72]",0.24334600760456276,"(7, 30]",False,True
CUS0004610,32.0,11.26,7.73,56,197,29,0,0,"(24, 48]",0.6865008880994672,"(7, 30]",False,False
CUS0002571,2.0,43.43,9.69,395,77,67,0,0,"(0, 6]",0.22311766060326962,,False,True
CUS0004707,41.0,23.84,8.29,183,150,18,0,0,"(24, 48]",0.34773489932885904,"(7, 30]",False,False
CUS0000391,21.0,40.36,8.97,661,117,86,3,0,"(12, 24]",0.22224975222993065,,False,True
CUS0006400,22.0,11.94,14.21,838,148,9,0,0,"(12, 24]",1.1901172529313233,"(7, 30]",False,False
CUS0007383,26.0,24.13,2.29,277,134,12,0,0,"(24, 48]",0.0949026108578533,"(7, 30]",False,False
CUS0006425,21.0,13.75,8.82,70,126,5,2,0,"(12, 24]",0.6414545454545455,"(-1, 7]",False,False
CUS0002733,72.0,112.84,11.62,546,41,11,0,0,"(48, 72]",0.10297766749379651,"(7, 30]",True,False
CUS0002918,7.0,56.61,9.99,951,255,24,0,0,"(6, 12]",0.17647058823529413,"(7, 30]",False,True
CUS0001263,58.0,55.52662624177525,5.46,740,207,64,1,0,"(48, 72]",0.098331203776472,,True,False
CUS0001799,18.0,15.92,9.43,367,237,1,0,1,"(12, 24]",0.5923366834170855,"(-1, 7]",False,False
CUS0004203,68.0,94.99,8.09,173,72,2,0,0,"(48, 72]",0.08516685966943889,"(-1, 7]",True,False
CUS0001615,50.0,53.08,3.9,844,300,34,2,1,"(48, 72]",0.073474001507159,"(30, 60]",False,True
CUS0005192,6.0,84.19,19.39,415,299,43,2,0,"(0, 6]",0.23031238864473216,"(30, 60]",True,False
CUS0001693,14.0,55.52662624177525,13.38,698,214,12,0,0,"(12, 24]",0.24096547738629956,"(7, 30]",True,False
CUS0007999,35.0,18.87,11.87,522,249,49,0,0,"(24, 48]",0.6290408055113936,"(30, 60]",False,False
CUS0005650,62.0,60.27,9.82,397,248,15,3,0,"(48, 72]",0.16293346606935458,"(7, 30]",False,True
CUS0004001,7.0,14.51,15.42,241,297,13,0,0,"(6, 12]",1.0627153687112336,"(7, 30]",False,False
CUS0007844,20.0,15.0,6.41,938,60,41,0,0,"(12, 24]",0.42733333333333334,"(30, 60]",False,False
CUS0001548,1.0,67.7,12.17,766,228,54,4,1,"(0, 6]",0.1797636632200886,"(30, 60]",True,False
CUS0005780,10.0,44.87,4.59,319,86,40,2,0,"(6, 12]",0.10229552039224427,"(30, 60]",False,True
CUS0007380,13.0,84.88,17.24,721,230,9,0,0,"(12, 24]",0.20311027332704995,"(7, 30]",True,False
CUS0005138,41.0,39.44,5.5,747,261,28,2,0,"(24, 48]",0.1394523326572008,"(7, 30]",False,True
CUS0001407,54.0,56.53,1.91,853,270,33,0,0,"(48, 72]",0.033787369538298244,"(30, 60]",False,True
CUS0005002,22.0,19.44,2.31,446,268,49,2,1,"(12, 24]",0.11882716049382716,"(30, 60]",False,False
CUS0001018,3.0,39.81,7.75,395,117,23,0,0,"(0, 6]",0.19467470484802812,"(7, 30]",False,True
CUS0002479,10.0,13.31,4.61,60,119,23,1,0,"(6, 12]",0.34635612321562737,"(7, 30]",False,False
CUS0000746,4.0,26.3,5.05,785,92,14,2,1,"(0, 6]",0.19201520912547526,"(7, 30]",False,False
CUS0006365,38.0,30.83,6.5,685,300,8,1,0,"(24, 48]",0.2108336036328252,"(7, 30]",False,True
CUS0007142,10.0,119.87,14.97,643,83,24,0,0,"(6, 12]",0.12488529240010011,"(7, 30]",True,False
CUS0004843,40.0,61.74,0.0,647,100,11,1,0,"(24, 48]",0.0,"(7, 30]",False,True
CUS0005055,16.0,32.98,12.07,406,195,7,0,0,"(12, 24]",0.365979381443299,"(-1, 7]",False,True
CUS0003982,47.0,14.94,16.28,844,170,24,0,0,"(24, 48]",1.0896921017402945,"(7, 30]",False,False
CUS0007278,5.0,55.52662624177525,7.35,955,299,34,0,0,"(0, 6]",0.1323689281606354,"(30, 60]",False,True
CUS0001936,34.0,34.39,8.92,313,115,50,3,0,"(24, 48]",0.25937772608316373,"(30, 60]",False,True
CUS0007540,42.0,68.54,13.35,199,200,35,2,0,"(24, 48]",0.19477677268748175,"(30, 60]",False,True
CUS0003451,33.0,114.09,0.0,903,25,39,1,0,"(24, 48]",0.0,"(30, 60]",True,False
CUS0007786,29.0,15.82,6.35,75,254,45,0,0,"(24, 48]",0.4013906447534766,"(30, 60]",False,False
CUS0007598,52.0,29.83,13.75,842,11,47,1,0,"(48, 72]",0.4609453570231311,"(30, 60]",False,False
CUS0005353,25.0,53.42,9.69,300,243,13,2,0,"(24, 48]",0.1813927368026956,"(7, 30]",False,True
CUS0006431,40.0,26.84,12.5,954,58,84,0,0,"(24, 48]",0.46572280178837555,,False,False
CUS0007089,45.0,15.69,1.13,442,82,6,0,0,"(24, 48]",0.07202039515615041,"(-1, 7]",False,False
CUS0004850,41.0,66.76,15.05,849,170,5,4,1,"(24, 48]",0.225434391851408,"(-1, 7]",True,False
CUS0004715,3.0,86.76,4.73,495,293,25,1,0,"(0, 6]",0.05451821115721531,"(7, 30]",True,False
CUS0005559,31.0,55.52662624177525,0.0,550,153,10,3,0,"(24, 48]",0.0,"(7, 30]",False,False
CUS0004192,32.0,60.61,3.32,454,131,20,4,1,"(24, 48]",0.05477643953143046,"(7, 30]",True,False
CUS0007300,44.0,17.44,3.0,425,184,48,0,1,"(24, 48]",0.1720183486238532,"(30, 60]",False,False
CUS0004481,12.0,16.9,8.26,538,120,71,0,0,"(6, 12]",0.4887573964497042,,False,False
CUS0002358,54.0,29.04,8.218195789745577,442,291,5,2,0,"(48, 72]",0.28299572278738216,"(-1, 7]",False,False
CUS0007126,48.0,19.19,10.8,570,48,56,0,0,"(24, 48]",0.5627931214174049,"(30, 60]",False,False
CUS0001370,13.0,20.28,4.45,759,95,41,0,1,"(12, 24]",0.21942800788954633,"(30, 60]",False,False
CUS0004836,49.0,29.13,8.218195789745577,54,19,8,0,0,"(48, 72]",0.2821213796685746,"(7, 30]",False,False
CUS0003472,7.0,61.08,7.32,331,136,32,2,0,"(6, 12]",0.11984282907662083,"(30, 60]",True,False
CUS0007952,49.0,24.23,5.87,686,91,32,0,0,"(48, 72]",0.2422616591002889,"(30, 60]",False,False
CUS0007231,52.0,41.96,4.81,991,274,21,0,0,"(48, 72]",0.1146329837940896,"(7, 30]",False,True
CUS0005276,5.0,64.02,12.97,73,34,35,0,0,"(0, 6]",0.2025929397063418,"(30, 60]",False,True
CUS0001801,46.0,11.87,8.0,436,197,70,2,0,"(24, 48]",0.6739679865206403,,False,False
CUS0001252,72.0,28.24,8.9,557,155,32,0,0,"(48, 72]",0.31515580736543913,"(30, 60]",False,False
CUS0004080,34.0,26.9,2.56,17,104,62,0,1,"(24, 48]",0.09516728624535317,,False,False
CUS0000741,24.0,53.49,1.56,481,73,57,2,1,"(12, 24]",0.029164329781267526,"(30, 60]",False,True
CUS0000750,30.0,61.45,8.218195789745577,604,31,27,1,1,"(24, 48]",0.13373792985753583,"(7, 30]",False,True
CUS0000715,41.0,13.91,11.89,481,166,43,0,1,"(24, 48]",0.8547807332854063,"(30, 60]",False,False
CUS0005117,60.0,91.14,11.04,559,151,35,0,0,"(48, 72]",0.12113232389730084,"(30, 60]",True,False
CUS0004186,58.0,60.28,3.14,679,51,14,1,0,"(48, 72]",0.05209024552090245,"(7, 30]",False,True
CUS0005202,24.0,57.77,3.61,824,273,25,3,0,"(12, 24]",0.0624891812359356,"(7, 30]",False,True
CUS0004392,8.0,10.64,7.35,382,86,0,2,0,"(6, 12]",0.6907894736842105,"(-1, 7]",False,False
CUS0004935,3.0,69.3,10.92,992,118,63,0,0,"(0, 6]",0.1575757575757576,,True,False
CUS0002911,66.0,11.93,11.13,254,49,23,0,0,"(48, 72]",0.9329421626152558,"(7, 30]",False,False
CUS0006979,26.0,11.25,4.26,102,9,46,0,0,"(24, 48]",0.37866666666666665,"(30, 60]",False,False
CUS0000067,35.0,16.11,11.71,928,252,66,1,0,"(24, 48]",0.7268777157045314,,False,False
CUS0006044,14.0,56.79,2.32,315,97,23,0,0,"(12, 24]",0.04085226272231026,"(7, 30]",False,True
CUS0007522,59.0,85.7,0.1,326,224,18,0,0,"(48, 72]",0.0011668611435239208,"(7, 30]",True,False
CUS0004440,40.0,16.72,0.69,372,10,23,0,1,"(24, 48]",0.04126794258373206,"(7, 30]",False,False
CUS0003922,64.0,12.25,14.85,701,163,36,1,0,"(48, 72]",1.2122448979591836,"(30, 60]",False,False
CUS0005829,56.0,52.82,5.66,955,254,32,2,0,"(48, 72]",0.10715638015903067,"(30, 60]",False,True
CUS0006257,38.0,57.07,12.01,561,289,0,3,1,"(24, 48]",0.2104433152269143,"(-1, 7]",False,True
CUS0001491,58.0,72.89,6.09,359,242,16,3,0,"(48, 72]",0.08355055563177391,"(7, 30]",True,False
CUS0006966,42.0,55.52662624177525,10.24,765,76,12,3,1,"(24, 48]",0.18441603052583763,"(7, 30]",False,False
CUS0000476,58.0,14.08,13.43,624,7,2,4,0,"(48, 72]",0.9538352272727273,"(-1, 7]",False,False
CUS0006288,18.0,21.58,19.71,244,179,25,7,1,"(12, 24]",0.9133456904541243,"(7, 30]",False,False
CUS0003921,5.0,14.37,15.22,506,237,1,3,0,"(0, 6]",1.059151009046625,"(-1, 7]",False,False
CUS0003040,17.0,11.24,27.87,733,231,2,0,0,"(12, 24]",2.4795373665480427,"(-1, 7]",False,False
CUS0003135,13.0,22.65,0.0,66,72,26,1,0,"(12, 24]",0.0,"(7, 30]",False,False
CUS0004033,61.0,16.1,0.04,908,157,43,1,0,"(48, 72]",0.0024844720496894407,"(30, 60]",False,False
CUS0004426,36.0,37.29,4.85,949,89,25,0,0,"(24, 48]",0.1300616787342451,"(7, 30]",False,True
CUS0003264,53.0,43.63885951963101,0.0,251,190,23,0,0,"(48, 72]",0.0,"(7, 30]",False,True
CUS0000123,72.0,66.51,14.3,614,283,31,2,0,"(48, 72]",0.21500526236656142,"(30, 60]",False,True
CUS0005693,19.0,64.66,15.03,964,2,5,2,1,"(12, 24]",0.23244664398391587,"(-1, 7]",True,False
CUS0003175,48.0,24.27,3.12,215,257,14,0,0,"(24, 48]",0.12855377008652658,"(7, 30]",False,False
CUS0004708,33.0,46.03,6.99,764,232,25,3,1,"(24, 48]",0.15185748424940257,"(7, 30]",False,True
CUS0000965,29.0,61.78,17.64,304,258,24,3,0,"(24, 48]",0.2855292975072839,"(7, 30]",False,True
CUS0002665,72.0,23.28,14.24,209,250,0,1,0,"(48, 72]",0.6116838487972508,"(-1, 7]",False,False
CUS0002167,55.0,14.88,4.58,645,129,34,1,0,"(48, 72]",0.3077956989247312,"(30, 60]",False,False
CUS0001473,42.0,55.52662624177525,9.82,497,208,17,3,0,"(24, 48]",0.17685209177380132,"(7, 30]",False,True
CUS0002887,1.0,25.46,1.71,345,14,48,1,1,"(0, 6]",0.06716417910447761,"(30, 60]",False,False
CUS0000347,62.0,47.62,0.0,901,223,3,5,0,"(48, 72]",0.0,"(-1, 7]",False,True
CUS0005932,4.0,22.34,14.9,346,280,8,0,0,"(0, 6]",0.666965085049239,"(7, 30]",False,False
CUS0002302,51.0,17.85,3.08,763,50,18,0,1,"(48, 72]",0.17254901960784313,"(7, 30]",False,False
CUS0004454,14.0,68.17,8.23,557,252,53,0,0,"(12, 24]",0.12072759278274901,"(30, 60]",False,True
CUS0007688,7.0,22.78,21.99,897,279,14,4,1,"(6, 12]",0.9653204565408252,"(7, 30]",False,False
CUS0007694,37.0,85.44,4.25,177,27,49,0,0,"(24, 48]",0.049742509363295884,"(30, 60]",True,False
CUS0007026,30.0,55.52662624177525,17.76,571,210,13,0,0,"(24, 48]",0.31984655294324965,"(7, 30]",False,False
CUS0003164,33.0,13.67,15.25,405,6,25,1,0,"(24, 48]",1.1155815654718362,"(7, 30]",False,False
CUS0004144,59.0,62.39,11.75,545,154,10,5,0,"(48, 72]",0.18833146337554096,"(7, 30]",False,True
CUS0003885,28.0,48.7,14.11,572,247,42,0,0,"(24, 48]",0.28973305954825457,"(30, 60]",False,True
CUS0007190,41.0,49.81,9.56,854,211,24,0,0,"(24, 48]",0.19192933145954627,"(7, 30]",False,True
CUS0001727,51.0,19.36,7.22,487,11,30,0,0,"(48, 72]",0.37293388429752067,"(7, 30]",False,False
CUS0005139,9.0,100.34,9.51,147,25,65,1,0,"(6, 12]",0.09477775563085508,,True,False
CUS0003940,27.0,67.35,7.19,123,206,26,3,0,"(24, 48]",0.10675575352635487,"(7, 30]",False,True
CUS0004204,17.0,19.57,0.0,124,186,49,2,1,"(12, 24]",0.0,"(30, 60]",False,False
CUS0002875,35.0,11.62,0.0,424,129,35,1,0,"(24, 48]",0.0,"(30, 60]",False,False
CUS0007851,23.0,56.7,8.36,353,54,10,0,0,"(12, 24]",0.14744268077601408,"(7, 30]",False,True
CUS0004679,32.0,106.03,7.71,232,224,60,1,1,"(24, 48]",0.07271526926341601,"(30, 60]",True,False
CUS0005967,60.0,14.19,4.98,367,259,87,0,1,"(48, 72]",0.3509513742071882,,False,False
CUS0003443,40.0,108.53,18.4,630,236,33,0,0,"(24, 48]",0.16953837648576428,"(30, 60]",True,False
CUS0006641,69.0,39.94,5.04,894,232,38,1,0,"(48, 72]",0.12618928392588885,"(30, 60]",False,True
CUS0006275,48.0,113.27,8.68,323,90,40,0,0,"(24, 48]",0.07663105853270946,"(30, 60]",True,False
CUS0000888,46.0,43.44,9.63,914,17,9,0,0,"(24, 48]",0.2216850828729282,"(7, 30]",False,True
CUS0001990,43.0,69.08,16.19,566,172,26,3,1,"(24, 48]",0.23436595251881878,"(7, 30]",True,False
CUS0006450,42.0,16.52,9.26,426,177,12,2,0,"(24, 48]",0.5605326876513317,"(7, 30]",False,False
CUS0003133,53.0,29.97,8.218195789745577,324,113,49,2,0,"(48, 72]",0.2742140737319178,"(30, 60]",False,False
CUS0005537,18.0,22.6,0.0,694,189,3,0,0,"(12, 24]",0.0,"(-1, 7]",False,False
CUS0000752,18.0,11.29,8.218195789745577,270,297,3,0,0,"(12, 24]",0.7279181390385808,"(-1, 7]",False,False
CUS0006420,26.0,69.97,4.14,570,38,6,0,0,"(24, 48]",0.05916821494926397,"(-1, 7]",True,False
CUS0002552,53.0,14.67,8.49,309,163,20,0,0,"(48, 72]",0.5787321063394684,"(7, 30]",False,False
CUS0000116,68.0,21.39,2.76,984,95,26,2,0,"(48, 72]",0.12903225806451613,"(7, 30]",False,False
CUS0000530,1.0,78.67,8.48,901,266,8,1,1,"(0, 6]",0.10779204271005466,"(7, 30]",True,False
CUS0007876,67.0,10.23,11.32,717,220,0,0,0,"(48, 72]",1.1065493646138806,"(-1, 7]",False,False
CUS0001296,1.0,31.65,10.22,284,235,15,0,0,"(0, 6]",0.3229067930489732,"(7, 30]",False,True
CUS0007910,26.0,49.3,6.7,258,275,2,0,0,"(24, 48]",0.1359026369168357,"(-1, 7]",False,True
CUS0007154,26.0,27.33,4.92,54,244,5,0,0,"(24, 48]",0.1800219538968167,"(-1, 7]",False,False
CUS0005646,35.0,28.85,6.13,719,97,40,2,0,"(24, 48]",0.21247833622183707,"(30, 60]",False,False
CUS0004635,14.0,68.15,1.52,803,51,19,0,0,"(12, 24]",0.0223037417461482,"(7, 30]",False,True
CUS0000039,27.0,18.02,4.86,762,85,14,0,0,"(24, 48]",0.26970033296337403,"(7, 30]",False,False
CUS0003937,7.0,38.86,14.02,158,175,15,4,1,"(6, 12]",0.36078229541945445,"(7, 30]",False,True
CUS0002857,56.0,46.53,19.61,744,161,31,1,0,"(48, 72]",0.42144852783150655,"(30, 60]",False,True
CUS0004295,2.0,19.57,3.39,513,262,16,2,1,"(0, 6]",0.17322432294328052,"(7, 30]",False,False
CUS0007798,5.0,35.1,6.06,805,298,13,0,0,"(0, 6]",0.17264957264957262,"(7, 30]",False,True
CUS0006204,67.0,20.5,10.18,198,137,23,2,0,"(48, 72]",0.49658536585365853,"(7, 30]",False,False
CUS0003679,59.0,81.7,9.95,968,276,32,1,0,"(48, 72]",0.12178702570379436,"(30, 60]",True,False
CUS0001509,66.0,18.62,3.04,719,117,1,0,0,"(48, 72]",0.16326530612244897,"(-1, 7]",False,False
CUS0000228,67.0,63.44,5.07,989,42,58,0,0,"(48, 72]",0.07991803278688525,"(30, 60]",True,False
CUS0005375,11.0,25.41,13.78,499,62,0,0,0,"(6, 12]",0.542306178669815,"(-1, 7]",False,False
CUS0005907,13.0,10.92,5.92,910,297,21,0,0,"(12, 24]",0.5421245421245421,"(7, 30]",False,False
CUS0006826,10.0,57.87,0.0,221,256,12,2,1,"(6, 12]",0.0,"(7, 30]",False,True
CUS0000379,26.0,13.87,11.55,691,142,18,1,1,"(24, 48]",0.8327325162220621,"(7, 30]",False,False
CUS0005089,61.0,12.97,12.88,977,64,73,0,0,"(48, 72]",0.9930609097918273,,False,False
CUS0000148,57.0,10.24,4.57,277,159,53,4,1,"(48, 72]",0.4462890625,"(30, 60]",False,False
CUS0003276,45.0,10.44,0.4,642,102,45,1,0,"(24, 48]",0.03831417624521073,"(30, 60]",False,False
CUS0000654,36.0,14.37,3.62,752,137,10,0,0,"(24, 48]",0.25191370911621436,"(7, 30]",False,False
CUS0007186,62.0,15.86,7.64,478,237,22,4,0,"(48, 72]",0.4817150063051702,"(7, 30]",False,False
CUS0005403,26.0,11.8,11.0,734,15,49,0,0,"(24, 48]",0.9322033898305084,"(30, 60]",False,False
CUS0007272,32.0,14.34,3.24,157,229,46,0,1,"(24, 48]",0.22594142259414227,"(30, 60]",False,False
CUS0007185,1.0,26.44,9.5,591,273,10,1,0,"(0, 6]",0.359304084720121,"(7, 30]",False,False
CUS0005000,49.0,33.55,7.89,773,70,17,1,0,"(48, 72]",0.23517138599105814,"(7, 30]",False,True
CUS0000553,6.0,86.04,7.66,583,84,19,1,0,"(0, 6]",0.08902835890283589,"(7, 30]",True,False
CUS0007619,61.0,63.08,8.43,254,155,1,1,0,"(48, 72]",0.1336398224476855,"(-1, 7]",False,True
CUS0001090,51.0,18.05,14.51,641,254,50,1,0,"(48, 72]",0.8038781163434903,"(30, 60]",False,False
CUS0002830,17.0,112.23,5.87,26,80,12,0,0,"(12, 24]",0.052303305711485344,"(7, 30]",True,False
CUS0001210,69.0,61.13,15.18,843,46,16,1,0,"(48, 72]",0.2483232455422869,"(7, 30]",False,True
CUS0003411,46.0,60.27,5.29,786,46,35,0,0,"(24, 48]",0.08777169404347104,"(30, 60]",False,True
CUS0004435,11.0,47.01,3.63,103,55,12,1,0,"(6, 12]",0.07721761327377154,"(7, 30]",False,True
CUS0004364,37.0,13.94,12.37,142,42,0,0,0,"(24, 48]",0.8873744619799139,"(-1, 7]",False,False
CUS0006441,15.0,27.86,3.45,581,153,25,0,1,"(12, 24]",0.12383345297918164,"(7, 30]",False,False
CUS0005623,59.0,40.24,7.23,937,24,4,0,0,"(48, 72]",0.17967196819085487,"(-1, 7]",False,True
CUS0002268,55.0,71.91,10.78,844,173,0,1,0,"(48, 72]",0.14990960923376442,"(-1, 7]",True,False
CUS0002889,9.0,63.89,11.44,960,70,6,0,0,"(6, 12]",0.17905775551729533,"(-1, 7]",False,True
CUS0006546,21.0,68.62,15.46,773,258,9,1,0,"(12, 24]",0.22529874672107258,"(7, 30]",False,True
CUS0000916,51.0,59.77,7.63,639,284,39,1,1,"(48, 72]",0.12765601472310523,"(30, 60]",False,True
CUS0006913,70.0,36.55,0.0,733,237,67,0,0,"(48, 72]",0.0,,False,True
CUS0005748,62.0,69.77,11.38,377,50,28,1,0,"(48, 72]",0.16310735273039992,"(7, 30]",False,True
CUS0000826,48.0,57.01,4.38,368,225,24,3,1,"(24, 48]",0.07682862655674443,"(7, 30]",False,True
CUS0004089,48.0,69.26,4.21,300,233,5,2,1,"(24, 48]",0.06078544614496101,"(-1, 7]",False,True
CUS0001608,15.0,101.84,13.13,993,190,16,1,0,"(12, 24]",0.1289277297721917,"(7, 30]",True,False
CUS0002459,43.0,83.04,18.6,629,248,29,2,0,"(24, 48]",0.2239884393063584,"(7, 30]",True,False
CUS0005855,18.0,112.25,5.51,366,93,15,2,1,"(12, 24]",0.04908685968819599,"(7, 30]",True,False
CUS0006937,23.0,53.91,9.79,645,17,21,1,0,"(12, 24]",0.18159896123168243,"(7, 30]",False,True
CUS0004659,48.0,41.59,13.4,376,107,36,0,0,"(24, 48]",0.32219283481606154,"(30, 60]",False,True
CUS0006907,23.0,28.41,6.13,296,94,0,3,0,"(12, 24]",0.21576909538894756,"(-1, 7]",False,False
CUS0005331,15.0,10.09,1.11,707,46,2,0,0,"(12, 24]",0.11000991080277503,"(-1, 7]",False,False
CUS0006811,11.0,10.18,4.71,15,32,28,0,0,"(6, 12]",0.462671905697446,"(7, 30]",False,False
CUS0007974,19.0,23.27,16.69,999,37,37,2,1,"(12, 24]",0.717232488182209,"(30, 60]",False,False
CUS0004961,3.0,24.91,5.98,884,29,50,0,0,"(0, 6]",0.24006423123243678,"(30, 60]",False,False
CUS0005879,39.0,20.33,12.85,345,59,15,0,0,"(24, 48]",0.632070831283817,"(7, 30]",False,False
CUS0000999,22.0,44.78,8.55,819,77,12,0,0,"(12, 24]",0.19093345243412238,"(7, 30]",False,True
CUS0007874,13.0,117.5,14.42,216,173,15,1,0,"(12, 24]",0.12272340425531915,"(7, 30]",True,False
CUS0000282,49.0,51.48,0.0,606,183,3,1,0,"(48, 72]",0.0,"(-1, 7]",False,True
CUS0002309,30.0,35.67,0.0,575,39,28,0,1,"(24, 48]",0.0,"(7, 30]",False,True
CUS0007306,17.0,79.23,4.05,25,266,45,2,1,"(12, 24]",0.05111700113593336,"(30, 60]",True,False
CUS0006652,36.0,93.58,6.44,1000,85,40,1,0,"(24, 48]",0.06881812353066895,"(30, 60]",True,False
CUS0004795,54.0,69.89,11.18,61,270,3,2,0,"(48, 72]",0.1599656603233653,"(-1, 7]",True,False
CUS0002233,52.0,14.79,9.04,640,99,21,0,0,"(48, 72]",0.6112237998647735,"(7, 30]",False,False
CUS0001490,3.0,18.23,8.19,967,142,13,6,0,"(0, 6]",0.4492594624245748,"(7, 30]",False,False
CUS0004548,47.0,114.67,2.85,618,285,62,0,0,"(24, 48]",0.024853928664864394,,True,False
CUS0000550,70.0,78.5,7.14,485,172,6,0,0,"(48, 72]",0.09095541401273885,"(-1, 7]",True,False
CUS0004627,13.0,45.38,8.218195789745577,751,148,75,0,0,"(12, 24]",0.1810973069578135,,False,True
CUS0006215,36.0,100.04,5.77,973,113,44,1,0,"(24, 48]",0.057676929228308665,"(30, 60]",True,False
CUS0000141,37.0,10.29,14.07,152,285,37,1,0,"(24, 48]",1.3673469387755104,"(30, 60]",False,False
CUS0000678,15.0,61.47,0.0,396,16,7,0,0,"(12, 24]",0.0,"(-1, 7]",True,False
CUS0007827,69.0,77.43,8.218195789745577,281,96,46,5,0,"(48, 72]",0.10613710176605419,"(30, 60]",True,False
CUS0005679,65.0,30.07,8.71,233,120,7,1,0,"(48, 72]",0.28965746591287,"(-1, 7]",False,True
CUS0005102,61.0,116.28,6.84,745,280,42,0,0,"(48, 72]",0.058823529411764705,"(30, 60]",True,False
CUS0007770,37.0,11.93,12.83,991,290,31,2,0,"(24, 48]",1.0754400670578375,"(30, 60]",False,False
CUS0007319,17.0,15.03,8.46,658,26,27,1,0,"(12, 24]",0.5628742514970061,"(7, 30]",False,False
CUS0001126,69.0,55.52662624177525,17.58,140,99,5,2,0,"(48, 72]",0.3166048649066626,"(-1, 7]",False,False
CUS0007543,68.0,43.86,11.7,824,153,2,1,0,"(48, 72]",0.2667578659370725,"(-1, 7]",False,True
CUS0003235,17.0,16.41,6.23,662,263,1,1,0,"(12, 24]",0.3796465569774528,"(-1, 7]",False,False
CUS0003090,21.0,55.94,22.71,216,272,40,2,0,"(12, 24]",0.40597068287450844,"(30, 60]",False,True
CUS0007576,40.0,18.25,5.95,313,288,17,1,0,"(24, 48]",0.32602739726027397,"(7, 30]",False,False
CUS0000548,42.0,15.93,0.0,196,206,0,1,0,"(24, 48]",0.0,"(-1, 7]",False,False
CUS0004883,28.0,47.54,11.85,200,77,70,0,0,"(24, 48]",0.2492637778712663,,False,True
CUS0002292,35.0,18.49,14.74,221,95,44,1,0,"(24, 48]",0.7971876690102759,"(30, 60]",False,False
CUS0000903,63.0,15.04,11.68,998,276,0,5,1,"(48, 72]",0.7765957446808511,"(-1, 7]",False,False
CUS0004646,59.0,34.6,18.22,732,39,8,0,0,"(48, 72]",0.5265895953757225,"(7, 30]",False,True
CUS0007248,49.0,10.99,18.07,56,199,50,2,0,"(48, 72]",1.6442220200181983,"(30, 60]",False,False
CUS0001611,56.0,14.77,15.93,107,246,42,0,0,"(48, 72]",1.078537576167908,"(30, 60]",False,False
CUS0001394,26.0,11.66,0.0,460,139,37,0,0,"(24, 48]",0.0,"(30, 60]",False,False
CUS0001599,36.0,18.43,0.0,779,68,28,0,0,"(24, 48]",0.0,"(7, 30]",False,False
CUS0002602,60.0,26.89,13.08,124,125,46,0,0,"(48, 72]",0.4864261807363332,"(30, 60]",False,False
CUS0007761,10.0,67.16,6.11,826,284,13,1,1,"(6, 12]",0.09097677188802859,"(7, 30]",True,False
CUS0001359,71.0,26.11,6.0,369,96,20,6,1,"(48, 72]",0.2297970126388357,"(7, 30]",False,False
CUS0003268,51.0,15.5,12.66,726,45,0,0,0,"(48, 72]",0.8167741935483871,"(-1, 7]",False,False
CUS0000155,48.0,14.3,8.31,96,254,7,1,0,"(24, 48]",0.5811188811188811,"(-1, 7]",False,False
CUS0003335,34.0,26.27,0.0,741,242,25,1,0,"(24, 48]",0.0,"(7, 30]",False,False
CUS0007103,22.0,42.63,14.1,862,17,20,2,0,"(12, 24]",0.330752990851513,"(7, 30]",False,True
CUS0004348,68.0,25.83,7.98,962,145,63,1,0,"(48, 72]",0.3089430894308943,,False,False
CUS0001016,40.0,21.32,2.27,86,28,16,2,0,"(24, 48]",0.10647279549718575,"(7, 30]",False,False
CUS0007255,48.0,67.57,4.81,652,231,8,2,0,"(24, 48]",0.07118543732425633,"(7, 30]",False,True
CUS0002360,22.0,58.9,6.15,17,0,47,0,0,"(12, 24]",0.10441426146010188,"(30, 60]",False,True
CUS0005250,8.0,61.44,3.58,8,73,6,1,0,"(6, 12]",0.05826822916666667,"(-1, 7]",True,False
CUS0002590,24.0,85.36,0.0,974,296,15,0,0,"(12, 24]",0.0,"(7, 30]",True,False
CUS0005783,49.0,17.07,15.42,718,245,25,0,0,"(48, 72]",0.9033391915641477,"(7, 30]",False,False
CUS0002229,35.0,107.79,8.218195789745577,713,78,48,0,0,"(24, 48]",0.07624265506768324,"(30, 60]",True,False
CUS0007847,63.0,38.46,2.09,353,211,40,3,0,"(48, 72]",0.05434217368694747,"(30, 60]",False,True
CUS0001678,71.0,22.05,11.98,118,157,7,0,0,"(48, 72]",0.5433106575963719,"(-1, 7]",False,False
CUS0006802,72.0,16.54,8.07,773,177,6,2,0,"(48, 72]",0.48790810157194686,"(-1, 7]",False,False
CUS0007139,21.0,62.27,15.46,832,134,7,2,0,"(12, 24]",0.2482736470210374,"(-1, 7]",False,True
CUS0007402,62.0,43.41,11.69,502,36,13,0,0,"(48, 72]",0.2692927896797973,"(7, 30]",False,True
CUS0007609,63.0,15.55,8.88,810,236,22,1,0,"(48, 72]",0.5710610932475885,"(7, 30]",False,False
CUS0004177,43.0,22.38,6.42,989,123,22,0,0,"(24, 48]",0.2868632707774799,"(7, 30]",False,False
CUS0003156,6.0,19.88,2.15,858,179,65,1,1,"(0, 6]",0.10814889336016097,,False,False
CUS0004525,22.0,49.54,10.46,282,186,43,1,1,"(12, 24]",0.21114251110213972,"(30, 60]",False,True
CUS0004218,2.0,55.52662624177525,0.57,715,34,1,0,1,"(0, 6]",0.010265345449192132,"(-1, 7]",False,True
CUS0003365,65.0,28.81,8.37,251,210,9,6,0,"(48, 72]",0.29052412356820545,"(7, 30]",False,False
CUS0006558,28.0,46.62,11.2,579,180,8,0,0,"(24, 48]",0.24024024024024024,"(7, 30]",False,True
CUS0007666,17.0,19.15,7.77,723,241,24,1,1,"(12, 24]",0.4057441253263708,"(7, 30]",False,False
CUS0007649,56.0,57.73,0.0,65,73,15,0,1,"(48, 72]",0.0,"(7, 30]",False,True
CUS0002976,9.0,27.19,4.51,359,3,21,3,0,"(6, 12]",0.16586980507539534,"(7, 30]",False,False
CUS0001163,23.0,58.94,7.14,903,38,47,0,0,"(12, 24]",0.12114014251781473,"(30, 60]",False,True
CUS0005135,28.0,72.6,0.58,594,32,3,0,0,"(24, 48]",0.007988980716253443,"(-1, 7]",True,False
CUS0007367,21.0,20.36,16.55,828,89,63,1,1,"(12, 24]",0.81286836935167,,False,False
CUS0002923,8.0,35.17,11.8,949,204,39,0,0,"(6, 12]",0.3355132214955928,"(30, 60]",False,True
CUS0001440,29.0,55.52662624177525,3.45,443,269,1,0,0,"(24, 48]",0.06213235403458397,"(-1, 7]",False,True
CUS0000707,44.0,24.94,6.82,366,135,68,2,1,"(24, 48]",0.2734562951082598,,False,False
CUS0006585,26.0,55.52662624177525,6.07,36,235,13,0,0,"(24, 48]",0.1093169243449057,"(7, 30]",False,False
CUS0003406,42.0,93.87,4.17,800,200,19,0,0,"(24, 48]",0.044423138382869924,"(7, 30]",True,False
CUS0000523,47.0,22.43,8.03,838,173,49,3,0,"(24, 48]",0.3580026749888542,"(30, 60]",False,False
CUS0003565,66.0,45.76,8.02,629,59,30,1,0,"(48, 72]",0.17526223776223776,"(7, 30]",False,True
CUS0001466,56.0,11.34,0.37,903,131,27,3,0,"(48, 72]",0.03262786596119929,"(7, 30]",False,False
CUS0001098,55.0,10.59,13.74,44,88,19,0,0,"(48, 72]",1.2974504249291785,"(7, 30]",False,False
CUS0001027,18.0,23.15,7.6,951,176,40,3,1,"(12, 24]",0.3282937365010799,"(30, 60]",False,False
CUS0005956,7.0,12.35,10.84,272,38,4,1,0,"(6, 12]",0.8777327935222672,"(-1, 7]",False,False
CUS0002371,1.0,55.52662624177525,8.89,561,13,0,0,0,"(0, 6]",0.1601033702514352,"(-1, 7]",False,True
CUS0004870,18.0,29.5,7.74,789,67,11,1,0,"(12, 24]",0.26237288135593223,"(7, 30]",False,False
CUS0006744,3.0,26.1,11.77,216,298,11,2,0,"(0, 6]",0.45095785440613023,"(7, 30]",False,False
CUS0003516,23.0,20.33,10.04,931,58,59,3,1,"(12, 24]",0.4938514510575504,"(30, 60]",False,False
CUS0005785,57.0,28.72,6.45,492,249,16,6,0,"(48, 72]",0.22458217270194988,"(7, 30]",False,False
CUS0003256,4.0,25.29,12.49,563,294,12,6,1,"(0, 6]",0.49387109529458284,"(7, 30]",False,False
CUS0005764,62.0,67.15,12.94,452,13,15,0,0,"(48, 72]",0.19270290394638867,"(7, 30]",False,True
CUS0006173,40.0,20.36,19.26,211,187,19,0,0,"(24, 48]",0.9459724950884087,"(7, 30]",False,False
CUS0000985,41.0,25.32,6.53,853,103,3,0,0,"(24, 48]",0.2578988941548183,"(-1, 7]",False,False
CUS0007822,8.0,21.22,2.57,637,30,11,1,0,"(6, 12]",0.12111215834118756,"(7, 30]",False,False
CUS0001319,18.0,55.52662624177525,4.84,735,227,54,3,1,"(12, 24]",0.08716538942822794,"(30, 60]",False,True
CUS0005373,31.0,55.52662624177525,19.22,498,72,23,0,0,"(24, 48]",0.34614024479556627,"(7, 30]",False,True
CUS0002442,46.0,69.13,6.93,905,53,12,1,0,"(24, 48]",0.1002459134963113,"(7, 30]",False,True
CUS0003930,62.0,20.65,16.75,488,66,43,0,0,"(48, 72]",0.8111380145278451,"(30, 60]",False,False
CUS0007950,68.0,17.3,5.28,905,230,2,2,1,"(48, 72]",0.30520231213872834,"(-1, 7]",False,False
CUS0004202,10.0,19.69,7.33,511,139,30,0,0,"(6, 12]",0.372270187912646,"(7, 30]",False,False
CUS0007565,53.0,51.55,14.19,634,154,42,0,0,"(48, 72]",0.27526673132880697,"(30, 60]",False,True
CUS0006992,18.0,114.87,8.36,633,250,8,2,0,"(12, 24]",0.07277792286933053,"(7, 30]",True,False
CUS0007436,11.0,38.81,1.74,254,278,30,0,1,"(6, 12]",0.04483380572017521,"(7, 30]",False,True
CUS0006130,69.0,20.67,8.93,950,224,10,5,0,"(48, 72]",0.43202709240445086,"(7, 30]",False,False
CUS0002013,1.0,17.57,8.6,804,216,8,1,0,"(0, 6]",0.4894706886738759,"(7, 30]",False,False
CUS0005344,24.0,55.52662624177525,10.15,522,77,7,1,0,"(12, 24]",0.18279518650754412,"(-1, 7]",True,False
CUS0003494,54.0,12.76,7.54,964,0,30,1,0,"(48, 72]",0.5909090909090909,"(7, 30]",False,False
CUS0000958,60.0,12.56,11.73,204,172,0,3,0,"(48, 72]",0.9339171974522293,"(-1, 7]",False,False
CUS0005263,37.0,17.18,10.14,771,289,39,0,0,"(24, 48]",0.5902211874272411,"(30, 60]",False,False
CUS0005501,13.0,27.9,3.53,31,233,32,0,1,"(12, 24]",0.12652329749103944,"(30, 60]",False,False
CUS0001987,6.0,35.68,14.92,612,188,24,2,0,"(0, 6]",0.41816143497757846,"(7, 30]",False,True
CUS0001410,37.0,20.96,8.76,788,152,0,0,1,"(24, 48]",0.41793893129770987,"(-1, 7]",False,False
CUS0005593,34.0,15.9,5.49,353,190,42,6,1,"(24, 48]",0.3452830188679245,"(30, 60]",False,False
CUS0006570,61.0,29.25,10.82,55,232,41,2,0,"(48, 72]",0.36991452991452994,"(30, 60]",False,False
CUS0005079,62.0,20.36,10.17,392,288,7,2,0,"(48, 72]",0.4995088408644401,"(-1, 7]",False,False
CUS0002247,12.0,15.88,16.48,287,154,28,4,0,"(6, 12]",1.0377833753148615,"(7, 30]",False,False
CUS0003619,61.0,118.99,5.37,546,132,63,1,0,"(48, 72]",0.045129842843936466,,True,False
CUS0005261,50.0,117.74,7.59,605,256,52,2,0,"(48, 72]",0.0644640733820282,"(30, 60]",True,False
CUS0003236,62.0,23.5,9.23,480,157,8,0,0,"(48, 72]",0.39276595744680853,"(7, 30]",False,False
CUS0007294,37.0,97.94,9.91,774,267,30,0,0,"(24, 48]",0.10118439861139474,"(7, 30]",True,False
CUS0007445,26.0,107.85,12.4,173,239,23,0,0,"(24, 48]",0.11497450162262403,"(7, 30]",True,False
CUS0003306,26.0,20.38,3.26,408,129,44,3,0,"(24, 48]",0.15996074582924436,"(30, 60]",False,False
CUS0005322,43.0,32.29,2.95,449,169,25,0,1,"(24, 48]",0.09135955404149892,"(7, 30]",False,True
CUS0007714,23.0,70.66,0.0,569,29,27,7,1,"(12, 24]",0.0,"(7, 30]",True,False
CUS0001878,14.0,27.49,9.54,508,172,13,0,0,"(12, 24]",0.34703528555838487,"(7, 30]",False,False
CUS0001202,32.0,15.68,4.59,698,42,1,0,0,"(24, 48]",0.2927295918367347,"(-1, 7]",False,False
CUS0006564,64.0,10.61,3.49,334,114,34,0,1,"(48, 72]",0.3289349670122526,"(30, 60]",False,False
CUS0002112,33.0,55.52662624177525,2.59,972,69,54,0,0,"(24, 48]",0.04664428897089057,"(30, 60]",False,True
CUS0001213,37.0,11.44,8.39,784,235,46,5,1,"(24, 48]",0.7333916083916084,"(30, 60]",False,False
CUS0006244,50.0,20.67,20.69,744,191,27,3,0,"(48, 72]",1.0009675858732463,"(7, 30]",False,False
CUS0000799,54.0,57.2,7.63,659,183,3,2,0,"(48, 72]",0.13339160839160838,"(-1, 7]",False,True
CUS0000205,50.0,108.08,13.38,373,44,44,1,0,"(48, 72]",0.12379718726868987,"(30, 60]",True,False
CUS0003446,41.0,58.84,0.0,421,1,12,0,0,"(24, 48]",0.0,"(7, 30]",False,True
CUS0006190,61.0,18.5,3.51,942,150,19,0,0,"(48, 72]",0.1897297297297297,"(7, 30]",False,False
CUS0007318,62.0,86.24,5.66,881,1,34,1,0,"(48, 72]",0.06563079777365492,"(30, 60]",True,False
CUS0004173,37.0,52.41,10.85,612,191,7,0,0,"(24, 48]",0.20702156077084527,"(-1, 7]",False,True
CUS0001525,43.0,54.62,2.37,174,241,22,1,0,"(24, 48]",0.0433906993775174,"(7, 30]",False,True
CUS0006712,6.0,30.73,10.71,602,21,51,1,1,"(0, 6]",0.3485193621867882,"(30, 60]",False,True
CUS0004625,64.0,65.1,7.47,135,261,17,1,0,"(48, 72]",0.11474654377880185,"(7, 30]",False,True
CUS0001392,19.0,25.41,7.06,851,135,60,5,1,"(12, 24]",0.27784336875245963,"(30, 60]",False,False
CUS0001005,70.0,85.65,14.38,993,45,17,1,0,"(48, 72]",0.16789258610624636,"(7, 30]",True,False
CUS0002732,69.0,21.28,5.01,971,94,29,3,0,"(48, 72]",0.23543233082706766,"(7, 30]",False,False
CUS0002532,52.0,19.78,13.37,326,276,49,8,0,"(48, 72]",0.6759352881698685,"(30, 60]",False,False
CUS0001178,31.0,12.38,23.83,866,148,2,0,0,"(24, 48]",1.9248788368336023,"(-1, 7]",False,False
CUS0001870,1.0,28.04,13.15,111,65,17,0,0,"(0, 6]",0.4689728958630528,"(7, 30]",False,False
CUS0005123,48.0,101.34,16.07,903,106,10,1,0,"(24, 48]",0.15857509374383263,"(7, 30]",True,False
CUS0004826,56.0,60.75,20.56,945,9,37,0,0,"(48, 72]",0.33843621399176954,"(30, 60]",False,True
CUS0000069,60.0,25.38,21.53,377,234,62,1,0,"(48, 72]",0.8483057525610718,,False,False
CUS0007490,21.0,12.86,4.6,228,25,39,5,1,"(12, 24]",0.3576982892690513,"(30, 60]",False,False
CUS0006473,21.0,24.76,7.9,443,73,51,3,0,"(12, 24]",0.31906300484652667,"(30, 60]",False,False
CUS0002979,22.0,20.16,8.218195789745577,809,235,52,3,0,"(12, 24]",0.40764860068182424,"(30, 60]",False,False
CUS0006581,54.0,12.48,22.58,625,265,3,2,0,"(48, 72]",1.8092948717948716,"(-1, 7]",False,False
CUS0005577,66.0,68.74,8.218195789745577,661,263,73,1,0,"(48, 72]",0.11955478309202179,,True,False
CUS0007712,66.0,63.56,14.68,425,48,23,0,0,"(48, 72]",0.23096286972938954,"(7, 30]",True,False
CUS0000805,17.0,118.34,5.74,631,288,16,0,0,"(12, 24]",0.04850430961635964,"(7, 30]",True,False
CUS0004531,53.0,26.54,1.01,909,58,7,1,0,"(48, 72]",0.038055764883195176,"(-1, 7]",False,False
CUS0006191,59.0,24.41,4.82,146,187,16,3,0,"(48, 72]",0.19746005735354363,"(7, 30]",False,False
CUS0000357,67.0,74.1,1.12,342,124,1,2,0,"(48, 72]",0.01511470985155196,"(-1, 7]",True,False
CUS0006839,14.0,48.04,13.37,332,113,67,2,0,"(12, 24]",0.27830974188176516,,False,True
CUS0000495,24.0,100.44,2.13,660,214,51,7,0,"(12, 24]",0.02120669056152927,"(30, 60]",True,False
CUS0002811,2.0,23.18,10.78,9,168,9,0,1,"(0, 6]",0.46505608283002586,"(7, 30]",False,False
CUS0000240,31.0,31.17,4.27,473,217,27,2,1,"(24, 48]",0.13699069618222648,"(7, 30]",False,True
CUS0003169,32.0,23.34,8.49,645,163,16,2,0,"(24, 48]",0.36375321336760924,"(7, 30]",False,False
CUS0004304,29.0,21.09,8.65,172,74,67,1,0,"(24, 48]",0.41014698909435754,,False,False
CUS0004778,48.0,55.52662624177525,8.57,560,158,16,0,0,"(24, 48]",0.15434036929750278,"(7, 30]",False,False
CUS0003447,63.0,57.4,2.25,964,224,5,0,0,"(48, 72]",0.03919860627177701,"(-1, 7]",False,True
CUS0007421,9.0,26.19,6.44,356,96,21,4,1,"(6, 12]",0.24589537991599847,"(7, 30]",False,False
CUS0000020,56.0,76.3,11.16,25,107,22,1,0,"(48, 72]",0.14626474442988205,"(7, 30]",True,False
CUS0005626,10.0,52.75,10.29,514,235,25,0,1,"(6, 12]",0.19507109004739334,"(7, 30]",False,True
CUS0006235,47.0,14.97,0.0,858,178,28,0,0,"(24, 48]",0.0,"(7, 30]",False,False
CUS0007413,30.0,26.36,11.51,919,121,60,2,0,"(24, 48]",0.4366464339908953,"(30, 60]",False,False
CUS0003775,23.0,19.49,8.15,400,217,16,2,0,"(12, 24]",0.41816316059517705,"(7, 30]",False,False
CUS0003763,72.0,47.48,0.0,683,293,8,3,0,"(48, 72]",0.0,"(7, 30]",False,True
CUS0000475,58.0,55.52662624177525,0.0,787,105,16,0,0,"(48, 72]",0.0,"(7, 30]",True,False
CUS0000804,67.0,65.42,9.75,646,188,15,1,0,"(48, 72]",0.14903699174564353,"(7, 30]",True,False
CUS0007497,29.0,105.83,12.78,488,187,20,2,0,"(24, 48]",0.12075970896721157,"(7, 30]",True,False
CUS0002613,4.0,39.47,1.98,681,44,39,2,0,"(0, 6]",0.05016468203699012,"(30, 60]",False,True
CUS0004382,57.0,36.18,8.04,914,264,35,7,0,"(48, 72]",0.2222222222222222,"(30, 60]",False,True
CUS0003578,9.0,39.81,0.0,990,86,30,0,0,"(6, 12]",0.0,"(7, 30]",False,True
CUS0004447,60.0,60.54,10.82,965,121,0,2,0,"(48, 72]",0.17872481004294682,"(-1, 7]",False,True
CUS0005833,71.0,18.31,12.35,816,283,23,0,0,"(48, 72]",0.6744948115783725,"(7, 30]",False,False
CUS0007505,41.0,31.4,6.47,475,68,2,0,0,"(24, 48]",0.20605095541401275,"(-1, 7]",False,True
CUS0002876,40.0,111.29,1.56,27,222,41,1,0,"(24, 48]",0.014017431934585317,"(30, 60]",True,False
CUS0005929,4.0,14.63,3.09,693,83,34,3,1,"(0, 6]",0.21120984278879013,"(30, 60]",False,False
CUS0003259,15.0,25.45,12.92,589,299,17,0,0,"(12, 24]",0.5076620825147348,"(7, 30]",False,False
CUS0007474,25.0,23.42,9.09,61,42,17,4,0,"(24, 48]",0.38812980358667803,"(7, 30]",False,False
CUS0007604,24.0,17.1,12.15,510,203,70,4,1,"(12, 24]",0.7105263157894737,,False,False
CUS0001624,24.0,31.02,8.96,27,237,12,0,0,"(12, 24]",0.2888459058671825,"(7, 30]",False,True
CUS0004135,51.0,91.09,0.0,260,236,17,0,0,"(48, 72]",0.0,"(7, 30]",True,False
CUS0000632,14.0,13.06,7.08,708,5,23,2,0,"(12, 24]",0.5421133231240428,"(7, 30]",False,False
CUS0007368,6.0,17.47,8.218195789745577,501,220,25,2,0,"(0, 6]",0.4704176181880697,"(7, 30]",False,False
CUS0006071,17.0,89.59,16.12,982,167,14,1,0,"(12, 24]",0.17993079584775087,"(7, 30]",True,False
CUS0002637,10.0,43.24,11.09,673,106,5,1,0,"(6, 12]",0.2564754856614246,"(-1, 7]",False,True
CUS0000856,68.0,27.56,3.76,833,51,46,0,0,"(48, 72]",0.13642960812772134,"(30, 60]",False,False
CUS0000560,20.0,55.71,11.5,925,193,30,1,0,"(12, 24]",0.20642613534374438,"(7, 30]",False,True
CUS0000775,22.0,93.65,7.87,343,1,18,1,0,"(12, 24]",0.08403630539241858,"(7, 30]",True,False
CUS0005070,38.0,55.52662624177525,4.22,213,87,8,3,0,"(24, 48]",0.07599957507998385,"(7, 30]",False,False
CUS0001960,71.0,29.61,0.0,575,34,19,2,0,"(48, 72]",0.0,"(7, 30]",False,False
CUS0000497,7.0,56.97,14.49,800,290,19,0,0,"(6, 12]",0.2543443917851501,"(7, 30]",False,True
CUS0000598,8.0,99.21,4.95,12,186,10,3,0,"(6, 12]",0.049894163894768674,"(7, 30]",True,False
CUS0005983,13.0,43.68,4.13,994,0,60,1,1,"(12, 24]",0.09455128205128205,"(30, 60]",False,True
CUS0005647,25.0,43.52,18.61,110,56,0,1,0,"(24, 48]",0.4276194852941176,"(-1, 7]",False,True
CUS0002261,47.0,55.52662624177525,0.0,400,21,63,1,0,"(24, 48]",0.0,,False,False
CUS0002126,30.0,21.1,10.41,343,131,24,3,0,"(24, 48]",0.4933649289099526,"(7, 30]",False,False
CUS0004562,34.0,29.93,7.49,741,240,5,2,1,"(24, 48]",0.2502505846976278,"(-1, 7]",False,False
CUS0002388,62.0,12.86,0.0,812,221,23,4,0,"(48, 72]",0.0,"(7, 30]",False,False
CUS0003766,43.0,43.02,10.15,578,64,31,1,0,"(24, 48]",0.23593677359367735,"(30, 60]",False,True
CUS0003502,35.0,52.63,0.0,565,173,42,1,0,"(24, 48]",0.0,"(30, 60]",False,True
CUS0004658,53.0,76.99,0.0,616,103,40,1,0,"(48, 72]",0.0,"(30, 60]",True,False
CUS0007530,66.0,67.92,23.54,26,199,30,0,0,"(48, 72]",0.34658421672555945,"(7, 30]",True,False
CUS0003103,31.0,71.23,12.35,939,172,34,0,0,"(24, 48]",0.17338200196546397,"(30, 60]",True,False
CUS0001642,13.0,14.12,18.72,52,234,25,1,0,"(12, 24]",1.3257790368271956,"(7, 30]",False,False
CUS0001907,57.0,62.9,7.52,839,113,12,1,0,"(48, 72]",0.11955484896661367,"(7, 30]",False,True
CUS0005106,11.0,19.47,5.78,284,209,19,1,0,"(6, 12]",0.29686697483307656,"(7, 30]",False,False
CUS0002480,45.0,58.75,5.76,4,135,8,0,0,"(24, 48]",0.09804255319148936,"(7, 30]",False,True
CUS0006113,11.0,27.35,5.03,902,244,46,2,0,"(6, 12]",0.18391224862888483,"(30, 60]",False,False
CUS0007634,21.0,19.82,6.12,101,65,1,1,0,"(12, 24]",0.3087790110998991,"(-1, 7]",False,False
CUS0004791,19.0,54.76,12.07,328,283,18,0,0,"(12, 24]",0.2204163623082542,"(7, 30]",False,True
CUS0006332,16.0,17.77,7.19,255,44,33,1,1,"(12, 24]",0.4046145188519978,"(30, 60]",False,False
CUS0000870,45.0,19.8,12.47,130,56,41,0,0,"(24, 48]",0.6297979797979798,"(30, 60]",False,False
CUS0006714,16.0,49.88,7.26,924,85,1,2,0,"(12, 24]",0.14554931836407375,"(-1, 7]",False,True
CUS0002127,24.0,105.06,0.0,963,130,29,0,0,"(12, 24]",0.0,"(7, 30]",True,False
CUS0004021,61.0,39.31,8.58,982,203,18,0,0,"(48, 72]",0.21826507250063595,"(7, 30]",False,True
CUS0007447,63.0,14.49,5.34,316,212,19,0,0,"(48, 72]",0.36853002070393376,"(7, 30]",False,False
CUS0000419,49.0,43.44,6.35,280,287,60,1,0,"(48, 72]",0.14617863720073665,"(30, 60]",False,True
CUS0005354,46.0,97.53,10.09,385,31,19,1,0,"(24, 48]",0.10345534707269557,"(7, 30]",True,False
CUS0005238,58.0,55.27,4.31,331,164,37,2,0,"(48, 72]",0.07798082142210963,"(30, 60]",False,True
CUS0003037,58.0,99.39,13.22,970,33,41,0,0,"(48, 72]",0.13301136935305363,"(30, 60]",True,False
CUS0005683,3.0,53.03,3.26,711,26,31,0,0,"(0, 6]",0.0614746369979257,"(30, 60]",False,True
CUS0006018,4.0,22.99,8.218195789745577,783,221,29,0,0,"(0, 6]",0.35746828141564063,"(7, 30]",False,False
CUS0003333,58.0,40.73,10.06,948,165,75,0,0,"(48, 72]",0.2469923889025289,,False,True
CUS0000653,38.0,77.89,18.11,1,161,7,2,0,"(24, 48]",0.23250738220567466,"(-1, 7]",True,False
CUS0004386,14.0,117.71,6.77,113,274,17,0,0,"(12, 24]",0.05751422988701045,"(7, 30]",True,False
CUS0007759,68.0,18.96,11.35,290,171,32,1,0,"(48, 72]",0.5986286919831223,"(30, 60]",False,False
CUS0003023,64.0,28.02,0.0,614,94,18,0,0,"(48, 72]",0.0,"(7, 30]",False,False
CUS0002057,14.0,94.36,8.39,654,275,11,0,0,"(12, 24]",0.08891479440440865,"(7, 30]",True,False
CUS0000564,59.0,118.22,16.46,968,52,18,0,0,"(48, 72]",0.13923194045000847,"(7, 30]",True,False
CUS0004571,16.0,112.67,11.46,628,13,29,1,0,"(12, 24]",0.10171296707198013,"(7, 30]",True,False
CUS0000571,72.0,18.77,5.77,564,116,36,3,0,"(48, 72]",0.30740543420351624,"(30, 60]",False,False
CUS0005689,32.0,31.48,3.7,962,249,47,0,0,"(24, 48]",0.11753494282083864,"(30, 60]",False,True
CUS0003177,49.0,55.52662624177525,1.43,691,211,3,0,0,"(48, 72]",0.025753410512885527,"(-1, 7]",False,True
CUS0006474,56.0,102.47,8.57,972,93,29,0,0,"(48, 72]",0.08363423441007124,"(7, 30]",True,False
CUS0001766,46.0,12.84,8.7,333,62,16,0,0,"(24, 48]",0.6775700934579438,"(7, 30]",False,False
CUS0003281,56.0,66.07,12.63,409,169,66,0,0,"(48, 72]",0.19116088996518846,,False,True
CUS0005605,35.0,13.23,11.78,147,33,16,2,1,"(24, 48]",0.8904006046863189,"(7, 30]",False,False
CUS0002455,19.0,103.49,8.218195789745577,591,287,55,1,0,"(12, 24]",0.07941053038695117,"(30, 60]",True,False
CUS0003393,43.0,50.95,0.0,838,283,12,8,0,"(24, 48]",0.0,"(7, 30]",False,True
CUS0004821,34.0,10.23,15.02,515,154,53,0,0,"(24, 48]",1.4682306940371455,"(30, 60]",False,False
CUS0006613,1.0,17.78,0.76,589,37,13,0,0,"(0, 6]",0.04274465691788526,"(7, 30]",False,False
CUS0001795,11.0,45.29,11.51,558,197,68,0,0,"(6, 12]",0.2541399867520424,,False,True
CUS0000875,8.0,66.48,5.88,576,191,24,0,1,"(6, 12]",0.08844765342960288,"(7, 30]",True,False
CUS0007546,43.0,85.67,9.71,90,58,28,0,0,"(24, 48]",0.1133418933115443,"(7, 30]",True,False
CUS0000959,5.0,23.62,16.73,93,82,20,2,0,"(0, 6]",0.7082980524978831,"(7, 30]",False,False
CUS0002932,38.0,23.51,8.218195789745577,28,297,43,0,1,"(24, 48]",0.3495617094745035,"(30, 60]",False,False
CUS0003059,17.0,48.19,15.73,687,85,22,1,0,"(12, 24]",0.3264162689354638,"(7, 30]",False,True
CUS0000618,1.0,39.89,13.2,706,287,6,0,1,"(0, 6]",0.33091000250689395,"(-1, 7]",False,True
CUS0003672,69.0,20.71,16.06,93,222,16,4,0,"(48, 72]",0.7754707870593915,"(7, 30]",False,False
CUS0002175,71.0,55.52662624177525,13.87,255,45,17,1,0,"(48, 72]",0.24979007259700856,"(7, 30]",False,True
CUS0001052,31.0,25.69,4.78,376,191,34,2,0,"(24, 48]",0.18606461658232776,"(30, 60]",False,False
CUS0002048,17.0,24.98,15.87,133,251,18,1,0,"(12, 24]",0.6353082465972778,"(7, 30]",False,False
CUS0000435,57.0,90.52,4.54,132,254,19,1,0,"(48, 72]",0.05015466195315953,"(7, 30]",True,False
CUS0004183,21.0,14.16,8.21,111,0,29,3,0,"(12, 24]",0.5798022598870057,"(7, 30]",False,False
CUS0005563,20.0,23.07,13.52,212,75,36,0,0,"(12, 24]",0.5860424794104898,"(30, 60]",False,False
CUS0000689,53.0,14.36,16.11,674,181,24,0,0,"(48, 72]",1.121866295264624,"(7, 30]",False,False
CUS0003822,62.0,76.66,8.44,250,78,1,0,0,"(48, 72]",0.11009653013305505,"(-1, 7]",True,False
CUS0003794,58.0,22.39,11.97,215,148,9,0,0,"(48, 72]",0.5346136668155427,"(7, 30]",False,False
CUS0001872,16.0,27.25,12.26,157,254,25,0,0,"(12, 24]",0.44990825688073394,"(7, 30]",False,False
CUS0003339,8.0,12.81,17.52,911,204,25,1,0,"(6, 12]",1.3676814988290398,"(7, 30]",False,False
CUS0001433,58.0,83.52,11.78,288,296,33,0,0,"(48, 72]",0.141044061302682,"(30, 60]",True,False
CUS0001739,28.0,20.69,19.54,237,135,62,1,0,"(24, 48]",0.9444175930401159,,False,False
CUS0007939,49.0,20.69,25.19,855,225,22,1,0,"(48, 72]",1.2174963750604157,"(7, 30]",False,False
CUS0006695,46.0,26.74,5.3,786,300,17,4,0,"(24, 48]",0.19820493642483172,"(7, 30]",False,False
CUS0004432,44.0,19.33,12.36,156,81,15,3,0,"(24, 48]",0.6394205897568547,"(7, 30]",False,False
CUS0007549,65.0,60.63,11.09,203,206,77,0,0,"(48, 72]",0.18291274946396172,,False,True
CUS0000507,62.0,12.31,0.0,652,66,25,0,0,"(48, 72]",0.0,"(7, 30]",False,False
CUS0004953,4.0,25.28,18.51,898,39,57,3,1,"(0, 6]",0.7321993670886077,"(30, 60]",False,False
CUS0004314,14.0,10.61,6.54,598,168,27,6,1,"(12, 24]",0.6163996229971725,"(7, 30]",False,False
CUS0005269,69.0,70.97,17.06,606,37,6,0,0,"(48, 72]",0.2403832605326194,"(-1, 7]",True,False
CUS0005917,10.0,18.53,0.0,61,216,22,6,0,"(6, 12]",0.0,"(7, 30]",False,False
CUS0007268,72.0,18.48,7.89,234,56,21,3,0,"(48, 72]",0.4269480519480519,"(7, 30]",False,False
CUS0000097,47.0,11.54,20.28,54,63,11,5,1,"(24, 48]",1.7573656845753902,"(7, 30]",False,False
CUS0002795,30.0,113.4,12.19,299,79,45,3,1,"(24, 48]",0.10749559082892415,"(30, 60]",True,False
CUS0005062,3.0,83.8,3.09,303,57,23,2,1,"(0, 6]",0.03687350835322196,"(7, 30]",True,False
CUS0000241,22.0,24.64,13.6,263,172,4,0,0,"(12, 24]",0.551948051948052,"(-1, 7]",False,False
CUS0001487,39.0,52.62,4.5,234,21,55,0,0,"(24, 48]",0.08551881413911061,"(30, 60]",False,True
CUS0001389,68.0,15.66,14.62,712,41,18,0,0,"(48, 72]",0.933588761174968,"(7, 30]",False,False
CUS0005206,10.0,18.29,11.16,724,28,45,4,1,"(6, 12]",0.6101694915254238,"(30, 60]",False,False
CUS0007378,38.0,55.52662624177525,14.08,186,175,41,1,0,"(24, 48]",0.25357204197302674,"(30, 60]",False,False
CUS0001179,23.0,25.56,16.43,580,237,21,4,1,"(12, 24]",0.6428012519561815,"(7, 30]",False,False
CUS0006611,37.0,21.97,5.88,516,57,56,4,1,"(24, 48]",0.267637687756031,"(30, 60]",False,False
CUS0002890,63.0,112.99,4.77,587,22,46,5,0,"(48, 72]",0.04221612532082485,"(30, 60]",True,False
CUS0005632,50.0,19.99,14.52,855,182,1,0,0,"(48, 72]",0.7263631815907954,"(-1, 7]",False,False
CUS0002393,10.0,21.9,3.69,795,113,8,0,1,"(6, 12]",0.1684931506849315,"(7, 30]",False,False
CUS0005193,61.0,20.71,0.0,897,163,53,2,0,"(48, 72]",0.0,"(30, 60]",False,False
CUS0005185,28.0,118.25,10.35,253,212,17,2,0,"(24, 48]",0.08752642706131078,"(7, 30]",True,False
CUS0004266,62.0,84.34,8.58,362,217,4,3,0,"(48, 72]",0.1017310884515058,"(-1, 7]",True,False
CUS0002070,34.0,65.12,4.83,907,220,22,0,0,"(24, 48]",0.07417076167076167,"(7, 30]",True,False
CUS0000335,4.0,33.88,15.27,320,109,14,0,0,"(0, 6]",0.4507083825265643,"(7, 30]",False,True
CUS0001382,69.0,22.9,2.11,675,188,34,1,0,"(48, 72]",0.09213973799126637,"(30, 60]",False,False
CUS0005876,7.0,61.64,7.25,569,296,50,3,0,"(6, 12]",0.11761842959117456,"(30, 60]",False,True
CUS0005771,71.0,25.65,0.0,760,217,4,1,0,"(48, 72]",0.0,"(-1, 7]",False,False
CUS0004246,52.0,24.91,6.95,118,124,14,7,0,"(48, 72]",0.27900441589723,"(7, 30]",False,False
CUS0005642,58.0,28.66,19.18,92,153,21,2,0,"(48, 72]",0.6692254012561061,"(7, 30]",False,False
CUS0002994,60.0,21.36,8.3,794,6,18,8,1,"(48, 72]",0.3885767790262173,"(7, 30]",False,False
CUS0003350,42.0,102.83,9.16,378,102,10,1,0,"(24, 48]",0.08907906253038997,"(7, 30]",True,False
CUS0003708,69.0,24.58,17.6,753,171,2,1,0,"(48, 72]",0.7160292921074045,"(-1, 7]",False,False
CUS0002681,55.0,17.97,15.54,840,104,51,1,0,"(48, 72]",0.8647746243739566,"(30, 60]",False,False
CUS0005346,8.0,39.19,7.55,784,285,2,1,0,"(6, 12]",0.1926511865271753,"(-1, 7]",False,True
CUS0006458,63.0,20.52,17.47,34,260,17,0,0,"(48, 72]",0.851364522417154,"(7, 30]",False,False
CUS0007976,64.0,72.09,10.78,916,55,53,0,0,"(48, 72]",0.1495353030933555,"(30, 60]",True,False
CUS0006448,68.0,10.35,10.95,871,141,26,2,0,"(48, 72]",1.0579710144927537,"(7, 30]",False,False
CUS0004714,15.0,20.91,19.07,493,147,8,0,0,"(12, 24]",0.9120038259206121,"(7, 30]",False,False
CUS0006292,53.0,28.14,14.57,253,120,50,4,0,"(48, 72]",0.5177683013503909,"(30, 60]",False,False
CUS0002128,36.0,31.51,8.84,262,52,7,1,0,"(24, 48]",0.28054585845763247,"(-1, 7]",False,True
CUS0000833,20.0,66.07,8.81,308,212,3,1,0,"(12, 24]",0.13334342364159227,"(-1, 7]",True,False
CUS0003183,7.0,60.21,22.23,437,5,20,1,0,"(6, 12]",0.36920777279521677,"(7, 30]",False,True
CUS0004334,53.0,40.17,15.36,518,77,18,1,0,"(48, 72]",0.3823749066467513,"(7, 30]",False,True
CUS0004840,39.0,17.71,0.0,77,84,19,2,0,"(24, 48]",0.0,"(7, 30]",False,False
CUS0003546,69.0,24.81,14.5,567,254,53,1,0,"(48, 72]",0.5844417573559049,"(30, 60]",False,False
CUS0000308,67.0,20.12,8.12,391,260,7,1,0,"(48, 72]",0.4035785288270377,"(-1, 7]",False,False
CUS0005340,12.0,41.27,23.09,0,167,37,0,0,"(6, 12]",0.5594863096680397,"(30, 60]",False,True
CUS0001492,42.0,20.71,7.35,280,282,10,6,1,"(24, 48]",0.35490101400289714,"(7, 30]",False,False
CUS0007819,19.0,29.69,8.38,802,210,8,1,0,"(12, 24]",0.2822499157965645,"(7, 30]",False,False
CUS0005016,41.0,12.72,7.21,961,123,43,3,1,"(24, 48]",0.5668238993710691,"(30, 60]",False,False
CUS0004583,45.0,17.6,0.0,658,283,12,0,0,"(24, 48]",0.0,"(7, 30]",False,False
CUS0005249,27.0,100.89,10.12,176,224,32,3,1,"(24, 48]",0.10030726533848745,"(30, 60]",True,False
CUS0007724,7.0,43.87,5.71,146,17,3,0,0,"(6, 12]",0.13015728288124004,"(-1, 7]",False,True
CUS0007174,71.0,55.52662624177525,5.44,140,59,10,1,0,"(48, 72]",0.09797101621685124,"(7, 30]",False,True
CUS0005074,25.0,63.55,13.0,650,9,2,0,0,"(24, 48]",0.2045633359559402,"(-1, 7]",True,False
CUS0006084,61.0,26.1,8.84,326,38,26,1,0,"(48, 72]",0.3386973180076628,"(7, 30]",False,False
CUS0006996,4.0,23.39,15.06,456,1,18,3,1,"(0, 6]",0.6438648995297136,"(7, 30]",False,False
CUS0005262,14.0,18.47,8.218195789745577,960,189,30,0,0,"(12, 24]",0.44494833728996086,"(7, 30]",False,False
CUS0007039,23.0,28.0,13.3,25,226,18,2,0,"(12, 24]",0.47500000000000003,"(7, 30]",False,False
CUS0007970,59.0,24.77,4.25,638,124,56,0,0,"(48, 72]",0.17157852240613647,"(30, 60]",False,False
CUS0005455,11.0,22.48,5.96,240,68,0,1,0,"(6, 12]",0.26512455516014233,"(-1, 7]",False,False
CUS0000990,41.0,62.75,8.56,851,124,17,0,0,"(24, 48]",0.13641434262948207,"(7, 30]",False,True
CUS0000157,27.0,71.37,5.02,440,219,7,1,0,"(24, 48]",0.07033767689505394,"(-1, 7]",True,False
CUS0001011,8.0,18.36,6.07,277,151,53,2,0,"(6, 12]",0.3306100217864924,"(30, 60]",False,False
CUS0007066,2.0,15.96,17.92,621,30,27,0,0,"(0, 6]",1.1228070175438596,"(7, 30]",False,False
CUS0003033,57.0,24.68,5.11,575,238,17,0,0,"(48, 72]",0.20705024311183146,"(7, 30]",False,False
CUS0000220,29.0,28.66,10.05,516,39,44,2,0,"(24, 48]",0.3506629448709002,"(30, 60]",False,False
CUS0005986,35.0,18.78,10.99,175,20,16,1,0,"(24, 48]",0.5851970181043663,"(7, 30]",False,False
CUS0001293,51.0,28.43,0.0,773,169,42,0,0,"(48, 72]",0.0,"(30, 60]",False,False
CUS0000621,14.0,23.6,12.19,409,280,19,2,0,"(12, 24]",0.5165254237288135,"(7, 30]",False,False
CUS0005529,6.0,11.28,10.37,406,136,9,0,0,"(0, 6]",0.9193262411347518,"(7, 30]",False,False
CUS0007009,65.0,12.76,14.31,992,207,4,1,0,"(48, 72]",1.121473354231975,"(-1, 7]",False,False
CUS0004497,34.0,26.75,3.33,973,14,40,3,1,"(24, 48]",0.12448598130841122,"(30, 60]",False,False
CUS0005776,5.0,14.87,16.38,468,36,19,3,0,"(0, 6]",1.101546738399462,"(7, 30]",False,False
CUS0002245,49.0,15.59,4.18,676,138,35,0,0,"(48, 72]",0.268120590121873,"(30, 60]",False,False
CUS0001275,2.0,67.82,10.78,982,28,5,0,0,"(0, 6]",0.15895016219404307,"(-1, 7]",True,False
CUS0003038,13.0,19.63,9.97,325,288,14,3,0,"(12, 24]",0.5078960774325013,"(7, 30]",False,False
CUS0005432,60.0,69.69,1.23,589,119,24,2,0,"(48, 72]",0.01764959104606113,"(7, 30]",False,True
CUS0000027,51.0,24.12,14.97,15,292,9,2,0,"(48, 72]",0.6206467661691543,"(7, 30]",False,False
CUS0005794,3.0,10.18,16.34,687,287,22,2,1,"(0, 6]",1.6051080550098231,"(7, 30]",False,False
CUS0001183,49.0,17.99,0.0,787,289,2,3,0,"(48, 72]",0.0,"(-1, 7]",False,False
CUS0005877,55.0,12.36,10.06,988,206,1,1,0,"(48, 72]",0.813915857605178,"(-1, 7]",False,False
CUS0000506,42.0,69.34,3.04,179,88,23,0,0,"(24, 48]",0.043841938275165845,"(7, 30]",True,False
CUS0001494,51.0,60.35,7.92,261,212,42,1,0,"(48, 72]",0.13123446561723282,"(30, 60]",False,True
CUS0006328,41.0,17.44,7.36,333,160,14,0,0,"(24, 48]",0.4220183486238532,"(7, 30]",False,False
CUS0000314,66.0,11.19,7.39,462,210,20,0,0,"(48, 72]",0.6604110813226095,"(7, 30]",False,False
CUS0007744,2.0,25.28,0.0,279,152,31,1,0,"(0, 6]",0.0,"(30, 60]",False,False
CUS0006140,35.0,63.0,14.04,483,20,74,0,0,"(24, 48]",0.22285714285714284,,False,True
CUS0000993,63.0,97.75,2.71,141,215,17,1,0,"(48, 72]",0.027723785166240408,"(7, 30]",True,False
CUS0003482,39.0,34.74,0.0,337,242,10,5,1,"(24, 48]",0.0,"(7, 30]",False,True
CUS0003941,14.0,11.4,0.0,73,5,13,3,0,"(12, 24]",0.0,"(7, 30]",False,False
CUS0004249,7.0,63.86,8.218195789745577,376,0,24,1,0,"(6, 12]",0.12869082038436544,"(7, 30]",False,True
CUS0007422,6.0,27.68,5.55,9,81,24,1,0,"(0, 6]",0.20050578034682082,"(7, 30]",False,False
CUS0004665,13.0,26.08,6.93,731,123,15,1,0,"(12, 24]",0.2657208588957055,"(7, 30]",False,False
CUS0000668,20.0,61.73,20.47,157,25,0,0,0,"(12, 24]",0.33160537826016523,"(-1, 7]",True,False
CUS0005982,14.0,19.32,2.98,805,77,1,5,1,"(12, 24]",0.15424430641821946,"(-1, 7]",False,False
CUS0006070,52.0,65.12,5.84,30,21,12,0,0,"(48, 72]",0.08968058968058967,"(7, 30]",False,True
CUS0001276,33.0,68.86,14.48,884,202,4,1,0,"(24, 48]",0.21028173104850423,"(-1, 7]",True,False
CUS0000592,22.0,38.09,20.62,305,191,21,0,0,"(12, 24]",0.5413494355473878,"(7, 30]",False,True
CUS0006995,68.0,36.01,7.22,473,211,8,0,0,"(48, 72]",0.20049986114968066,"(7, 30]",False,True
CUS0007772,55.0,18.49,3.56,804,231,14,0,0,"(48, 72]",0.19253650621957816,"(7, 30]",False,False
CUS0004399,34.0,20.45,0.0,173,233,46,1,0,"(24, 48]",0.0,"(30, 60]",False,False
CUS0004085,15.0,16.66,4.23,259,89,19,4,0,"(12, 24]",0.25390156062424973,"(7, 30]",False,False
CUS0002093,37.0,15.15,2.93,187,17,68,0,0,"(24, 48]",0.1933993399339934,,False,False
CUS0000433,51.0,12.23,6.13,945,260,44,2,0,"(48, 72]",0.5012264922322158,"(30, 60]",False,False
CUS0005136,71.0,98.16,12.73,108,47,9,0,0,"(48, 72]",0.12968622656886716,"(7, 30]",True,False
CUS0000574,38.0,91.2,0.0,215,296,54,2,1,"(24, 48]",0.0,"(30, 60]",True,False
CUS0001753,58.0,69.85,12.37,653,62,8,1,0,"(48, 72]",0.1770937723693629,"(7, 30]",False,True
CUS0001521,21.0,66.91,0.41,57,105,60,6,0,"(12, 24]",0.006127634135405769,"(30, 60]",True,False
CUS0006755,46.0,43.53,14.8,445,192,31,4,0,"(24, 48]",0.3399954054674937,"(30, 60]",False,True
CUS0005655,64.0,59.18,6.93,380,233,31,2,1,"(48, 72]",0.1171003717472119,"(30, 60]",False,True
CUS0007762,17.0,55.52662624177525,5.56,406,128,47,0,1,"(12, 24]",0.10013214157457588,"(30, 60]",False,False
CUS0006144,59.0,27.82,0.94,396,262,3,1,0,"(48, 72]",0.033788641265276774,"(-1, 7]",False,False
CUS0005044,53.0,75.07,8.218195789745577,213,279,45,0,0,"(48, 72]",0.1094737683461513,"(30, 60]",True,False
CUS0004496,64.0,19.42,9.43,344,141,28,0,0,"(48, 72]",0.4855818743563336,"(7, 30]",False,False
CUS0006363,58.0,59.17,0.0,160,279,8,0,0,"(48, 72]",0.0,"(7, 30]",False,True
CUS0006964,70.0,18.48,11.15,645,105,68,5,1,"(48, 72]",0.6033549783549783,,False,False
CUS0001589,20.0,86.27,11.48,298,178,65,1,1,"(12, 24]",0.13307059232641708,,True,False
CUS0002778,72.0,69.22,15.09,410,257,40,0,0,"(48, 72]",0.2180005778676683,"(30, 60]",False,True
CUS0001069,65.0,77.74,6.16,317,122,1,0,0,"(48, 72]",0.07923848726524313,"(-1, 7]",True,False
CUS0002948,33.0,55.52662624177525,13.31,291,210,19,5,1,"(24, 48]",0.23970482092762682,"(7, 30]",False,False
CUS0005091,11.0,20.88,7.63,878,300,4,1,0,"(6, 12]",0.36542145593869735,"(-1, 7]",False,False
CUS0002289,47.0,88.53,15.24,684,80,20,0,0,"(24, 48]",0.17214503558115893,"(7, 30]",True,False
CUS0004119,23.0,22.27,0.0,462,253,26,0,0,"(12, 24]",0.0,"(7, 30]",False,False
CUS0003093,69.0,45.81,3.32,981,155,44,0,0,"(48, 72]",0.07247325911373062,"(30, 60]",False,True
CUS0003964,71.0,12.26,0.0,470,56,12,0,0,"(48, 72]",0.0,"(7, 30]",False,False
CUS0001278,42.0,33.31,13.04,815,182,1,3,0,"(24, 48]",0.3914740318222755,"(-1, 7]",False,True
CUS0006438,3.0,68.61,8.54,349,85,1,2,0,"(0, 6]",0.12447165136277509,"(-1, 7]",False,True
CUS0000950,3.0,10.11,20.44,45,6,42,4,0,"(0, 6]",2.021760633036598,"(30, 60]",False,False
CUS0000023,69.0,63.14,7.02,35,159,3,4,0,"(48, 72]",0.11118150142540385,"(-1, 7]",False,True
CUS0005364,33.0,66.27,8.218195789745577,409,84,46,0,1,"(24, 48]",0.12401080111280485,"(30, 60]",False,True
CUS0005820,40.0,55.52662624177525,7.19,707,59,40,2,0,"(24, 48]",0.1294874276836692,"(30, 60]",False,False
CUS0000573,2.0,14.82,0.23,25,287,58,0,1,"(0, 6]",0.0155195681511471,"(30, 60]",False,False
CUS0001676,57.0,60.53,5.43,546,100,13,0,0,"(48, 72]",0.08970758301668594,"(7, 30]",False,True
CUS0004889,2.0,94.33,6.23,958,61,14,0,0,"(0, 6]",0.06604473656312944,"(7, 30]",True,False
CUS0004052,54.0,55.52662624177525,0.0,611,194,48,3,0,"(48, 72]",0.0,"(30, 60]",False,False
CUS0005944,38.0,92.94,16.27,395,57,0,1,0,"(24, 48]",0.17505917796427803,"(-1, 7]",True,False
CUS0000279,53.0,59.45,9.75,521,226,42,1,0,"(48, 72]",0.16400336417157274,"(30, 60]",False,True
CUS0002854,14.0,30.65,14.68,599,250,21,1,0,"(12, 24]",0.47895595432300164,"(7, 30]",False,True
CUS0004235,60.0,41.52,8.3,574,291,15,1,0,"(48, 72]",0.19990366088631986,"(7, 30]",False,True
CUS0003518,46.0,17.86,7.34,50,298,69,0,0,"(24, 48]",0.41097424412094063,,False,False
CUS0003816,52.0,10.45,1.07,42,37,21,0,0,"(48, 72]",0.10239234449760767,"(7, 30]",False,False
CUS0005046,55.0,53.11,8.218195789745577,662,277,43,2,0,"(48, 72]",0.15473914121155294,"(30, 60]",False,True
CUS0007252,9.0,12.01,8.14,754,134,17,1,0,"(6, 12]",0.6777685262281433,"(7, 30]",False,False
CUS0006852,51.0,11.76,5.03,81,165,32,0,0,"(48, 72]",0.42772108843537415,"(30, 60]",False,False
CUS0004572,71.0,81.18,13.57,341,252,49,0,0,"(48, 72]",0.16715939886671594,"(30, 60]",True,False
CUS0002557,6.0,29.03,7.1,585,293,33,2,1,"(0, 6]",0.24457457802273508,"(30, 60]",False,False
CUS0000664,11.0,19.24,8.46,451,202,42,2,1,"(6, 12]",0.4397089397089398,"(30, 60]",False,False
CUS0000778,57.0,20.01,2.97,921,126,18,4,0,"(48, 72]",0.14842578710644677,"(7, 30]",False,False
CUS0004830,61.0,53.29,6.42,938,88,10,5,0,"(48, 72]",0.12047288421842747,"(7, 30]",False,True
CUS0002555,41.0,16.97,8.218195789745577,320,210,0,0,1,"(24, 48]",0.4842778897905467,"(-1, 7]",False,False
CUS0006150,67.0,27.16,14.09,112,175,41,0,0,"(48, 72]",0.5187776141384389,"(30, 60]",False,False
CUS0005305,71.0,10.06,14.03,668,109,25,0,0,"(48, 72]",1.3946322067594432,"(7, 30]",False,False
CUS0006723,3.0,32.4,11.66,334,196,27,0,1,"(0, 6]",0.35987654320987655,"(7, 30]",False,True
CUS0007879,46.0,27.25,10.38,944,163,25,3,0,"(24, 48]",0.3809174311926606,"(7, 30]",False,False
CUS0005267,33.0,28.81,14.27,218,212,43,1,1,"(24, 48]",0.4953141270392225,"(30, 60]",False,False
CUS0005358,65.0,96.92,8.8,759,171,70,4,0,"(48, 72]",0.09079653322327694,,True,False
CUS0004220,40.0,27.25,3.56,911,224,21,2,0,"(24, 48]",0.1306422018348624,"(7, 30]",False,False
CUS0001165,11.0,19.47,0.0,206,121,24,0,0,"(6, 12]",0.0,"(7, 30]",False,False
CUS0005234,60.0,21.04,8.64,570,83,61,1,0,"(48, 72]",0.4106463878326997,,False,False
CUS0002674,67.0,29.29,12.29,918,160,4,0,0,"(48, 72]",0.4195971321270058,"(-1, 7]",False,False
CUS0005183,12.0,62.88,14.85,417,110,3,3,0,"(6, 12]",0.23616412213740456,"(-1, 7]",False,True
CUS0002632,44.0,81.01,16.77,840,0,9,5,0,"(24, 48]",0.2070114800641896,"(7, 30]",True,False
CUS0001056,67.0,25.53,8.51,351,263,6,0,0,"(48, 72]",0.3333333333333333,"(-1, 7]",False,False
CUS0002545,63.0,17.64,3.3,895,8,46,5,1,"(48, 72]",0.18707482993197277,"(30, 60]",False,False
CUS0001149,17.0,26.38,8.92,858,16,33,0,1,"(12, 24]",0.33813495072024263,"(30, 60]",False,False
CUS0002355,62.0,109.69,0.0,489,151,15,7,0,"(48, 72]",0.0,"(7, 30]",True,False
CUS0001514,24.0,16.17,9.11,677,248,26,0,0,"(12, 24]",0.5633889919604205,"(7, 30]",False,False
CUS0000710,38.0,31.26,20.07,264,128,5,3,0,"(24, 48]",0.6420345489443378,"(-1, 7]",False,True
CUS0002099,68.0,67.12,0.0,922,75,35,0,0,"(48, 72]",0.0,"(30, 60]",False,True
CUS0007599,42.0,90.04,16.43,716,14,34,4,1,"(24, 48]",0.18247445579742336,"(30, 60]",True,False
CUS0000395,23.0,53.35,6.14,444,211,6,0,0,"(12, 24]",0.11508903467666354,"(-1, 7]",False,True
CUS0007102,16.0,26.15,0.75,97,173,48,0,0,"(12, 24]",0.02868068833652008,"(30, 60]",False,False
CUS0004945,24.0,97.93,12.44,668,124,69,0,0,"(12, 24]",0.12702951087511485,,True,False
CUS0003542,70.0,22.25,5.09,321,27,27,0,0,"(48, 72]",0.22876404494382022,"(7, 30]",False,False
CUS0003510,11.0,19.61,19.94,34,77,13,3,1,"(6, 12]",1.0168281489036206,"(7, 30]",False,False
CUS0007725,67.0,23.03,10.55,674,158,31,0,0,"(48, 72]",0.45809813287016937,"(30, 60]",False,False
CUS0004990,61.0,46.3,0.0,54,266,3,0,0,"(48, 72]",0.0,"(-1, 7]",False,True
CUS0005496,29.0,29.6,11.25,165,247,0,0,1,"(24, 48]",0.38006756756756754,"(-1, 7]",False,False
CUS0001811,48.0,18.26,13.27,751,13,16,3,1,"(24, 48]",0.7267250821467688,"(7, 30]",False,False
CUS0002959,1.0,29.66,8.97,203,101,9,0,0,"(0, 6]",0.3024275118004046,"(7, 30]",False,False
CUS0006141,24.0,11.46,4.12,833,155,3,0,0,"(12, 24]",0.35951134380453753,"(-1, 7]",False,False
CUS0007096,22.0,17.72,5.51,839,219,19,0,0,"(12, 24]",0.31094808126410833,"(7, 30]",False,False
CUS0007247,38.0,67.41,9.16,12,296,38,1,0,"(24, 48]",0.13588488354843495,"(30, 60]",False,True
CUS0001228,37.0,47.15,1.46,504,72,17,2,0,"(24, 48]",0.030965005302226935,"(7, 30]",False,True
CUS0007985,7.0,81.83,11.7,85,57,28,3,0,"(6, 12]",0.14297934742759377,"(7, 30]",True,False
CUS0001068,42.0,24.4,3.26,880,243,23,0,0,"(24, 48]",0.13360655737704918,"(7, 30]",False,False
CUS0007901,51.0,16.58,8.88,489,118,40,2,0,"(48, 72]",0.5355850422195417,"(30, 60]",False,False
CUS0006462,50.0,114.2,26.08,333,114,60,3,0,"(48, 72]",0.2283712784588441,"(30, 60]",True,False
CUS0006709,62.0,42.14,9.95,943,272,14,2,0,"(48, 72]",0.23611770289511153,"(7, 30]",False,True
CUS0003012,34.0,16.36,10.9,158,172,20,3,0,"(24, 48]",0.6662591687041566,"(7, 30]",False,False
CUS0003650,41.0,11.41,3.32,839,73,9,0,0,"(24, 48]",0.2909728308501314,"(7, 30]",False,False
CUS0003269,30.0,22.34,9.09,390,277,22,0,0,"(24, 48]",0.40689346463742165,"(7, 30]",False,False
CUS0007672,39.0,63.37,0.0,489,93,21,0,0,"(24, 48]",0.0,"(7, 30]",False,True
CUS0002318,59.0,25.64,5.29,997,75,14,1,0,"(48, 72]",0.2063182527301092,"(7, 30]",False,False
CUS0007348,64.0,16.79,7.66,607,75,43,0,0,"(48, 72]",0.456223942823109,"(30, 60]",False,False
CUS0003349,63.0,24.66,9.73,407,153,17,1,0,"(48, 72]",0.394566098945661,"(7, 30]",False,False
CUS0002742,17.0,69.69,7.87,768,227,52,5,1,"(12, 24]",0.11292868417276511,"(30, 60]",False,True
CUS0006300,2.0,78.65,12.47,169,265,29,0,0,"(0, 6]",0.15855054036872218,"(7, 30]",True,False
CUS0001201,26.0,31.72,8.218195789745577,573,179,35,1,0,"(24, 48]",0.2590856175834041,"(30, 60]",False,True
CUS0001786,24.0,90.83,6.8,72,111,24,2,1,"(12, 24]",0.07486513266541892,"(7, 30]",True,False
CUS0005392,23.0,15.7,2.81,974,154,2,0,0,"(12, 24]",0.17898089171974524,"(-1, 7]",False,False
CUS0004320,61.0,59.73,14.54,870,37,12,2,0,"(48, 72]",0.24342876276577935,"(7, 30]",False,True
CUS0007826,70.0,119.1,11.6,422,94,52,0,0,"(48, 72]",0.09739714525608732,"(30, 60]",True,False
CUS0005614,43.0,28.35,9.73,296,3,0,0,0,"(24, 48]",0.3432098765432099,"(-1, 7]",False,False
CUS0003486,70.0,15.49,13.66,336,82,78,1,0,"(48, 72]",0.881859264041317,,False,False
CUS0003383,60.0,25.69,8.98,169,88,16,6,0,"(48, 72]",0.34955235500194626,"(7, 30]",False,False
CUS0000267,51.0,29.86,4.98,570,115,13,2,0,"(48, 72]",0.16677829872739452,"(7, 30]",False,False
CUS0005101,51.0,39.55,10.21,944,38,18,5,0,"(48, 72]",0.2581542351453856,"(7, 30]",False,True
CUS0002814,18.0,63.46,10.61,371,117,13,3,0,"(12, 24]",0.16719193192562243,"(7, 30]",False,True
CUS0005836,25.0,20.16,13.19,949,292,11,1,0,"(24, 48]",0.654265873015873,"(7, 30]",False,False
CUS0007369,57.0,13.71,9.1,699,153,9,3,0,"(48, 72]",0.6637490882567468,"(7, 30]",False,False
CUS0002864,12.0,65.28,10.77,191,83,5,0,0,"(6, 12]",0.16498161764705882,"(-1, 7]",True,False
CUS0003531,50.0,101.18,4.47,888,69,35,1,1,"(48, 72]",0.04417869144099624,"(30, 60]",True,False
CUS0007485,70.0,27.28,10.75,616,256,14,0,0,"(48, 72]",0.3940615835777126,"(7, 30]",False,False
CUS0004025,7.0,21.53,9.77,236,92,42,0,0,"(6, 12]",0.4537854156990246,"(30, 60]",False,False
CUS0007992,49.0,41.51,9.01,847,183,1,3,0,"(48, 72]",0.21705613105275837,"(-1, 7]",False,True
CUS0005239,7.0,21.99,7.94,459,112,61,2,1,"(6, 12]",0.36107321509777174,,False,False
CUS0000453,42.0,10.13,17.0,986,188,3,0,0,"(24, 48]",1.678183613030602,"(-1, 7]",False,False
CUS0000474,64.0,26.05,14.77,553,275,26,0,0,"(48, 72]",0.5669865642994242,"(7, 30]",False,False
CUS0001741,43.0,97.35,2.79,990,270,23,2,0,"(24, 48]",0.028659476117103237,"(7, 30]",True,False
CUS0004338,62.0,54.47,16.48,974,24,20,1,0,"(48, 72]",0.30255186341105195,"(7, 30]",False,True
CUS0007698,62.0,60.54,8.66,523,263,42,1,0,"(48, 72]",0.14304592005285763,"(30, 60]",True,False
CUS0003715,4.0,28.6,3.48,97,251,44,1,0,"(0, 6]",0.12167832167832167,"(30, 60]",False,False
CUS0003047,13.0,11.75,1.22,506,93,24,5,1,"(12, 24]",0.10382978723404256,"(7, 30]",False,False
CUS0000906,52.0,51.18,16.26,108,164,61,1,0,"(48, 72]",0.3177022274325909,,False,True
CUS0006689,14.0,77.03,11.72,45,239,6,0,0,"(12, 24]",0.15214851356614306,"(-1, 7]",True,False
CUS0007434,42.0,20.95,3.92,286,283,11,0,0,"(24, 48]",0.18711217183770884,"(7, 30]",False,False
CUS0002418,30.0,18.73,18.01,996,240,9,2,1,"(24, 48]",0.9615589962626803,"(7, 30]",False,False
CUS0000444,35.0,30.66,21.65,669,234,17,0,0,"(24, 48]",0.7061317677756034,"(7, 30]",False,True
CUS0006911,68.0,24.8,14.43,190,93,1,1,0,"(48, 72]",0.5818548387096774,"(-1, 7]",False,False
CUS0001751,56.0,26.28,0.0,792,177,15,2,0,"(48, 72]",0.0,"(7, 30]",False,False
CUS0004832,54.0,17.86,9.34,931,123,20,1,0,"(48, 72]",0.522956326987682,"(7, 30]",False,False
CUS0007083,48.0,63.04,17.44,234,88,20,3,0,"(24, 48]",0.2766497461928934,"(7, 30]",False,True
CUS0006887,61.0,13.52,15.78,428,14,18,0,0,"(48, 72]",1.1671597633136095,"(7, 30]",False,False
CUS0000428,47.0,10.31,21.28,95,228,2,2,0,"(24, 48]",2.064015518913676,"(-1, 7]",False,False
CUS0005104,51.0,65.62,0.0,952,4,39,0,0,"(48, 72]",0.0,"(30, 60]",False,True
CUS0006504,60.0,68.04,4.21,790,6,27,0,0,"(48, 72]",0.06187536743092298,"(7, 30]",False,True
CUS0004970,2.0,59.63,3.47,870,240,34,0,0,"(0, 6]",0.058192185141707195,"(30, 60]",False,True
CUS0007824,62.0,11.3,3.58,115,58,8,3,0,"(48, 72]",0.3168141592920354,"(7, 30]",False,False
CUS0000244,36.0,60.86,5.73,921,236,11,1,0,"(24, 48]",0.09415050936575749,"(7, 30]",False,True
CUS0004415,12.0,10.61,14.87,135,100,9,0,0,"(6, 12]",1.4015080113100848,"(7, 30]",False,False
CUS0000914,67.0,15.15,7.51,204,56,24,0,0,"(48, 72]",0.49570957095709567,"(7, 30]",False,False
CUS0007710,26.0,24.05,6.65,376,196,9,0,0,"(24, 48]",0.2765072765072765,"(7, 30]",False,False
CUS0006207,47.0,24.82,6.16,112,237,75,0,0,"(24, 48]",0.24818694601128122,,False,False
CUS0001304,70.0,26.64,20.97,190,201,26,0,0,"(48, 72]",0.7871621621621621,"(7, 30]",False,False
CUS0005561,47.0,44.54,7.35,560,63,25,1,0,"(24, 48]",0.1650202065559048,"(7, 30]",False,True
CUS0000851,6.0,26.14,6.05,89,21,25,1,0,"(0, 6]",0.2314460596786534,"(7, 30]",False,False
CUS0002954,49.0,41.5,4.9,497,217,17,0,0,"(48, 72]",0.11807228915662651,"(7, 30]",False,True
CUS0005449,14.0,16.42,2.11,281,48,17,2,0,"(12, 24]",0.12850182704019486,"(7, 30]",False,False
CUS0006612,49.0,25.17,3.98,996,262,5,1,0,"(48, 72]",0.15812475168851806,"(-1, 7]",False,False
CUS0002281,64.0,64.98,5.97,336,297,78,4,1,"(48, 72]",0.09187442289935364,,False,True
CUS0002263,9.0,19.53,14.51,456,164,5,0,1,"(6, 12]",0.7429595494111623,"(-1, 7]",False,False
CUS0005910,38.0,51.51,3.38,19,178,17,4,0,"(24, 48]",0.0656183265385362,"(7, 30]",False,True
CUS0006630,64.0,29.61,8.08,72,59,0,0,0,"(48, 72]",0.2728807835190814,"(-1, 7]",False,False
CUS0000788,39.0,18.56,6.85,662,95,57,7,1,"(24, 48]",0.36907327586206895,"(30, 60]",False,False
CUS0001529,32.0,46.03,15.39,438,67,31,1,0,"(24, 48]",0.33434716489246147,"(30, 60]",False,True
CUS0003414,33.0,78.46,0.0,250,174,51,0,0,"(24, 48]",0.0,"(30, 60]",True,False
CUS0003380,70.0,23.48,12.92,915,164,48,1,0,"(48, 72]",0.5502555366269165,"(30, 60]",False,False
CUS0001368,51.0,18.71,3.91,799,175,57,1,1,"(48, 72]",0.2089791555318012,"(30, 60]",False,False
CUS0004068,33.0,42.83,4.0,512,34,33,0,0,"(24, 48]",0.09339248190520663,"(30, 60]",False,True
CUS0004262,45.0,23.63,4.56,871,198,15,2,0,"(24, 48]",0.19297503173931443,"(7, 30]",False,False
CUS0000213,42.0,12.58,10.48,932,50,15,4,1,"(24, 48]",0.8330683624801272,"(7, 30]",False,False
CUS0006490,25.0,34.09,14.0,438,168,8,4,0,"(24, 48]",0.4106776180698152,"(7, 30]",False,True
CUS0007821,13.0,97.24,10.98,754,39,24,2,0,"(12, 24]",0.11291649526943645,"(7, 30]",True,False
CUS0000177,53.0,37.44,0.0,688,162,46,0,0,"(48, 72]",0.0,"(30, 60]",False,True
CUS0002560,58.0,55.52662624177525,0.0,79,141,49,1,0,"(48, 72]",0.0,"(30, 60]",False,True
CUS0007935,72.0,17.63,0.0,809,280,4,2,0,"(48, 72]",0.0,"(-1, 7]",False,False
CUS0007147,57.0,28.27,13.75,868,200,25,0,0,"(48, 72]",0.48638132295719844,"(7, 30]",False,False
CUS0001399,65.0,82.34,8.218195789745577,69,293,14,7,0,"(48, 72]",0.09980806157087171,"(7, 30]",True,False
CUS0005504,22.0,65.86,12.87,689,163,27,0,0,"(12, 24]",0.19541451563923473,"(7, 30]",False,True
CUS0005541,52.0,39.2,13.38,962,123,26,2,1,"(48, 72]",0.3413265306122449,"(7, 30]",False,True
CUS0001808,2.0,71.18,7.97,151,30,69,1,1,"(0, 6]",0.1119696543973026,,True,False
CUS0002691,55.0,68.33,17.25,824,117,69,0,0,"(48, 72]",0.2524513390897117,,False,True
CUS0002447,66.0,22.8,0.0,626,202,24,0,0,"(48, 72]",0.0,"(7, 30]",False,False
CUS0005911,70.0,48.31,8.218195789745577,180,246,9,0,0,"(48, 72]",0.1701137609137979,"(7, 30]",False,True
CUS0005625,51.0,11.93,6.92,304,166,1,0,0,"(48, 72]",0.5800502933780386,"(-1, 7]",False,False
CUS0003559,48.0,23.14,9.13,579,102,12,2,0,"(24, 48]",0.3945548833189283,"(7, 30]",False,False
CUS0007330,61.0,101.12,8.218195789745577,531,177,29,0,0,"(48, 72]",0.08127171469289533,"(7, 30]",True,False
CUS0004977,35.0,61.52,0.0,368,102,25,5,0,"(24, 48]",0.0,"(7, 30]",True,False
CUS0001222,69.0,34.17,0.0,142,297,12,0,0,"(48, 72]",0.0,"(7, 30]",False,True
CUS0007377,23.0,16.64,5.29,916,58,73,0,1,"(12, 24]",0.31790865384615385,,False,False
CUS0005065,44.0,25.38,23.32,795,60,28,4,1,"(24, 48]",0.9188337273443656,"(7, 30]",False,False
CUS0003283,14.0,45.42,8.21,913,132,14,0,0,"(12, 24]",0.18075737560546015,"(7, 30]",False,True
CUS0007908,19.0,55.52662624177525,0.0,320,122,47,0,0,"(12, 24]",0.0,"(30, 60]",False,True
CUS0000454,40.0,49.45,9.06,381,219,47,5,0,"(24, 48]",0.1832153690596562,"(30, 60]",False,True
CUS0003759,18.0,29.13,12.44,743,85,15,4,1,"(12, 24]",0.4270511500171644,"(7, 30]",False,False
CUS0001635,53.0,23.57,11.21,532,225,27,0,0,"(48, 72]",0.47560458209588463,"(7, 30]",False,False
CUS0006679,58.0,20.31,7.78,938,111,13,1,0,"(48, 72]",0.3830625307730183,"(7, 30]",False,False
CUS0005182,48.0,10.46,13.62,503,141,43,4,1,"(24, 48]",1.3021032504780112,"(30, 60]",False,False
CUS0005321,59.0,55.52662624177525,10.76,340,275,29,1,0,"(48, 72]",0.1937809070759778,"(7, 30]",False,True
CUS0006059,57.0,71.05,0.0,758,91,29,2,0,"(48, 72]",0.0,"(7, 30]",True,False
CUS0001460,17.0,10.24,6.54,912,142,27,0,0,"(12, 24]",0.638671875,"(7, 30]",False,False
CUS0005984,13.0,55.52662624177525,13.6,436,58,1,0,0,"(12, 24]",0.24492754054212806,"(-1, 7]",False,True
CUS0005872,49.0,22.06,14.04,609,84,15,0,0,"(48, 72]",0.6364460562103355,"(7, 30]",False,False
CUS0000055,56.0,55.52662624177525,3.64,921,195,11,0,1,"(48, 72]",0.06555413585098134,"(7, 30]",False,False
CUS0007571,9.0,97.67,0.0,906,55,6,0,0,"(6, 12]",0.0,"(-1, 7]",True,False
CUS0004041,65.0,14.81,9.31,25,137,16,1,0,"(48, 72]",0.6286293045239703,"(7, 30]",False,False
CUS0007799,56.0,36.87,5.51,988,195,1,6,0,"(48, 72]",0.14944399240574993,"(-1, 7]",False,True
CUS0000389,27.0,29.46,11.63,344,68,57,2,1,"(24, 48]",0.3947725729803123,"(30, 60]",False,False
CUS0001093,71.0,15.91,0.0,904,88,8,0,0,"(48, 72]",0.0,"(7, 30]",False,False
CUS0005660,15.0,69.76,0.75,979,60,13,5,0,"(12, 24]",0.010751146788990825,"(7, 30]",False,True
CUS0000580,24.0,31.94,3.03,703,250,61,0,0,"(12, 24]",0.09486537257357544,,False,True
CUS0001413,69.0,25.02,8.2,737,233,63,1,0,"(48, 72]",0.32773780975219824,,False,False
CUS0006446,51.0,64.15,12.74,617,287,13,1,0,"(48, 72]",0.1985970381917381,"(7, 30]",True,False
CUS0007556,26.0,41.24,14.47,759,221,17,2,0,"(24, 48]",0.3508729388942774,"(7, 30]",False,True
CUS0000249,59.0,57.97,3.7,544,280,60,2,0,"(48, 72]",0.06382611695704675,"(30, 60]",False,True
CUS0001541,41.0,66.08,12.13,274,99,70,0,0,"(24, 48]",0.18356537530266345,,False,True
CUS0003046,36.0,29.94,12.79,595,105,24,0,0,"(24, 48]",0.42718770875083495,"(7, 30]",False,False
CUS0006972,67.0,26.5,7.55,464,77,23,1,0,"(48, 72]",0.2849056603773585,"(7, 30]",False,False
CUS0005050,21.0,101.34,2.84,762,86,59,2,0,"(12, 24]",0.028024472074205643,"(30, 60]",True,False
CUS0007934,31.0,106.26,9.59,808,17,20,0,0,"(24, 48]",0.09025032938076416,"(7, 30]",True,False
CUS0007569,51.0,20.35,0.0,370,295,13,0,0,"(48, 72]",0.0,"(7, 30]",False,False
CUS0004794,12.0,69.47,6.05,357,248,30,0,1,"(6, 12]",0.08708795163379876,"(7, 30]",False,True
CUS0001162,48.0,77.45,10.98,664,139,16,3,0,"(24, 48]",0.14176888315041963,"(7, 30]",True,False
CUS0002996,61.0,10.46,13.36,312,234,26,1,0,"(48, 72]",1.2772466539196938,"(7, 30]",False,False
CUS0004379,54.0,90.04,2.89,532,244,43,3,0,"(48, 72]",0.032096845846290536,"(30, 60]",True,False
CUS0000007,34.0,27.24,8.96,835,259,41,0,0,"(24, 48]",0.32892804698972106,"(30, 60]",False,False
CUS0005451,3.0,23.87,16.74,194,147,10,0,0,"(0, 6]",0.7012987012987012,"(7, 30]",False,False
CUS0001653,23.0,18.06,2.59,549,238,15,1,0,"(12, 24]",0.1434108527131783,"(7, 30]",False,False
CUS0002543,25.0,55.52662624177525,10.45,678,233,8,0,0,"(24, 48]",0.18819799990185576,"(7, 30]",True,False
CUS0005988,60.0,20.08,8.92,756,78,7,0,0,"(48, 72]",0.44422310756972117,"(-1, 7]",False,False
CUS0001361,1.0,24.75,7.32,489,175,25,0,0,"(0, 6]",0.2957575757575758,"(7, 30]",False,False
CUS0007617,32.0,29.07,0.0,772,237,20,3,0,"(24, 48]",0.0,"(7, 30]",False,False
CUS0001455,19.0,45.1,0.0,156,279,35,2,0,"(12, 24]",0.0,"(30, 60]",False,True
CUS0000457,14.0,11.99,0.0,620,278,33,1,0,"(12, 24]",0.0,"(30, 60]",False,False
CUS0003356,1.0,23.92,0.83,52,204,5,0,0,"(0, 6]",0.03469899665551839,"(-1, 7]",False,False
CUS0001085,42.0,15.07,18.5,139,203,5,0,0,"(24, 48]",1.227604512276045,"(-1, 7]",False,False
CUS0002446,61.0,112.08,15.35,189,225,25,4,0,"(48, 72]",0.1369557458957887,"(7, 30]",True,False
CUS0002892,15.0,20.32,6.21,12,66,30,1,0,"(12, 24]",0.30561023622047245,"(7, 30]",False,False
CUS0006158,11.0,29.41,10.93,603,59,22,1,1,"(6, 12]",0.37164229853791225,"(7, 30]",False,False
CUS0004358,5.0,65.78,11.3,311,193,4,0,0,"(0, 6]",0.17178473700212832,"(-1, 7]",False,True
CUS0007191,56.0,16.78,1.95,978,52,10,1,0,"(48, 72]",0.11620977353992848,"(7, 30]",False,False
CUS0005310,30.0,18.21,7.77,731,239,32,1,0,"(24, 48]",0.42668863261943984,"(30, 60]",False,False
CUS0000627,32.0,15.07,9.42,967,107,29,2,0,"(24, 48]",0.6250829462508295,"(7, 30]",False,False
CUS0002804,23.0,50.85,16.56,101,255,38,0,0,"(12, 24]",0.32566371681415923,"(30, 60]",False,True
CUS0005600,20.0,31.54,0.0,243,276,12,1,0,"(12, 24]",0.0,"(7, 30]",False,True
CUS0007256,33.0,57.42,8.72,374,269,9,6,1,"(24, 48]",0.1518634622082898,"(7, 30]",False,True
CUS0004487,20.0,12.85,9.9,11,191,16,6,0,"(12, 24]",0.7704280155642024,"(7, 30]",False,False
CUS0001352,50.0,33.16,10.15,58,224,13,1,0,"(48, 72]",0.3060916767189385,"(7, 30]",False,True
CUS0004152,30.0,20.97,0.0,413,294,27,1,0,"(24, 48]",0.0,"(7, 30]",False,False
CUS0007920,57.0,55.36,0.0,30,172,43,0,0,"(48, 72]",0.0,"(30, 60]",False,True
CUS0005207,41.0,17.19,17.38,832,145,28,1,0,"(24, 48]",1.0110529377545083,"(7, 30]",False,False
CUS0006014,70.0,13.58,11.45,550,112,23,4,1,"(48, 72]",0.8431516936671575,"(7, 30]",False,False
CUS0007302,43.0,25.34,8.73,790,22,48,0,0,"(24, 48]",0.3445146014206788,"(30, 60]",False,False
CUS0005493,6.0,50.25,13.33,629,124,22,2,1,"(0, 6]",0.265273631840796,"(7, 30]",False,True
CUS0006794,54.0,45.68,4.35,44,137,29,0,1,"(48, 72]",0.09522767075306479,"(7, 30]",False,True
CUS0007749,66.0,101.8,8.47,236,65,60,0,0,"(48, 72]",0.08320235756385069,"(30, 60]",True,False
CUS0007188,68.0,64.04,13.16,137,126,20,4,0,"(48, 72]",0.20549656464709554,"(7, 30]",False,True
CUS0002456,25.0,24.66,0.1,493,128,49,3,1,"(24, 48]",0.004055150040551501,"(30, 60]",False,False
CUS0004343,16.0,46.38,22.85,588,14,12,0,0,"(12, 24]",0.49266925398878825,"(7, 30]",False,True
CUS0001471,16.0,13.47,9.35,621,138,26,2,0,"(12, 24]",0.694135115070527,"(7, 30]",False,False
CUS0004919,72.0,66.9,8.218195789745577,83,246,17,3,0,"(48, 72]",0.12284298639380532,"(7, 30]",False,True
CUS0002174,43.0,99.9,7.92,106,101,2,0,0,"(24, 48]",0.07927927927927927,"(-1, 7]",True,False
CUS0005315,37.0,36.22,5.31,885,45,55,0,0,"(24, 48]",0.146604086140254,"(30, 60]",False,True
CUS0004812,25.0,68.64,13.38,241,278,12,2,0,"(24, 48]",0.19493006993006995,"(7, 30]",False,True
CUS0003861,39.0,21.61,3.54,236,207,23,4,1,"(24, 48]",0.16381304951411385,"(7, 30]",False,False
CUS0006053,49.0,55.85,9.0,256,127,41,2,0,"(48, 72]",0.1611459265890779,"(30, 60]",False,True
CUS0004377,6.0,75.55,3.65,713,133,8,1,1,"(0, 6]",0.048312375909993384,"(7, 30]",True,False
CUS0001203,17.0,32.38,13.37,199,59,66,2,1,"(12, 24]",0.4129092032118591,,False,True
CUS0004483,28.0,82.31,10.9,64,37,40,2,0,"(24, 48]",0.13242619365812175,"(30, 60]",True,False
CUS0002517,70.0,117.21,11.65,203,146,28,3,0,"(48, 72]",0.09939424963740295,"(7, 30]",True,False
CUS0002192,52.0,85.12,15.63,878,119,58,0,0,"(48, 72]",0.18362312030075187,"(30, 60]",True,False
CUS0000773,47.0,19.82,14.32,119,155,35,0,0,"(24, 48]",0.722502522704339,"(30, 60]",False,False
CUS0006967,71.0,63.33,9.93,427,137,8,2,0,"(48, 72]",0.1567977261961156,"(7, 30]",False,True
CUS0002097,57.0,30.56,0.0,327,79,20,0,0,"(48, 72]",0.0,"(7, 30]",False,True
CUS0004636,37.0,28.16,2.26,939,27,16,4,1,"(24, 48]",0.08025568181818181,"(7, 30]",False,False
CUS0006668,16.0,67.44,14.03,429,135,48,5,1,"(12, 24]",0.2080367734282325,"(30, 60]",True,False
CUS0000964,28.0,23.41,1.56,931,287,51,8,1,"(24, 48]",0.06663818880820163,"(30, 60]",False,False
CUS0001271,4.0,67.86,7.15,965,193,6,0,0,"(0, 6]",0.1053639846743295,"(-1, 7]",False,True
CUS0004888,54.0,14.52,0.0,705,277,12,4,0,"(48, 72]",0.0,"(7, 30]",False,False
CUS0007524,14.0,35.6,6.37,72,287,53,1,0,"(12, 24]",0.1789325842696629,"(30, 60]",False,True
CUS0006805,6.0,60.91,0.0,404,176,0,4,1,"(0, 6]",0.0,"(-1, 7]",False,True
CUS0002741,13.0,16.02,8.18,955,180,20,1,0,"(12, 24]",0.5106117353308365,"(7, 30]",False,False
CUS0000040,3.0,23.8,2.31,394,268,21,1,0,"(0, 6]",0.09705882352941177,"(7, 30]",False,False
CUS0005177,54.0,21.56,0.8,834,131,0,3,0,"(48, 72]",0.03710575139146568,"(-1, 7]",False,False
CUS0006782,68.0,55.52662624177525,0.0,534,154,14,2,0,"(48, 72]",0.0,"(7, 30]",False,False
CUS0001372,3.0,22.41,12.29,808,12,16,4,1,"(0, 6]",0.5484158857652833,"(7, 30]",False,False
CUS0007046,28.0,54.99,0.0,463,57,14,0,0,"(24, 48]",0.0,"(7, 30]",False,True
CUS0000145,69.0,13.55,10.71,862,83,13,0,0,"(48, 72]",0.7904059040590407,"(7, 30]",False,False
CUS0001325,55.0,28.63,12.16,41,39,15,0,0,"(48, 72]",0.42472930492490396,"(7, 30]",False,False
CUS0002109,23.0,55.52662624177525,8.218195789745577,887,148,17,0,0,"(12, 24]",0.14800459429971002,"(7, 30]",False,True
CUS0005552,45.0,21.09,9.39,245,259,62,8,1,"(24, 48]",0.44523470839260315,,False,False
CUS0006690,61.0,37.18,11.77,201,168,20,1,0,"(48, 72]",0.3165680473372781,"(7, 30]",False,True
CUS0003723,26.0,23.37,0.0,75,111,19,2,0,"(24, 48]",0.0,"(7, 30]",False,False
CUS0005613,64.0,45.08,9.18,924,106,9,1,0,"(48, 72]",0.2036379769299024,"(7, 30]",False,True
CUS0002222,51.0,98.29,0.0,507,272,65,0,1,"(48, 72]",0.0,,True,False
CUS0007215,58.0,51.93,5.17,338,155,54,0,1,"(48, 72]",0.09955709609089158,"(30, 60]",False,True
CUS0007837,65.0,64.78,9.0,89,232,75,1,1,"(48, 72]",0.1389317690645261,,False,True
CUS0002746,18.0,14.18,9.25,455,128,4,0,0,"(12, 24]",0.652327221438646,"(-1, 7]",False,False
CUS0001921,1.0,107.11,10.83,758,199,36,0,0,"(0, 6]",0.10111100737559518,"(30, 60]",True,False
CUS0007059,29.0,80.38,4.85,643,159,16,2,0,"(24, 48]",0.06033839263498383,"(7, 30]",True,False
CUS0001383,25.0,14.42,3.81,168,251,19,1,0,"(24, 48]",0.2642163661581137,"(7, 30]",False,False
CUS0000582,52.0,26.83,6.46,38,257,44,3,0,"(48, 72]",0.24077525158404772,"(30, 60]",False,False
CUS0000991,64.0,96.55,8.218195789745577,187,260,11,0,0,"(48, 72]",0.0851185477964327,"(7, 30]",True,False
CUS0004352,52.0,12.92,7.98,20,85,22,1,1,"(48, 72]",0.6176470588235294,"(7, 30]",False,False
CUS0007563,13.0,14.05,3.79,92,296,32,0,1,"(12, 24]",0.2697508896797153,"(30, 60]",False,False
CUS0006666,38.0,18.08,7.75,958,227,23,0,0,"(24, 48]",0.42865044247787615,"(7, 30]",False,False
CUS0002855,3.0,64.86,12.16,579,199,9,0,0,"(0, 6]",0.18748072772124577,"(7, 30]",True,False
CUS0001401,56.0,61.08,7.26,578,127,1,0,0,"(48, 72]",0.11886051080550099,"(-1, 7]",False,True
CUS0005914,24.0,13.83,16.97,436,81,50,2,0,"(12, 24]",1.22704266088214,"(30, 60]",False,False
CUS0002535,30.0,18.74,12.85,129,178,9,3,0,"(24, 48]",0.6856990394877268,"(7, 30]",False,False
CUS0006643,49.0,45.27,11.92,95,116,38,4,0,"(48, 72]",0.263309034680804,"(30, 60]",False,True
CUS0005003,31.0,27.9,2.5,632,68,4,0,0,"(24, 48]",0.08960573476702509,"(-1, 7]",False,False
CUS0005298,72.0,10.38,5.87,73,288,13,0,0,"(48, 72]",0.5655105973025047,"(7, 30]",False,False
CUS0003323,69.0,28.75,9.53,316,202,12,6,0,"(48, 72]",0.3314782608695652,"(7, 30]",False,False
CUS0003545,62.0,22.09,6.91,502,79,17,5,0,"(48, 72]",0.3128112267994568,"(7, 30]",False,False
CUS0000726,9.0,27.37,6.27,491,247,6,4,1,"(6, 12]",0.2290829375228352,"(-1, 7]",False,False
CUS0007618,68.0,116.47,0.0,673,31,1,0,0,"(48, 72]",0.0,"(-1, 7]",True,False
CUS0001003,24.0,14.67,8.218195789745577,224,128,33,1,1,"(12, 24]",0.5602042119799303,"(30, 60]",False,False
CUS0000143,41.0,17.26,1.42,698,125,36,1,1,"(24, 48]",0.08227114716106604,"(30, 60]",False,False
CUS0006866,7.0,21.72,6.27,411,244,35,0,0,"(6, 12]",0.2886740331491713,"(30, 60]",False,False
CUS0004663,43.0,69.08,2.67,154,249,6,0,0,"(24, 48]",0.038650839606253616,"(-1, 7]",False,True
CUS0007417,17.0,63.63,3.5,454,291,28,6,0,"(12, 24]",0.055005500550055,"(7, 30]",False,True
CUS0006737,64.0,23.43,3.5,801,100,8,5,0,"(48, 72]",0.14938113529662825,"(7, 30]",False,False
CUS0002917,36.0,43.63885951963101,10.69,605,79,3,0,0,"(24, 48]",0.24496515531509447,"(-1, 7]",False,False
CUS0001172,59.0,30.29,4.69,127,275,36,4,0,"(48, 72]",0.1548365797292836,"(30, 60]",False,True
CUS0007412,60.0,27.32,8.218195789745577,436,213,88,6,1,"(48, 72]",0.30081243739917923,,False,False
CUS0000203,33.0,83.68,4.62,916,254,27,0,0,"(24, 48]",0.05521032504780114,"(7, 30]",True,False
CUS0002401,57.0,23.04,11.22,178,77,7,1,0,"(48, 72]",0.4869791666666667,"(-1, 7]",False,False
CUS0007488,38.0,13.22,8.218195789745577,672,40,79,1,0,"(24, 48]",0.6216486981653235,,False,False
CUS0003425,18.0,63.78,6.52,685,241,53,1,0,"(12, 24]",0.10222640326121041,"(30, 60]",False,True
CUS0002625,68.0,11.42,8.218195789745577,522,158,22,1,0,"(48, 72]",0.7196318554943588,"(7, 30]",False,False
CUS0006775,62.0,24.64,1.04,308,148,16,5,1,"(48, 72]",0.04220779220779221,"(7, 30]",False,False
CUS0005253,46.0,48.52,19.51,626,10,35,0,0,"(24, 48]",0.4021022258862325,"(30, 60]",False,True
CUS0007784,36.0,13.87,14.63,794,173,18,0,0,"(24, 48]",1.0547945205479454,"(7, 30]",False,False
CUS0007350,44.0,77.94,17.44,21,176,23,0,1,"(24, 48]",0.22376186810366952,"(7, 30]",True,False
CUS0007748,41.0,14.22,1.72,621,186,21,1,0,"(24, 48]",0.12095639943741208,"(7, 30]",False,False
CUS0003467,32.0,28.02,18.14,909,179,9,2,0,"(24, 48]",0.6473947180585297,"(7, 30]",False,False
CUS0006718,11.0,55.52662624177525,11.97,271,123,25,1,1,"(6, 12]",0.2155722544330348,"(7, 30]",False,True
CUS0000283,52.0,57.4,10.2,763,148,36,3,0,"(48, 72]",0.17770034843205573,"(30, 60]",False,True
CUS0007794,32.0,14.29,12.09,509,59,18,3,1,"(24, 48]",0.8460461861441568,"(7, 30]",False,False
CUS0004437,62.0,24.26,12.72,340,224,19,0,0,"(48, 72]",0.5243198680956307,"(7, 30]",False,False
CUS0007933,14.0,29.5,16.69,585,265,19,2,0,"(12, 24]",0.5657627118644069,"(7, 30]",False,False
CUS0004676,43.0,57.61,11.08,702,248,8,0,0,"(24, 48]",0.19232772088179137,"(7, 30]",False,True
CUS0006192,61.0,25.81,8.218195789745577,168,249,3,0,0,"(48, 72]",0.31841130529816264,"(-1, 7]",False,False
CUS0000844,55.0,21.16,20.69,218,256,24,1,0,"(48, 72]",0.977788279773157,"(7, 30]",False,False
CUS0002092,15.0,24.41,24.12,636,160,16,7,1,"(12, 24]",0.9881196231052848,"(7, 30]",False,False
CUS0001877,45.0,64.04,16.78,994,130,6,1,0,"(24, 48]",0.2620237351655215,"(-1, 7]",False,True
CUS0000610,64.0,10.91,4.34,347,271,72,4,1,"(48, 72]",0.39780018331805683,,False,False
CUS0004975,33.0,26.86,6.0,480,6,35,0,0,"(24, 48]",0.22338049143708116,"(30, 60]",False,False
CUS0001376,72.0,13.0,15.62,88,159,46,1,0,"(48, 72]",1.2015384615384614,"(30, 60]",False,False
CUS0006540,59.0,51.79,0.0,759,70,1,1,0,"(48, 72]",0.0,"(-1, 7]",False,True
CUS0006510,13.0,90.38,6.3,604,212,30,0,0,"(12, 24]",0.0697056870989157,"(7, 30]",True,False
CUS0000998,54.0,46.91,0.0,736,215,23,4,0,"(48, 72]",0.0,"(7, 30]",False,True
CUS0005323,44.0,11.47,4.27,34,102,21,1,1,"(24, 48]",0.3722755013077593,"(7, 30]",False,False
CUS0006640,39.0,29.95,4.48,2,28,47,0,0,"(24, 48]",0.14958263772954927,"(30, 60]",False,False
CUS0003968,45.0,16.65,8.32,904,99,28,1,0,"(24, 48]",0.49969969969969974,"(7, 30]",False,False
CUS0003378,8.0,19.48,1.42,438,51,33,8,1,"(6, 12]",0.0728952772073922,"(30, 60]",False,False
CUS0004402,55.0,20.34,7.58,504,16,78,2,0,"(48, 72]",0.3726647000983284,,False,False
CUS0003574,34.0,25.49,16.56,14,196,1,1,1,"(24, 48]",0.64966653589643,"(-1, 7]",False,False
CUS0006123,69.0,16.5,15.54,898,71,29,1,0,"(48, 72]",0.9418181818181818,"(7, 30]",False,False
CUS0002927,66.0,25.4,13.77,946,151,29,0,0,"(48, 72]",0.5421259842519686,"(7, 30]",False,False
CUS0000204,24.0,42.9,19.02,9,192,3,5,1,"(12, 24]",0.4433566433566434,"(-1, 7]",False,True
CUS0003909,38.0,64.06,0.0,340,236,2,1,0,"(24, 48]",0.0,"(-1, 7]",True,False
CUS0006050,27.0,28.96,12.74,471,28,28,1,0,"(24, 48]",0.4399171270718232,"(7, 30]",False,False
CUS0004971,28.0,17.27,17.49,273,4,20,2,1,"(24, 48]",1.0127388535031847,"(7, 30]",False,False
CUS0001441,9.0,35.6,1.4,376,152,26,3,0,"(6, 12]",0.03932584269662921,"(7, 30]",False,True
CUS0004325,8.0,14.27,6.94,794,63,13,0,0,"(6, 12]",0.4863349684653119,"(7, 30]",False,False
CUS0005955,61.0,55.52662624177525,1.8,966,116,23,0,0,"(48, 72]",0.03241688036586989,"(7, 30]",False,True
CUS0005791,40.0,33.26,16.34,99,101,12,6,0,"(24, 48]",0.49128081779915816,"(7, 30]",False,True
CUS0000171,51.0,17.99,6.03,748,178,13,0,0,"(48, 72]",0.3351862145636465,"(7, 30]",False,False
CUS0006040,22.0,17.03,7.94,702,152,17,8,1,"(12, 24]",0.46623605402231355,"(7, 30]",False,False
CUS0002264,47.0,69.46,11.16,834,181,31,0,0,"(24, 48]",0.1606680103656781,"(30, 60]",False,True
CUS0000984,57.0,25.2,0.0,276,2,11,0,0,"(48, 72]",0.0,"(7, 30]",False,False
CUS0001467,70.0,65.12,8.67,436,82,12,0,0,"(48, 72]",0.13313882063882063,"(7, 30]",False,True
CUS0005847,18.0,105.83,9.06,490,122,30,1,0,"(12, 24]",0.08560899555891524,"(7, 30]",True,False
CUS0001398,2.0,10.8,11.37,953,107,19,3,1,"(0, 6]",1.0527777777777776,"(7, 30]",False,False
CUS0006219,70.0,54.87,0.0,206,186,28,3,0,"(48, 72]",0.0,"(7, 30]",False,True
CUS0004115,7.0,75.36,21.97,428,115,31,2,0,"(6, 12]",0.29153397027600847,"(30, 60]",True,False
CUS0006030,30.0,107.08,5.31,602,113,22,0,0,"(24, 48]",0.04958909226746357,"(7, 30]",True,False
CUS0005485,47.0,44.41,16.03,330,72,51,0,0,"(24, 48]",0.36095473992344074,"(30, 60]",False,True
CUS0007548,33.0,113.79,7.3,431,31,27,2,0,"(24, 48]",0.06415326478600931,"(7, 30]",True,False
CUS0005081,29.0,14.17,14.75,365,257,4,3,0,"(24, 48]",1.0409315455187016,"(-1, 7]",False,False
CUS0000669,9.0,65.25,0.0,539,2,60,0,1,"(6, 12]",0.0,"(30, 60]",False,True
CUS0005846,72.0,15.9,6.33,787,130,16,1,0,"(48, 72]",0.39811320754716983,"(7, 30]",False,False
CUS0001139,24.0,117.4,14.99,552,123,10,0,0,"(12, 24]",0.1276831345826235,"(7, 30]",True,False
CUS0003683,24.0,12.96,7.6,942,162,33,2,0,"(12, 24]",0.5864197530864197,"(30, 60]",False,False
CUS0003312,7.0,72.05,9.3,301,176,29,0,0,"(6, 12]",0.12907702984038863,"(7, 30]",True,False
CUS0007928,49.0,55.52662624177525,7.57,689,69,27,1,0,"(48, 72]",0.13633099131646395,"(7, 30]",False,True
CUS0007577,48.0,14.98,12.99,149,155,11,3,0,"(24, 48]",0.8671562082777036,"(7, 30]",False,False
CUS0002465,53.0,67.72,8.218195789745577,455,231,22,2,0,"(48, 72]",0.12135551963593587,"(7, 30]",False,True
CUS0006253,34.0,65.95,0.26,522,51,22,4,0,"(24, 48]",0.003942380591357089,"(7, 30]",False,True
CUS0003970,38.0,32.69,14.64,530,181,1,4,0,"(24, 48]",0.4478433771795657,"(-1, 7]",False,True
CUS0006925,47.0,43.57,8.65,903,1,10,0,0,"(24, 48]",0.19853109938030755,"(7, 30]",False,True
CUS0005093,11.0,55.52662624177525,0.0,977,174,24,1,1,"(6, 12]",0.0,"(7, 30]",False,True
CUS0004084,34.0,28.08,25.85,30,21,43,2,0,"(24, 48]",0.9205840455840457,"(30, 60]",False,False
CUS0004746,21.0,20.52,8.95,663,59,73,1,0,"(12, 24]",0.43615984405458086,,False,False
CUS0007962,22.0,16.06,14.74,520,162,18,1,0,"(12, 24]",0.9178082191780823,"(7, 30]",False,False
CUS0002696,24.0,66.84,20.07,588,134,37,5,1,"(12, 24]",0.3002692998204668,"(30, 60]",False,True
CUS0000198,13.0,19.72,12.03,486,250,4,2,0,"(12, 24]",0.6100405679513184,"(-1, 7]",False,False
CUS0006912,39.0,57.87,5.84,686,26,21,1,1,"(24, 48]",0.10091584586141351,"(7, 30]",False,True
CUS0006886,50.0,13.9,9.71,317,166,2,0,0,"(48, 72]",0.6985611510791367,"(-1, 7]",False,False
CUS0007048,33.0,55.52662624177525,8.218195789745577,135,32,32,1,0,"(24, 48]",0.14800459429971002,"(30, 60]",False,False
CUS0000951,66.0,85.77,16.44,132,4,48,0,0,"(48, 72]",0.19167541098286117,"(30, 60]",True,False
CUS0001211,9.0,55.52662624177525,12.54,682,35,46,0,0,"(6, 12]",0.2258375998822269,"(30, 60]",False,False
CUS0007591,32.0,17.17,5.0,567,202,49,2,1,"(24, 48]",0.29120559114735,"(30, 60]",False,False
CUS0007644,14.0,33.15,1.05,595,225,4,4,0,"(12, 24]",0.031674208144796386,"(-1, 7]",False,True
CUS0005152,14.0,18.54,15.34,880,295,59,0,0,"(12, 24]",0.8274002157497303,"(30, 60]",False,False
CUS0003448,19.0,17.99,14.24,800,221,32,0,0,"(12, 24]",0.7915508615897722,"(30, 60]",False,False
CUS0003893,38.0,63.48,3.47,51,140,59,0,0,"(24, 48]",0.05466288594833019,"(30, 60]",True,False
CUS0006521,35.0,55.52662624177525,8.98,748,27,48,0,0,"(24, 48]",0.1617242142697287,"(30, 60]",False,True
CUS0007386,28.0,20.9,3.23,842,93,44,0,0,"(24, 48]",0.15454545454545454,"(30, 60]",False,False
CUS0007101,6.0,86.61,6.61,502,268,80,1,0,"(0, 6]",0.07631913173998384,,True,False
CUS0006749,8.0,11.83,16.73,792,280,9,1,0,"(6, 12]",1.4142011834319528,"(7, 30]",False,False
CUS0002215,58.0,55.52662624177525,6.07,580,134,4,1,0,"(48, 72]",0.1093169243449057,"(-1, 7]",False,True
CUS0007014,46.0,19.82,8.218195789745577,591,287,36,0,0,"(24, 48]",0.41464156355931264,"(30, 60]",False,False
CUS0001464,33.0,30.93,8.05,922,172,11,3,1,"(24, 48]",0.26026511477529907,"(7, 30]",False,True
CUS0000789,58.0,15.76,4.66,562,141,56,0,0,"(48, 72]",0.2956852791878173,"(30, 60]",False,False
CUS0002609,24.0,13.6,0.17,974,198,4,0,0,"(12, 24]",0.0125,"(-1, 7]",False,False
CUS0000091,1.0,55.52662624177525,2.46,94,133,5,3,1,"(0, 6]",0.04430306983335552,"(-1, 7]",False,False
CUS0000802,31.0,106.58,0.0,446,136,4,3,0,"(24, 48]",0.0,"(-1, 7]",True,False
CUS0002440,11.0,26.96,8.5,251,251,19,1,1,"(6, 12]",0.31528189910979226,"(7, 30]",False,False
CUS0006055,65.0,22.46,9.41,684,273,81,0,0,"(48, 72]",0.41896705253784505,,False,False
CUS0002690,20.0,38.45,8.11,26,198,49,0,0,"(12, 24]",0.2109232769830949,"(30, 60]",False,True
CUS0005100,39.0,15.47,0.0,946,34,28,5,0,"(24, 48]",0.0,"(7, 30]",False,False
CUS0003803,3.0,43.32,14.02,313,164,16,1,0,"(0, 6]",0.32363804247460753,"(7, 30]",False,True
CUS0004974,68.0,22.38,5.35,302,211,3,0,0,"(48, 72]",0.2390527256478999,"(-1, 7]",False,False
CUS0005644,47.0,66.02,16.43,118,295,48,7,0,"(24, 48]",0.2488639806119358,"(30, 60]",False,True
CUS0004780,68.0,38.49,2.03,687,76,21,3,1,"(48, 72]",0.05274097168095609,"(7, 30]",False,True
CUS0005813,13.0,22.79,9.69,774,70,26,3,0,"(12, 24]",0.4251864853005704,"(7, 30]",False,False
CUS0003620,50.0,18.98,8.218195789745577,708,35,31,4,1,"(48, 72]",0.4329924019887027,"(30, 60]",False,False
CUS0001912,8.0,14.93,0.0,276,234,3,0,0,"(6, 12]",0.0,"(-1, 7]",False,False
CUS0002286,54.0,28.42,0.0,957,77,34,0,0,"(48, 72]",0.0,"(30, 60]",False,False
CUS0004876,18.0,42.71,14.7,421,209,3,1,1,"(12, 24]",0.34418169047061575,"(-1, 7]",False,True
CUS0005170,68.0,33.26,12.28,874,149,12,1,0,"(48, 72]",0.3692122669873722,"(7, 30]",False,True
CUS0002603,71.0,24.13,6.59,487,11,57,0,0,"(48, 72]",0.2731040198922503,"(30, 60]",False,False
CUS0004091,38.0,80.31,9.41,686,63,16,2,0,"(24, 48]",0.1171709625202341,"(7, 30]",True,False
CUS0003960,59.0,40.64,15.29,742,209,21,0,0,"(48, 72]",0.3762303149606299,"(7, 30]",False,True
CUS0001115,65.0,24.9,11.35,390,218,4,2,0,"(48, 72]",0.45582329317269077,"(-1, 7]",False,False
CUS0005470,59.0,52.35,8.218195789745577,747,129,8,0,0,"(48, 72]",0.15698559292732717,"(7, 30]",False,True
CUS0007862,58.0,22.82,3.7,250,166,19,0,0,"(48, 72]",0.16213847502191062,"(7, 30]",False,False
CUS0005658,4.0,18.61,10.58,262,255,56,2,1,"(0, 6]",0.5685115529285331,"(30, 60]",False,False
CUS0002213,2.0,23.84,13.16,639,21,72,0,1,"(0, 6]",0.552013422818792,,False,False
CUS0007398,56.0,32.79,15.39,800,293,65,0,1,"(48, 72]",0.4693504117108875,,False,True
CUS0001905,16.0,68.95,0.0,762,79,28,2,0,"(12, 24]",0.0,"(7, 30]",False,True
CUS0005590,23.0,15.09,5.38,445,94,1,0,0,"(12, 24]",0.3565275016567263,"(-1, 7]",False,False
CUS0004725,13.0,67.68,4.57,153,187,29,0,0,"(12, 24]",0.06752364066193853,"(7, 30]",False,True
CUS0000202,1.0,14.12,8.218195789745577,919,29,17,6,0,"(0, 6]",0.5820251975740494,"(7, 30]",False,False
CUS0005533,59.0,10.69,0.0,20,85,46,0,0,"(48, 72]",0.0,"(30, 60]",False,False
CUS0004602,60.0,28.79,8.89,536,296,14,6,0,"(48, 72]",0.3087877735324766,"(7, 30]",False,False
CUS0005522,45.0,22.34,6.92,814,55,46,0,1,"(24, 48]",0.3097582811101164,"(30, 60]",False,False
CUS0001626,38.0,11.95,2.65,256,44,15,0,0,"(24, 48]",0.2217573221757322,"(7, 30]",False,False
CUS0004182,16.0,27.09,0.0,758,10,27,0,0,"(12, 24]",0.0,"(7, 30]",False,False
CUS0006325,24.0,19.43,5.93,776,51,22,0,0,"(12, 24]",0.30519814719505917,"(7, 30]",False,False
CUS0000265,7.0,43.47,14.1,460,280,11,2,1,"(6, 12]",0.3243616287094548,"(7, 30]",False,True
CUS0001029,31.0,11.18,9.99,460,227,28,1,0,"(24, 48]",0.8935599284436494,"(7, 30]",False,False
CUS0002166,30.0,51.88,8.218195789745577,873,259,9,2,0,"(24, 48]",0.1584077831485269,"(7, 30]",False,True
CUS0006254,28.0,94.91,6.34,153,202,16,0,0,"(24, 48]",0.06680012643557054,"(7, 30]",True,False
CUS0002176,62.0,24.03,13.28,179,55,43,0,0,"(48, 72]",0.55264253017062,"(30, 60]",False,False
CUS0001742,63.0,88.29,10.4,841,268,8,2,0,"(48, 72]",0.11779363461320648,"(7, 30]",True,False
CUS0005540,40.0,29.93,6.52,322,101,21,1,1,"(24, 48]",0.21784163047109922,"(7, 30]",False,False
CUS0001592,10.0,111.17,11.4,866,271,0,0,0,"(6, 12]",0.10254565080507332,"(-1, 7]",True,False
CUS0007184,23.0,104.37,10.18,670,114,35,1,0,"(12, 24]",0.09753760659193254,"(30, 60]",True,False
CUS0002933,51.0,23.57,11.8,506,219,16,0,0,"(48, 72]",0.5006364022061943,"(7, 30]",False,False
CUS0005896,68.0,22.41,6.96,299,106,22,4,0,"(48, 72]",0.31057563587684067,"(7, 30]",False,False
CUS0003627,39.0,26.15,9.54,526,163,62,0,0,"(24, 48]",0.3648183556405354,,False,False
CUS0002146,40.0,58.94,1.55,698,85,14,8,1,"(24, 48]",0.02629793009840516,"(7, 30]",False,True
CUS0001143,49.0,55.83,0.28,785,267,37,0,0,"(48, 72]",0.0050152247895396745,"(30, 60]",False,True
CUS0004728,48.0,18.95,2.31,735,155,9,2,1,"(24, 48]",0.12189973614775726,"(7, 30]",False,False
CUS0005607,23.0,20.27,0.99,252,93,23,3,0,"(12, 24]",0.048840651208682785,"(7, 30]",False,False
CUS0003444,36.0,19.69,9.44,540,202,24,0,0,"(24, 48]",0.4794311833417978,"(7, 30]",False,False
CUS0001083,11.0,49.18,8.218195789745577,804,92,10,0,0,"(6, 12]",0.16710442842101622,"(7, 30]",False,True
CUS0003905,64.0,90.02,4.49,881,244,22,1,0,"(48, 72]",0.049877804932237285,"(7, 30]",True,False
CUS0004941,11.0,12.97,8.218195789745577,816,165,52,0,0,"(6, 12]",0.6336311325941076,"(30, 60]",False,False
CUS0001812,39.0,55.52662624177525,0.0,415,137,8,0,0,"(24, 48]",0.0,"(7, 30]",False,False
CUS0001569,23.0,64.17,0.0,889,78,4,4,1,"(12, 24]",0.0,"(-1, 7]",True,False
CUS0000374,67.0,26.43,0.0,66,207,34,0,0,"(48, 72]",0.0,"(30, 60]",False,False
CUS0007429,46.0,27.28,6.16,252,23,8,0,0,"(24, 48]",0.22580645161290322,"(7, 30]",False,False
CUS0006921,62.0,63.14,14.55,749,123,7,0,0,"(48, 72]",0.2304402914159012,"(-1, 7]",False,True
CUS0007805,26.0,55.52662624177525,8.18,687,292,27,0,0,"(24, 48]",0.14731671188489762,"(7, 30]",True,False
CUS0007695,30.0,18.57,5.21,939,83,31,4,0,"(24, 48]",0.2805600430802369,"(30, 60]",False,False
CUS0000551,62.0,55.52662624177525,0.0,827,177,50,1,0,"(48, 72]",0.0,"(30, 60]",True,False
CUS0001793,3.0,66.1,0.0,372,232,18,2,0,"(0, 6]",0.0,"(7, 30]",False,True
CUS0005450,47.0,26.25,0.0,286,298,1,0,0,"(24, 48]",0.0,"(-1, 7]",False,False
CUS0001575,15.0,89.34,5.27,384,45,55,0,1,"(12, 24]",0.05898813521379001,"(30, 60]",True,False
CUS0006626,14.0,61.64,6.38,602,54,6,3,1,"(12, 24]",0.10350421804023362,"(-1, 7]",True,False
CUS0004302,34.0,117.76,2.34,493,299,17,1,1,"(24, 48]",0.019870923913043476,"(7, 30]",True,False
CUS0003965,58.0,86.65,3.3,221,170,3,1,0,"(48, 72]",0.03808424697057126,"(-1, 7]",True,False
CUS0002819,13.0,29.83,0.93,444,166,19,1,0,"(12, 24]",0.03117666778410996,"(7, 30]",False,False
CUS0006568,69.0,10.74,9.17,648,135,7,0,1,"(48, 72]",0.8538175046554934,"(-1, 7]",False,False
CUS0007115,69.0,22.43,17.32,539,266,33,5,1,"(48, 72]",0.7721801159161837,"(30, 60]",False,False
CUS0000209,48.0,26.14,10.17,916,214,16,4,1,"(24, 48]",0.38905891354246364,"(7, 30]",False,False
CUS0005978,9.0,14.44,9.47,588,88,3,0,0,"(6, 12]",0.6558171745152356,"(-1, 7]",False,False
CUS0003674,57.0,55.52662624177525,12.64,180,33,3,2,1,"(48, 72]",0.22763853768033082,"(-1, 7]",False,False
CUS0006563,65.0,116.48,12.29,680,75,47,0,0,"(48, 72]",0.10551167582417581,"(30, 60]",True,False
CUS0006171,67.0,64.67,9.38,593,195,41,0,0,"(48, 72]",0.14504406989330448,"(30, 60]",True,False
CUS0005737,17.0,17.67,15.73,936,49,21,0,0,"(12, 24]",0.8902093944538766,"(7, 30]",False,False
CUS0003712,54.0,17.5,13.52,784,187,21,0,0,"(48, 72]",0.7725714285714286,"(7, 30]",False,False
CUS0003405,48.0,45.94,8.218195789745577,485,36,34,0,0,"(24, 48]",0.17888976468753978,"(30, 60]",False,True
CUS0000303,23.0,67.82,1.98,195,167,40,2,0,"(12, 24]",0.02919492774992628,"(30, 60]",False,True
CUS0001087,9.0,15.18,10.16,883,186,36,3,0,"(6, 12]",0.6693017127799736,"(30, 60]",False,False
CUS0007691,2.0,28.69,11.0,238,38,2,3,1,"(0, 6]",0.3834088532589752,"(-1, 7]",False,False
CUS0004869,70.0,14.6,0.0,573,81,14,4,0,"(48, 72]",0.0,"(7, 30]",False,False
CUS0000943,3.0,115.04,10.24,280,242,49,1,1,"(0, 6]",0.0890125173852573,"(30, 60]",True,False
CUS0007554,5.0,57.5,7.76,990,263,31,0,1,"(0, 6]",0.13495652173913042,"(30, 60]",False,True
CUS0006125,6.0,55.52662624177525,8.61,204,284,41,0,1,"(0, 6]",0.1550607444167443,"(30, 60]",False,True
CUS0002445,34.0,12.56,5.35,638,201,27,0,0,"(24, 48]",0.4259554140127388,"(7, 30]",False,False
CUS0003310,21.0,24.24,13.21,923,245,48,0,0,"(12, 24]",0.5449669966996701,"(30, 60]",False,False
CUS0001666,37.0,22.82,11.16,413,123,31,0,0,"(24, 48]",0.4890446976336547,"(30, 60]",False,False
CUS0006149,25.0,31.9,13.65,603,139,18,1,0,"(24, 48]",0.4278996865203762,"(7, 30]",False,True
CUS0006315,53.0,99.91,13.45,980,116,29,2,0,"(48, 72]",0.13462115904313882,"(7, 30]",True,False
CUS0005525,49.0,16.21,14.29,991,177,14,0,0,"(48, 72]",0.8815545959284391,"(7, 30]",False,False
CUS0005937,12.0,50.76,4.02,778,192,39,1,1,"(6, 12]",0.07919621749408982,"(30, 60]",False,True
CUS0003391,8.0,13.95,5.61,390,241,16,1,1,"(6, 12]",0.40215053763440867,"(7, 30]",False,False
CUS0003859,33.0,65.02,0.63,73,60,34,1,1,"(24, 48]",0.009689326361119657,"(30, 60]",False,True
CUS0006170,18.0,57.55,14.5,341,257,3,0,0,"(12, 24]",0.2519548218940052,"(-1, 7]",False,True
CUS0007553,35.0,51.85,6.45,548,220,28,8,0,"(24, 48]",0.12439729990356799,"(7, 30]",False,True
CUS0005278,54.0,25.68,4.19,679,175,11,2,0,"(48, 72]",0.1631619937694704,"(7, 30]",False,False
CUS0000471,23.0,67.83,11.92,334,164,23,0,0,"(12, 24]",0.17573345127524695,"(7, 30]",True,False
CUS0002384,45.0,21.76,1.52,289,88,64,1,1,"(24, 48]",0.06985294117647059,,False,False
CUS0006543,35.0,98.35,4.0,955,19,11,4,0,"(24, 48]",0.040671072699542454,"(7, 30]",True,False
CUS0004310,66.0,26.58,6.8,201,144,10,2,0,"(48, 72]",0.2558314522197141,"(7, 30]",False,False
CUS0001663,37.0,23.04,9.2,114,47,55,0,0,"(24, 48]",0.3993055555555555,"(30, 60]",False,False
CUS0000398,60.0,16.4,1.39,840,81,19,0,0,"(48, 72]",0.08475609756097562,"(7, 30]",False,False
CUS0003629,22.0,25.49,5.36,715,35,46,0,0,"(12, 24]",0.21027854060415851,"(30, 60]",False,False
CUS0000042,25.0,44.92,4.43,580,111,20,0,0,"(24, 48]",0.09861976847729295,"(7, 30]",False,True
CUS0000763,9.0,36.85,3.2,104,51,11,2,0,"(6, 12]",0.08683853459972864,"(7, 30]",False,True
CUS0001931,57.0,21.53,4.47,506,215,36,0,0,"(48, 72]",0.20761727821644216,"(30, 60]",False,False
CUS0006311,5.0,26.42,9.09,462,291,15,2,0,"(0, 6]",0.3440575321725965,"(7, 30]",False,False
CUS0005692,49.0,52.81,20.66,716,170,46,0,0,"(48, 72]",0.39121378526794165,"(30, 60]",False,True
CUS0000585,39.0,21.94,4.24,227,131,18,1,0,"(24, 48]",0.19325432999088424,"(7, 30]",False,False
CUS0007882,38.0,11.73,10.39,934,82,17,5,0,"(24, 48]",0.8857630008525149,"(7, 30]",False,False
CUS0000649,54.0,58.93,6.31,715,201,5,0,0,"(48, 72]",0.10707619209231291,"(-1, 7]",False,True
CUS0006412,11.0,20.22,9.25,195,59,23,1,1,"(6, 12]",0.45746785361028686,"(7, 30]",False,False
CUS0002030,28.0,36.68,8.8,118,156,2,0,0,"(24, 48]",0.23991275899672848,"(-1, 7]",False,True
CUS0007282,10.0,106.04,0.0,386,187,6,1,0,"(6, 12]",0.0,"(-1, 7]",True,False
CUS0004784,57.0,44.07,0.0,716,237,81,1,0,"(48, 72]",0.0,,False,True
CUS0005433,63.0,27.45,13.56,292,294,41,2,0,"(48, 72]",0.4939890710382514,"(30, 60]",False,False
CUS0004538,19.0,41.42,0.42,7,284,13,0,1,"(12, 24]",0.010140028971511346,"(7, 30]",False,True
CUS0002156,68.0,85.4,14.53,818,285,18,0,0,"(48, 72]",0.1701405152224824,"(7, 30]",True,False
CUS0002251,41.0,61.14,14.35,670,118,13,0,0,"(24, 48]",0.23470722930978083,"(7, 30]",False,True
CUS0002750,35.0,57.62,13.39,860,45,4,3,0,"(24, 48]",0.23238458868448458,"(-1, 7]",False,True
CUS0002997,66.0,110.17,0.0,974,54,8,2,0,"(48, 72]",0.0,"(7, 30]",True,False
CUS0002359,65.0,13.02,8.76,377,121,38,0,0,"(48, 72]",0.6728110599078341,"(30, 60]",False,False
CUS0007743,12.0,12.42,0.0,918,54,53,2,1,"(6, 12]",0.0,"(30, 60]",False,False
CUS0001661,64.0,90.34,11.26,452,26,25,1,0,"(48, 72]",0.12464024795218065,"(7, 30]",True,False
CUS0004350,67.0,21.34,1.93,535,114,59,0,1,"(48, 72]",0.09044048734770384,"(30, 60]",False,False
CUS0004074,65.0,14.17,12.89,381,52,8,0,0,"(48, 72]",0.9096683133380381,"(7, 30]",False,False
CUS0003691,45.0,18.12,4.14,91,130,8,5,1,"(24, 48]",0.22847682119205295,"(7, 30]",False,False
CUS0003513,43.0,11.91,10.36,964,184,22,3,0,"(24, 48]",0.869857262804366,"(7, 30]",False,False
CUS0004559,37.0,27.1,11.26,451,201,73,0,1,"(24, 48]",0.4154981549815498,,False,False
CUS0005744,62.0,22.91,14.97,406,2,17,1,0,"(48, 72]",0.6534264513312964,"(7, 30]",False,False
CUS0002871,48.0,118.45,14.69,825,30,56,1,0,"(24, 48]",0.12401857323765302,"(30, 60]",True,False
CUS0005857,20.0,69.69,6.36,228,183,49,2,0,"(12, 24]",0.09126130004304779,"(30, 60]",True,False
CUS0003358,64.0,63.09,6.54,775,156,29,5,0,"(48, 72]",0.10366143604374703,"(7, 30]",False,True
CUS0003830,67.0,61.91,10.5,527,64,35,1,0,"(48, 72]",0.16960103375868196,"(30, 60]",False,True
CUS0007058,54.0,30.75,0.0,843,44,11,1,0,"(48, 72]",0.0,"(7, 30]",False,True
CUS0000683,58.0,67.37,2.56,688,16,58,0,0,"(48, 72]",0.03799910939587353,"(30, 60]",True,False
CUS0007385,71.0,48.67,8.218195789745577,718,161,33,1,0,"(48, 72]",0.1688554713323521,"(30, 60]",False,True
CUS0000036,64.0,109.01,4.65,548,49,33,2,0,"(48, 72]",0.04265663700577929,"(30, 60]",True,False
CUS0006986,53.0,44.8,6.91,251,59,27,5,0,"(48, 72]",0.15424107142857144,"(7, 30]",False,True
CUS0003262,28.0,66.15,7.21,845,191,23,1,1,"(24, 48]",0.10899470899470899,"(7, 30]",False,True
CUS0005934,70.0,17.18,4.15,239,29,34,1,0,"(48, 72]",0.24155995343422587,"(30, 60]",False,False
CUS0003125,64.0,87.94,18.79,964,58,16,3,0,"(48, 72]",0.21366841027973618,"(7, 30]",True,False
CUS0006211,7.0,87.56,19.17,250,13,5,0,0,"(6, 12]",0.2189355870260393,"(-1, 7]",True,False
CUS0001989,8.0,42.59,5.26,915,201,35,0,0,"(6, 12]",0.12350316975815918,"(30, 60]",False,True
CUS0000556,71.0,65.51,5.56,44,251,21,8,0,"(48, 72]",0.08487253854373376,"(7, 30]",False,True
CUS0001436,65.0,16.68,1.51,940,37,24,0,0,"(48, 72]",0.09052757793764989,"(7, 30]",False,False
CUS0005156,26.0,27.67,8.13,782,35,66,0,0,"(24, 48]",0.29382002168413446,,False,False
CUS0002221,61.0,22.88,0.0,770,88,55,0,0,"(48, 72]",0.0,"(30, 60]",False,False
CUS0003192,2.0,63.3,7.05,865,234,9,5,1,"(0, 6]",0.11137440758293839,"(7, 30]",False,True
CUS0005562,46.0,72.61,3.61,683,81,14,0,0,"(24, 48]",0.04971766974245972,"(7, 30]",True,False
CUS0001157,72.0,26.67,9.3,340,276,49,0,1,"(48, 72]",0.34870641169853767,"(30, 60]",False,False
CUS0003488,41.0,15.89,1.95,637,42,27,0,0,"(24, 48]",0.12271869100062932,"(7, 30]",False,False
CUS0005325,72.0,50.21,20.75,710,129,45,4,0,"(48, 72]",0.41326428998207526,"(30, 60]",False,True
CUS0003120,5.0,51.19,8.218195789745577,153,76,27,3,0,"(0, 6]",0.16054299257170496,"(7, 30]",False,True
CUS0000975,49.0,12.75,9.7,197,44,2,1,0,"(48, 72]",0.7607843137254902,"(-1, 7]",False,False
CUS0002219,16.0,60.52,15.99,376,208,4,1,0,"(12, 24]",0.26421017845340383,"(-1, 7]",False,True
CUS0006239,69.0,37.59,14.94,570,140,61,0,0,"(48, 72]",0.3974461292897047,,False,True
CUS0000935,69.0,11.51,10.95,336,48,9,0,0,"(48, 72]",0.9513466550825369,"(7, 30]",False,False
CUS0003567,17.0,27.44,0.0,650,13,6,1,1,"(12, 24]",0.0,"(-1, 7]",False,False
CUS0007438,58.0,18.36,21.23,37,98,1,0,0,"(48, 72]",1.156318082788671,"(-1, 7]",False,False
CUS0007140,20.0,52.07,8.71,716,257,5,1,0,"(12, 24]",0.16727482235452276,"(-1, 7]",False,True
CUS0006771,52.0,66.75,2.46,380,218,15,0,0,"(48, 72]",0.03685393258426966,"(7, 30]",False,True
CUS0001934,57.0,62.71,8.218195789745577,876,104,9,0,0,"(48, 72]",0.13105080194140611,"(7, 30]",False,True
CUS0007906,49.0,117.31,13.57,887,230,15,1,0,"(48, 72]",0.11567641292302447,"(7, 30]",True,False
CUS0003934,48.0,26.22,18.31,989,72,8,0,0,"(24, 48]",0.6983218916857361,"(7, 30]",False,False
CUS0007114,28.0,23.72,3.41,982,7,15,0,0,"(24, 48]",0.14376053962900506,"(7, 30]",False,False
CUS0007773,47.0,11.94,6.07,464,37,24,2,0,"(24, 48]",0.5083752093802345,"(7, 30]",False,False
CUS0005966,63.0,20.32,8.89,590,106,48,0,0,"(48, 72]",0.4375,"(30, 60]",False,False
CUS0006843,72.0,18.5,12.16,270,297,2,0,0,"(48, 72]",0.6572972972972974,"(-1, 7]",False,False
CUS0004671,45.0,27.21,0.0,706,248,7,5,0,"(24, 48]",0.0,"(-1, 7]",False,False
CUS0003360,52.0,16.94,21.43,944,207,31,3,1,"(48, 72]",1.2650531286894922,"(30, 60]",False,False
CUS0003695,70.0,111.86,3.42,230,29,66,1,0,"(48, 72]",0.03057393170033971,,True,False
CUS0007846,41.0,58.11,16.13,115,249,3,2,0,"(24, 48]",0.27757700912063327,"(-1, 7]",False,True
CUS0003600,49.0,16.12,0.0,715,277,14,2,0,"(48, 72]",0.0,"(7, 30]",False,False
CUS0007500,69.0,28.2,3.59,77,68,19,3,0,"(48, 72]",0.12730496453900708,"(7, 30]",False,False
CUS0006095,56.0,28.13,11.73,633,128,30,2,0,"(48, 72]",0.41699253466050484,"(7, 30]",False,False
CUS0006909,20.0,85.33,9.88,770,278,6,0,0,"(12, 24]",0.11578577288175321,"(-1, 7]",True,False
CUS0005843,46.0,20.89,7.91,814,100,31,1,0,"(24, 48]",0.37865007180469124,"(30, 60]",False,False
CUS0005615,38.0,94.1,5.26,40,78,55,0,0,"(24, 48]",0.05589798087141339,"(30, 60]",True,False
CUS0004368,49.0,65.23,19.5,299,233,2,0,0,"(48, 72]",0.2989422045071286,"(-1, 7]",False,True
CUS0006373,49.0,27.7,16.18,514,52,24,3,0,"(48, 72]",0.584115523465704,"(7, 30]",False,False
CUS0000593,1.0,67.18,9.53,575,276,45,3,1,"(0, 6]",0.14185769574278057,"(30, 60]",False,True
CUS0005054,69.0,44.27,14.17,471,97,57,0,0,"(48, 72]",0.3200813191777727,"(30, 60]",False,True
CUS0000115,37.0,11.09,9.48,935,113,39,1,0,"(24, 48]",0.854824165915239,"(30, 60]",False,False
CUS0001596,49.0,20.84,7.37,51,299,21,4,1,"(48, 72]",0.3536468330134357,"(7, 30]",False,False
CUS0000468,9.0,13.59,5.47,650,4,4,6,1,"(6, 12]",0.4025018395879323,"(-1, 7]",False,False
CUS0007243,66.0,77.1,8.58,315,9,23,0,0,"(48, 72]",0.11128404669260701,"(7, 30]",True,False
CUS0007903,15.0,114.1,1.2,912,21,18,0,0,"(12, 24]",0.010517090271691499,"(7, 30]",True,False
CUS0007727,51.0,21.76,17.15,39,228,26,1,0,"(48, 72]",0.788143382352941,"(7, 30]",False,False
CUS0002291,61.0,22.76,11.76,369,6,21,0,0,"(48, 72]",0.5166959578207381,"(7, 30]",False,False
CUS0005698,2.0,18.04,0.0,657,280,24,0,1,"(0, 6]",0.0,"(7, 30]",False,False
CUS0005033,62.0,20.33,0.0,383,133,58,2,0,"(48, 72]",0.0,"(30, 60]",False,False
CUS0001396,67.0,119.33,3.85,665,41,24,0,0,"(48, 72]",0.03226347104667728,"(7, 30]",True,False
CUS0005188,51.0,14.15,0.0,664,214,23,0,0,"(48, 72]",0.0,"(7, 30]",False,False
CUS0006560,70.0,24.59,9.67,608,248,38,1,0,"(48, 72]",0.39324928832858885,"(30, 60]",False,False
CUS0006281,54.0,12.71,0.26,775,28,26,1,0,"(48, 72]",0.02045633359559402,"(7, 30]",False,False
CUS0002587,69.0,68.39,8.0,226,246,25,3,0,"(48, 72]",0.11697616610615587,"(7, 30]",False,True
CUS0006880,19.0,10.37,13.67,692,224,4,0,0,"(12, 24]",1.3182256509161043,"(-1, 7]",False,False
CUS0004983,18.0,53.14,9.95,764,107,9,2,1,"(12, 24]",0.18724124952954457,"(7, 30]",False,True
CUS0004011,46.0,52.64,10.99,96,124,34,0,0,"(24, 48]",0.20877659574468085,"(30, 60]",False,True
CUS0007181,24.0,36.19,2.6,1,249,6,0,0,"(12, 24]",0.07184305056645483,"(-1, 7]",False,True
CUS0004654,14.0,104.56,9.77,694,199,32,3,0,"(12, 24]",0.09343917368018362,"(30, 60]",True,False
CUS0007197,10.0,19.2,8.218195789745577,987,170,33,0,0,"(6, 12]",0.4280310307159155,"(30, 60]",False,False
CUS0002042,6.0,28.98,8.218195789745577,374,220,17,0,0,"(0, 6]",0.2835816352569212,"(7, 30]",False,False
CUS0007812,51.0,110.27,0.0,7,213,36,0,0,"(48, 72]",0.0,"(30, 60]",True,False
CUS0003061,16.0,46.23,4.22,98,200,29,1,1,"(12, 24]",0.09128271685052997,"(7, 30]",False,True
CUS0005224,45.0,35.63,6.55,77,198,49,2,0,"(24, 48]",0.18383384788099913,"(30, 60]",False,True
CUS0000167,10.0,29.07,12.61,235,284,25,0,0,"(6, 12]",0.4337805297557619,"(7, 30]",False,False
CUS0003050,15.0,23.62,0.0,964,43,44,0,1,"(12, 24]",0.0,"(30, 60]",False,False
CUS0007446,25.0,11.04,10.03,263,271,59,7,1,"(24, 48]",0.9085144927536232,"(30, 60]",False,False
CUS0007461,62.0,16.46,0.0,969,262,12,0,0,"(48, 72]",0.0,"(7, 30]",False,False
CUS0004964,37.0,55.52662624177525,18.88,24,113,27,0,0,"(24, 48]",0.34001705628201306,"(7, 30]",True,False
CUS0005823,11.0,13.15,6.59,204,50,59,1,0,"(6, 12]",0.5011406844106464,"(30, 60]",False,False
CUS0003188,60.0,22.15,4.74,473,131,49,2,0,"(48, 72]",0.2139954853273138,"(30, 60]",False,False
CUS0007241,15.0,20.22,2.21,165,107,26,1,0,"(12, 24]",0.109297725024728,"(7, 30]",False,False
CUS0005946,72.0,58.91,5.82,159,112,69,0,0,"(48, 72]",0.09879477168562215,,False,True
CUS0003142,42.0,31.98,13.78,588,284,21,4,0,"(24, 48]",0.4308943089430894,"(7, 30]",False,True
CUS0001888,63.0,117.15,13.21,135,117,19,0,0,"(48, 72]",0.1127614169867691,"(7, 30]",True,False
CUS0001261,57.0,66.93,5.86,228,175,35,1,0,"(48, 72]",0.087554161063798,"(30, 60]",True,False
CUS0002962,1.0,16.15,9.14,293,245,33,8,1,"(0, 6]",0.5659442724458206,"(30, 60]",False,False
CUS0005457,24.0,20.38,11.43,832,49,20,0,0,"(12, 24]",0.5608439646712463,"(7, 30]",False,False
CUS0006648,28.0,14.0,8.218195789745577,487,155,14,0,0,"(24, 48]",0.5870139849818269,"(7, 30]",False,False
CUS0000774,14.0,27.87,13.28,633,219,46,0,0,"(12, 24]",0.4764980265518478,"(30, 60]",False,False
CUS0002312,68.0,42.12,18.42,765,261,51,3,0,"(48, 72]",0.4373219373219374,"(30, 60]",False,True
CUS0003514,70.0,44.95,0.0,459,164,21,2,1,"(48, 72]",0.0,"(7, 30]",False,True
CUS0003464,67.0,82.75,15.27,878,28,22,1,0,"(48, 72]",0.18453172205438065,"(7, 30]",True,False
CUS0001654,67.0,27.46,12.99,28,48,8,1,0,"(48, 72]",0.4730517115804807,"(7, 30]",False,False
CUS0007601,39.0,10.51,9.9,769,167,9,3,0,"(24, 48]",0.9419600380589915,"(7, 30]",False,False
CUS0003806,41.0,23.45,16.53,39,216,3,0,0,"(24, 48]",0.7049040511727079,"(-1, 7]",False,False
CUS0005545,49.0,20.7,3.41,14,137,31,1,0,"(48, 72]",0.1647342995169082,"(30, 60]",False,False
CUS0003441,56.0,18.95,0.0,874,208,23,8,1,"(48, 72]",0.0,"(7, 30]",False,False
CUS0004474,15.0,28.28,0.6,932,230,4,0,1,"(12, 24]",0.021216407355021213,"(-1, 7]",False,False
CUS0004816,67.0,17.38,4.05,138,121,10,5,0,"(48, 72]",0.2330264672036824,"(7, 30]",False,False
CUS0002872,21.0,26.58,5.49,361,99,7,1,0,"(12, 24]",0.20654627539503387,"(-1, 7]",False,False
CUS0005703,60.0,101.58,7.51,647,258,71,6,1,"(48, 72]",0.07393187635361291,,True,False
CUS0006289,32.0,16.01,4.81,269,192,26,0,0,"(24, 48]",0.30043722673329165,"(7, 30]",False,False
CUS0007994,23.0,12.56,4.83,70,221,29,1,0,"(12, 24]",0.38455414012738853,"(7, 30]",False,False
CUS0003009,22.0,68.73,0.0,415,13,23,0,0,"(12, 24]",0.0,"(7, 30]",False,True
CUS0002168,61.0,62.49,8.22,601,58,27,1,0,"(48, 72]",0.1315410465674508,"(7, 30]",False,True
CUS0003509,48.0,25.8,11.34,507,298,66,3,0,"(24, 48]",0.4395348837209302,,False,False
CUS0005479,71.0,67.32,5.81,195,58,7,0,0,"(48, 72]",0.08630421865715984,"(-1, 7]",True,False
CUS0000636,60.0,54.92,0.0,42,37,8,0,0,"(48, 72]",0.0,"(7, 30]",False,True
CUS0002106,65.0,19.47,16.23,243,214,17,0,0,"(48, 72]",0.8335901386748845,"(7, 30]",False,False
